{"obj": {"type": "AssignString", "path": ["sys", "description"], "value": ""}, "version": 1, "at": 1724634017.4305959}
{"obj": {"type": "AssignString", "path": ["monitoring", "a9a755a4", "hostname"], "value": "LAPTOP-IESB2RHE"}, "version": 2, "at": 1724634017.4305959}
{"obj": {"type": "AssignString", "path": ["sys", "hostname"], "value": "LAPTOP-IESB2RHE"}, "version": 3, "at": 1724634017.4305959}
{"obj": {"type": "AssignString", "path": ["monitoring", "a9a755a4", "pid"], "value": "29712"}, "version": 4, "at": 1724634017.4305959}
{"obj": {"type": "AssignString", "path": ["monitoring", "a9a755a4", "tid"], "value": "33680"}, "version": 5, "at": 1724634017.4305959}
{"obj": {"type": "AssignBool", "path": ["sys", "failed"], "value": false}, "version": 6, "at": 1724634017.4305959}
{"obj": {"type": "ClearStringLog", "path": ["monitoring", "a9a755a4", "stdout"]}, "version": 7, "at": 1724634017.4305959}
{"obj": {"type": "ClearStringLog", "path": ["monitoring", "a9a755a4", "stderr"]}, "version": 8, "at": 1724634017.4305959}
{"obj": {"type": "AssignString", "path": ["source_code", "entrypoint"], "value": "train_dqn.py"}, "version": 9, "at": 1724634017.4315972}
{"obj": {"type": "UploadFileSet", "path": ["source_code", "files"], "file_globs": ["C:\\Users\\tkamy\\OneDrive\\Bureau\\DQN\\PFE-Efficient-tracking-and-collision-avoidance-system-in-UAV\\RL\\apps\\train_dqn.py"], "reset": "False"}, "version": 10, "at": 1724634017.4315972}
{"obj": {"type": "UploadFile", "path": ["source_code", "diff"], "ext": "patch", "file_path": null, "tmp_file_name": "source_code_diff-1724634017.702755-2024-08-26_02.00.17.702755.patch", "clean_after_upload": false}, "version": 11, "at": 1724634017.7120137}
{"obj": {"type": "UploadFile", "path": ["source_code", "upstream_diff_136a0236adf7d7e7670174d4eec7e9b7ec053bff"], "ext": "patch", "file_path": null, "tmp_file_name": "source_code_upstream_diff_136a0236adf7d7e7670174d4eec7e9b7ec053bff-1724634017.712013-2024-08-26_02.00.17.712013.patch", "clean_after_upload": false}, "version": 12, "at": 1724634017.714544}
{"obj": {"type": "ConfigFloatSeries", "path": ["monitoring", "a9a755a4", "cpu"], "min": 0.0, "max": 100.0, "unit": "%"}, "version": 13, "at": 1724634017.7645638}
{"obj": {"type": "ClearFloatLog", "path": ["monitoring", "a9a755a4", "cpu"]}, "version": 14, "at": 1724634017.7645638}
{"obj": {"type": "ConfigFloatSeries", "path": ["monitoring", "a9a755a4", "memory"], "min": 0.0, "max": 15.648944854736328, "unit": "GB"}, "version": 15, "at": 1724634017.7645638}
{"obj": {"type": "ClearFloatLog", "path": ["monitoring", "a9a755a4", "memory"]}, "version": 16, "at": 1724634017.7645638}
{"obj": {"type": "ConfigFloatSeries", "path": ["monitoring", "a9a755a4", "gpu"], "min": 0.0, "max": 100.0, "unit": "%"}, "version": 17, "at": 1724634017.7645638}
{"obj": {"type": "ClearFloatLog", "path": ["monitoring", "a9a755a4", "gpu"]}, "version": 18, "at": 1724634017.7645638}
{"obj": {"type": "ConfigFloatSeries", "path": ["monitoring", "a9a755a4", "gpu_memory"], "min": 0.0, "max": 6.0, "unit": "GB"}, "version": 19, "at": 1724634017.7645638}
{"obj": {"type": "ClearFloatLog", "path": ["monitoring", "a9a755a4", "gpu_memory"]}, "version": 20, "at": 1724634017.7645638}
{"obj": {"type": "ConfigFloatSeries", "path": ["monitoring", "a9a755a4", "gpu_power"], "min": 0.0, "max": 67, "unit": "W"}, "version": 21, "at": 1724634017.7645638}
{"obj": {"type": "ClearFloatLog", "path": ["monitoring", "a9a755a4", "gpu_power"]}, "version": 22, "at": 1724634017.7645638}
{"obj": {"type": "LogFloats", "path": ["monitoring", "a9a755a4", "memory"], "values": [{"value": 12.732952117919922, "step": null, "ts": 1724634017.7655675}]}, "version": 23, "at": 1724634017.7745802}
{"obj": {"type": "LogFloats", "path": ["monitoring", "a9a755a4", "gpu_memory"], "values": [{"value": 1.1751136779785156, "step": null, "ts": 1724634017.7655675}]}, "version": 24, "at": 1724634017.7757645}
{"obj": {"type": "LogFloats", "path": ["monitoring", "a9a755a4", "gpu_power"], "values": [{"value": 8.104, "step": null, "ts": 1724634017.7655675}]}, "version": 25, "at": 1724634017.7757645}
{"obj": {"type": "LogStrings", "path": ["monitoring", "a9a755a4", "stdout"], "values": [{"value": "Connected!", "step": null, "ts": 1724634017.7765906}]}, "version": 26, "at": 1724634017.7765906}
{"obj": {"type": "LogStrings", "path": ["monitoring", "a9a755a4", "stdout"], "values": [{"value": "\n", "step": null, "ts": 1724634017.7765906}]}, "version": 27, "at": 1724634017.7765906}
{"obj": {"type": "LogStrings", "path": ["monitoring", "a9a755a4", "stdout"], "values": [{"value": "Client Ver:1 (Min Req: 1), Server Ver:1 (Min Req: 1)", "step": null, "ts": 1724634017.7775893}]}, "version": 28, "at": 1724634017.7775893}
{"obj": {"type": "LogStrings", "path": ["monitoring", "a9a755a4", "stdout"], "values": [{"value": "\n", "step": null, "ts": 1724634017.7775893}]}, "version": 29, "at": 1724634017.7775893}
{"obj": {"type": "LogStrings", "path": ["monitoring", "a9a755a4", "stdout"], "values": [{"value": "", "step": null, "ts": 1724634017.7775893}]}, "version": 30, "at": 1724634017.7775893}
{"obj": {"type": "LogStrings", "path": ["monitoring", "a9a755a4", "stdout"], "values": [{"value": "\n", "step": null, "ts": 1724634017.7775893}]}, "version": 31, "at": 1724634017.7775893}
{"obj": {"type": "LogStrings", "path": ["monitoring", "a9a755a4", "stdout"], "values": [{"value": "Drone2 is set !", "step": null, "ts": 1724634017.7785888}]}, "version": 32, "at": 1724634017.7785888}
{"obj": {"type": "LogStrings", "path": ["monitoring", "a9a755a4", "stdout"], "values": [{"value": "\n", "step": null, "ts": 1724634017.7785888}]}, "version": 33, "at": 1724634017.7785888}
{"obj": {"type": "LogStrings", "path": ["monitoring", "a9a755a4", "stdout"], "values": [{"value": "Connected!", "step": null, "ts": 1724634017.7825909}]}, "version": 34, "at": 1724634017.7825909}
{"obj": {"type": "LogStrings", "path": ["monitoring", "a9a755a4", "stdout"], "values": [{"value": "\n", "step": null, "ts": 1724634017.7825909}]}, "version": 35, "at": 1724634017.7825909}
{"obj": {"type": "LogStrings", "path": ["monitoring", "a9a755a4", "stdout"], "values": [{"value": "Client Ver:1 (Min Req: 1), Server Ver:1 (Min Req: 1)", "step": null, "ts": 1724634017.7825909}]}, "version": 36, "at": 1724634017.7825909}
{"obj": {"type": "LogStrings", "path": ["monitoring", "a9a755a4", "stdout"], "values": [{"value": "\n", "step": null, "ts": 1724634017.7835917}]}, "version": 37, "at": 1724634017.7835917}
{"obj": {"type": "LogStrings", "path": ["monitoring", "a9a755a4", "stdout"], "values": [{"value": "", "step": null, "ts": 1724634017.7835917}]}, "version": 38, "at": 1724634017.7835917}
{"obj": {"type": "LogStrings", "path": ["monitoring", "a9a755a4", "stdout"], "values": [{"value": "\n", "step": null, "ts": 1724634017.7835917}]}, "version": 39, "at": 1724634017.7835917}
{"obj": {"type": "LogStrings", "path": ["monitoring", "a9a755a4", "stdout"], "values": [{"value": "Drone1 is set !", "step": null, "ts": 1724634017.784612}]}, "version": 40, "at": 1724634017.784612}
{"obj": {"type": "LogStrings", "path": ["monitoring", "a9a755a4", "stdout"], "values": [{"value": "\n", "step": null, "ts": 1724634017.7856195}]}, "version": 41, "at": 1724634017.7856195}
{"obj": {"type": "LogStrings", "path": ["monitoring", "a9a755a4", "stdout"], "values": [{"value": "[14.671419143676758, 15.21131420135498, 15.21131420135498, 15.21131420135498, 12.708642959594727, 15.21131420135498, 15.21131420135498, 15.21131420135498, 15.21131420135498]", "step": null, "ts": 1724634017.7896225}]}, "version": 42, "at": 1724634017.7896225}
{"obj": {"type": "LogStrings", "path": ["monitoring", "a9a755a4", "stdout"], "values": [{"value": "\n", "step": null, "ts": 1724634017.7906215}]}, "version": 43, "at": 1724634017.7906215}
{"obj": {"type": "LogStrings", "path": ["monitoring", "a9a755a4", "stdout"], "values": [{"value": "Found 1 cylinders in image", "step": null, "ts": 1724634018.3825877}]}, "version": 44, "at": 1724634018.3825877}
{"obj": {"type": "LogStrings", "path": ["monitoring", "a9a755a4", "stdout"], "values": [{"value": "\n", "step": null, "ts": 1724634018.3856487}]}, "version": 45, "at": 1724634018.3856487}
{"obj": {"type": "LogStrings", "path": ["monitoring", "a9a755a4", "stdout"], "values": [{"value": "Found 1 cylinders in image", "step": null, "ts": 1724634019.059465}]}, "version": 46, "at": 1724634019.059465}
{"obj": {"type": "LogStrings", "path": ["monitoring", "a9a755a4", "stdout"], "values": [{"value": "\n", "step": null, "ts": 1724634019.0614204}]}, "version": 47, "at": 1724634019.0614204}
{"obj": {"type": "LogStrings", "path": ["monitoring", "a9a755a4", "stdout"], "values": [{"value": "episode ", "step": null, "ts": 1724634019.7376769}]}, "version": 48, "at": 1724634019.7376769}
{"obj": {"type": "LogStrings", "path": ["monitoring", "a9a755a4", "stdout"], "values": [{"value": " ", "step": null, "ts": 1724634019.7376769}]}, "version": 49, "at": 1724634019.7376769}
{"obj": {"type": "LogStrings", "path": ["monitoring", "a9a755a4", "stdout"], "values": [{"value": "0", "step": null, "ts": 1724634019.7376769}]}, "version": 50, "at": 1724634019.7376769}
{"obj": {"type": "LogStrings", "path": ["monitoring", "a9a755a4", "stdout"], "values": [{"value": "\n", "step": null, "ts": 1724634019.7386665}]}, "version": 51, "at": 1724634019.7386665}
{"obj": {"type": "LogStrings", "path": ["monitoring", "a9a755a4", "stdout"], "values": [{"value": "reset", "step": null, "ts": 1724634019.7386665}]}, "version": 52, "at": 1724634019.7386665}
{"obj": {"type": "LogStrings", "path": ["monitoring", "a9a755a4", "stdout"], "values": [{"value": "\n", "step": null, "ts": 1724634019.7386665}]}, "version": 53, "at": 1724634019.7386665}
{"obj": {"type": "LogStrings", "path": ["monitoring", "a9a755a4", "stdout"], "values": [{"value": "Found 1 cylinders in image", "step": null, "ts": 1724634020.7395597}]}, "version": 54, "at": 1724634020.7395597}
{"obj": {"type": "LogStrings", "path": ["monitoring", "a9a755a4", "stdout"], "values": [{"value": "\n", "step": null, "ts": 1724634020.7425628}]}, "version": 55, "at": 1724634020.7425628}
{"obj": {"type": "LogFloats", "path": ["monitoring", "a9a755a4", "cpu"], "values": [{"value": 12.0, "step": null, "ts": 1724634027.7856658}]}, "version": 56, "at": 1724634027.8025076}
{"obj": {"type": "LogFloats", "path": ["monitoring", "a9a755a4", "memory"], "values": [{"value": 12.855300903320312, "step": null, "ts": 1724634027.7856658}]}, "version": 57, "at": 1724634027.8025076}
{"obj": {"type": "LogFloats", "path": ["monitoring", "a9a755a4", "gpu"], "values": [{"value": 26.0, "step": null, "ts": 1724634027.7856658}]}, "version": 58, "at": 1724634027.8025076}
{"obj": {"type": "LogFloats", "path": ["monitoring", "a9a755a4", "gpu_memory"], "values": [{"value": 1.1766395568847656, "step": null, "ts": 1724634027.7856658}]}, "version": 59, "at": 1724634027.8025076}
{"obj": {"type": "LogFloats", "path": ["monitoring", "a9a755a4", "gpu_power"], "values": [{"value": 17.71, "step": null, "ts": 1724634027.7856658}]}, "version": 60, "at": 1724634027.8025076}
{"obj": {"type": "LogStrings", "path": ["monitoring", "a9a755a4", "stdout"], "values": [{"value": "Drone1 moved with speed vector [1, 0, 0] with duration 2", "step": null, "ts": 1724634029.6913278}]}, "version": 61, "at": 1724634029.6913278}
{"obj": {"type": "LogStrings", "path": ["monitoring", "a9a755a4", "stdout"], "values": [{"value": "\n", "step": null, "ts": 1724634029.6923316}]}, "version": 62, "at": 1724634029.6923316}
{"obj": {"type": "LogStrings", "path": ["monitoring", "a9a755a4", "stdout"], "values": [{"value": "before threads ", "step": null, "ts": 1724634029.6923316}]}, "version": 63, "at": 1724634029.6923316}
{"obj": {"type": "LogStrings", "path": ["monitoring", "a9a755a4", "stdout"], "values": [{"value": " ", "step": null, "ts": 1724634029.6923316}]}, "version": 64, "at": 1724634029.6923316}
{"obj": {"type": "LogStrings", "path": ["monitoring", "a9a755a4", "stdout"], "values": [{"value": "0", "step": null, "ts": 1724634029.6923316}]}, "version": 65, "at": 1724634029.6923316}
{"obj": {"type": "LogStrings", "path": ["monitoring", "a9a755a4", "stdout"], "values": [{"value": "\n", "step": null, "ts": 1724634029.6938436}]}, "version": 66, "at": 1724634029.6938436}
{"obj": {"type": "LogStrings", "path": ["monitoring", "a9a755a4", "stdout"], "values": [{"value": "drone 2 ", "step": null, "ts": 1724634029.6953816}]}, "version": 67, "at": 1724634029.6953816}
{"obj": {"type": "LogStrings", "path": ["monitoring", "a9a755a4", "stdout"], "values": [{"value": " ", "step": null, "ts": 1724634029.6973903}]}, "version": 68, "at": 1724634029.6973903}
{"obj": {"type": "LogStrings", "path": ["monitoring", "a9a755a4", "stdout"], "values": [{"value": "(3, 0, 0)", "step": null, "ts": 1724634029.6983912}]}, "version": 69, "at": 1724634029.6983912}
{"obj": {"type": "LogStrings", "path": ["monitoring", "a9a755a4", "stdout"], "values": [{"value": "\n", "step": null, "ts": 1724634029.699389}]}, "version": 70, "at": 1724634029.699389}
{"obj": {"type": "LogStrings", "path": ["monitoring", "a9a755a4", "stdout"], "values": [{"value": "action ", "step": null, "ts": 1724634029.699389}]}, "version": 71, "at": 1724634029.699389}
{"obj": {"type": "LogStrings", "path": ["monitoring", "a9a755a4", "stdout"], "values": [{"value": " ", "step": null, "ts": 1724634029.699389}]}, "version": 72, "at": 1724634029.699389}
{"obj": {"type": "LogStrings", "path": ["monitoring", "a9a755a4", "stdout"], "values": [{"value": "195", "step": null, "ts": 1724634029.699389}]}, "version": 73, "at": 1724634029.699389}
{"obj": {"type": "LogStrings", "path": ["monitoring", "a9a755a4", "stdout"], "values": [{"value": "\n", "step": null, "ts": 1724634029.699389}]}, "version": 74, "at": 1724634029.699389}
{"obj": {"type": "LogStrings", "path": ["monitoring", "a9a755a4", "stdout"], "values": [{"value": "Found 1 cylinders in image", "step": null, "ts": 1724634029.8201978}]}, "version": 75, "at": 1724634029.8201978}
{"obj": {"type": "LogStrings", "path": ["monitoring", "a9a755a4", "stdout"], "values": [{"value": "\n", "step": null, "ts": 1724634029.8242657}]}, "version": 76, "at": 1724634029.8242657}
{"obj": {"type": "LogStrings", "path": ["monitoring", "a9a755a4", "stdout"], "values": [{"value": "quad_offset = ", "step": null, "ts": 1724634029.8282893}]}, "version": 77, "at": 1724634029.8282893}
{"obj": {"type": "LogStrings", "path": ["monitoring", "a9a755a4", "stdout"], "values": [{"value": " ", "step": null, "ts": 1724634029.8292882}]}, "version": 78, "at": 1724634029.8292882}
{"obj": {"type": "LogStrings", "path": ["monitoring", "a9a755a4", "stdout"], "values": [{"value": "[3.0, 3.333333333333335, 2]", "step": null, "ts": 1724634029.8292882}]}, "version": 79, "at": 1724634029.8292882}
{"obj": {"type": "LogStrings", "path": ["monitoring", "a9a755a4", "stdout"], "values": [{"value": "\n", "step": null, "ts": 1724634029.8302915}]}, "version": 80, "at": 1724634029.8302915}
{"obj": {"type": "LogStrings", "path": ["monitoring", "a9a755a4", "stdout"], "values": [{"value": "a_vp = ", "step": null, "ts": 1724634029.8302915}]}, "version": 81, "at": 1724634029.8302915}
{"obj": {"type": "LogStrings", "path": ["monitoring", "a9a755a4", "stdout"], "values": [{"value": " ", "step": null, "ts": 1724634029.8312895}]}, "version": 82, "at": 1724634029.8312895}
{"obj": {"type": "LogStrings", "path": ["monitoring", "a9a755a4", "stdout"], "values": [{"value": "50.74233927331094", "step": null, "ts": 1724634029.8312895}]}, "version": 83, "at": 1724634029.8312895}
{"obj": {"type": "LogStrings", "path": ["monitoring", "a9a755a4", "stdout"], "values": [{"value": "\n", "step": null, "ts": 1724634029.8312895}]}, "version": 84, "at": 1724634029.8312895}
{"obj": {"type": "LogStrings", "path": ["monitoring", "a9a755a4", "stdout"], "values": [{"value": "new_x = ", "step": null, "ts": 1724634029.8312895}]}, "version": 85, "at": 1724634029.8312895}
{"obj": {"type": "LogStrings", "path": ["monitoring", "a9a755a4", "stdout"], "values": [{"value": " ", "step": null, "ts": 1724634029.8312895}]}, "version": 86, "at": 1724634029.8312895}
{"obj": {"type": "LogStrings", "path": ["monitoring", "a9a755a4", "stdout"], "values": [{"value": "-0.039791884397113654", "step": null, "ts": 1724634029.8312895}]}, "version": 87, "at": 1724634029.8312895}
{"obj": {"type": "LogStrings", "path": ["monitoring", "a9a755a4", "stdout"], "values": [{"value": "\n", "step": null, "ts": 1724634029.8312895}]}, "version": 88, "at": 1724634029.8312895}
{"obj": {"type": "LogStrings", "path": ["monitoring", "a9a755a4", "stdout"], "values": [{"value": "new_y = ", "step": null, "ts": 1724634029.8312895}]}, "version": 89, "at": 1724634029.8312895}
{"obj": {"type": "LogStrings", "path": ["monitoring", "a9a755a4", "stdout"], "values": [{"value": " ", "step": null, "ts": 1724634029.8322954}]}, "version": 90, "at": 1724634029.8322954}
{"obj": {"type": "LogStrings", "path": ["monitoring", "a9a755a4", "stdout"], "values": [{"value": "-0.007724619693438308", "step": null, "ts": 1724634029.8322954}]}, "version": 91, "at": 1724634029.8322954}
{"obj": {"type": "LogStrings", "path": ["monitoring", "a9a755a4", "stdout"], "values": [{"value": "\n", "step": null, "ts": 1724634029.8322954}]}, "version": 92, "at": 1724634029.8322954}
{"obj": {"type": "LogStrings", "path": ["monitoring", "a9a755a4", "stdout"], "values": [{"value": "Drone2 moved with speed vector [3, 0, 0] with duration 2", "step": null, "ts": 1724634031.757779}]}, "version": 93, "at": 1724634031.757779}
{"obj": {"type": "LogStrings", "path": ["monitoring", "a9a755a4", "stdout"], "values": [{"value": "\n", "step": null, "ts": 1724634031.757779}]}, "version": 94, "at": 1724634031.757779}
{"obj": {"type": "LogStrings", "path": ["monitoring", "a9a755a4", "stdout"], "values": [{"value": "drone 2 ", "step": null, "ts": 1724634031.7587855}]}, "version": 95, "at": 1724634031.7587855}
{"obj": {"type": "LogStrings", "path": ["monitoring", "a9a755a4", "stdout"], "values": [{"value": " ", "step": null, "ts": 1724634031.7597811}]}, "version": 96, "at": 1724634031.7597811}
{"obj": {"type": "LogStrings", "path": ["monitoring", "a9a755a4", "stdout"], "values": [{"value": "(3, 2, 0)", "step": null, "ts": 1724634031.7597811}]}, "version": 97, "at": 1724634031.7597811}
{"obj": {"type": "LogStrings", "path": ["monitoring", "a9a755a4", "stdout"], "values": [{"value": "\n", "step": null, "ts": 1724634031.7597811}]}, "version": 98, "at": 1724634031.7597811}
{"obj": {"type": "LogStrings", "path": ["monitoring", "a9a755a4", "stdout"], "values": [{"value": "Drone1 moved with speed vector [-2.019133298402709, -0.39196527324174574, 0] with duration 2", "step": null, "ts": 1724634031.895411}]}, "version": 99, "at": 1724634031.895411}
{"obj": {"type": "LogStrings", "path": ["monitoring", "a9a755a4", "stdout"], "values": [{"value": "\n", "step": null, "ts": 1724634031.895411}]}, "version": 100, "at": 1724634031.895411}
{"obj": {"type": "LogStrings", "path": ["monitoring", "a9a755a4", "stdout"], "values": [{"value": "Collision detected for drone Drone1", "step": null, "ts": 1724634031.8964174}]}, "version": 101, "at": 1724634031.8964174}
{"obj": {"type": "LogStrings", "path": ["monitoring", "a9a755a4", "stdout"], "values": [{"value": "\n", "step": null, "ts": 1724634031.8964174}]}, "version": 102, "at": 1724634031.8964174}
{"obj": {"type": "LogStrings", "path": ["monitoring", "a9a755a4", "stdout"], "values": [{"value": "Nom de l'objet: beam_metal_window_divider_4x1129", "step": null, "ts": 1724634031.8964174}]}, "version": 103, "at": 1724634031.8964174}
{"obj": {"type": "LogStrings", "path": ["monitoring", "a9a755a4", "stdout"], "values": [{"value": "\n", "step": null, "ts": 1724634031.8974214}]}, "version": 104, "at": 1724634031.8974214}
{"obj": {"type": "LogStrings", "path": ["monitoring", "a9a755a4", "stdout"], "values": [{"value": "rc=-50 , rfov=0 , rd=1.0001074429706496 , rdir = 0.10088029861450197 , robs= 0 , r_v=0 , r_ang= -1.0569399741341234", "step": null, "ts": 1724634031.8994186}]}, "version": 105, "at": 1724634031.8994186}
{"obj": {"type": "LogStrings", "path": ["monitoring", "a9a755a4", "stdout"], "values": [{"value": "\n", "step": null, "ts": 1724634031.8994186}]}, "version": 106, "at": 1724634031.8994186}
{"obj": {"type": "LogStrings", "path": ["monitoring", "a9a755a4", "stdout"], "values": [{"value": "next state ", "step": null, "ts": 1724634031.8994186}]}, "version": 107, "at": 1724634031.8994186}
{"obj": {"type": "LogStrings", "path": ["monitoring", "a9a755a4", "stdout"], "values": [{"value": " ", "step": null, "ts": 1724634031.8994186}]}, "version": 108, "at": 1724634031.8994186}
{"obj": {"type": "LogStrings", "path": ["monitoring", "a9a755a4", "stdout"], "values": [{"value": "[1.249519312599053e-05, 4.9404558959930565e-17, -0.03535073200861613, 0.0, 0.0, 0.0016207172224919002, 0.10661743349251636, 0.10715464834576387, 0.00078125, 0.0012168230245142807, 0.000781249962747097, 0.0013950416188181184, 0.000781249962747097, 0.0013950416188181184, 15.044014930725098, 15.044014930725098, 15.044014930725098, 15.044014930725098, 15.044014930725098, 15.044014930725098, 15.044014930725098, 15.129146575927734, 15.129146575927734]", "step": null, "ts": 1724634031.9004178}]}, "version": 109, "at": 1724634031.9004178}
{"obj": {"type": "LogStrings", "path": ["monitoring", "a9a755a4", "stdout"], "values": [{"value": "\n", "step": null, "ts": 1724634031.9004178}]}, "version": 110, "at": 1724634031.9004178}
{"obj": {"type": "LogStrings", "path": ["monitoring", "a9a755a4", "stdout"], "values": [{"value": "Drone2 moved with speed vector [3, 2, 0] with duration 2", "step": null, "ts": 1724634033.8337786}]}, "version": 111, "at": 1724634033.8337786}
{"obj": {"type": "LogStrings", "path": ["monitoring", "a9a755a4", "stdout"], "values": [{"value": "\n", "step": null, "ts": 1724634033.8337786}]}, "version": 112, "at": 1724634033.8337786}
{"obj": {"type": "LogStrings", "path": ["monitoring", "a9a755a4", "stdout"], "values": [{"value": "drone 2 ", "step": null, "ts": 1724634033.8342824}]}, "version": 113, "at": 1724634033.8342824}
{"obj": {"type": "LogStrings", "path": ["monitoring", "a9a755a4", "stdout"], "values": [{"value": " ", "step": null, "ts": 1724634033.8342824}]}, "version": 114, "at": 1724634033.8342824}
{"obj": {"type": "LogStrings", "path": ["monitoring", "a9a755a4", "stdout"], "values": [{"value": "(6, 0, 0)", "step": null, "ts": 1724634033.8342824}]}, "version": 115, "at": 1724634033.8342824}
{"obj": {"type": "LogStrings", "path": ["monitoring", "a9a755a4", "stdout"], "values": [{"value": "\n", "step": null, "ts": 1724634033.8352878}]}, "version": 116, "at": 1724634033.8352878}
{"obj": {"type": "LogStrings", "path": ["monitoring", "a9a755a4", "stdout"], "values": [{"value": "Drone2 moved with speed vector [6, 0, 0] with duration 2", "step": null, "ts": 1724634035.8886368}]}, "version": 117, "at": 1724634035.8886368}
{"obj": {"type": "LogStrings", "path": ["monitoring", "a9a755a4", "stdout"], "values": [{"value": "\n", "step": null, "ts": 1724634035.889633}]}, "version": 118, "at": 1724634035.889633}
{"obj": {"type": "LogStrings", "path": ["monitoring", "a9a755a4", "stdout"], "values": [{"value": "drone 2 ", "step": null, "ts": 1724634035.8907235}]}, "version": 119, "at": 1724634035.8907235}
{"obj": {"type": "LogStrings", "path": ["monitoring", "a9a755a4", "stdout"], "values": [{"value": " ", "step": null, "ts": 1724634035.8907235}]}, "version": 120, "at": 1724634035.8907235}
{"obj": {"type": "LogStrings", "path": ["monitoring", "a9a755a4", "stdout"], "values": [{"value": "(6, -4, 0)", "step": null, "ts": 1724634035.8916335}]}, "version": 121, "at": 1724634035.8916335}
{"obj": {"type": "LogStrings", "path": ["monitoring", "a9a755a4", "stdout"], "values": [{"value": "\n", "step": null, "ts": 1724634035.8926325}]}, "version": 122, "at": 1724634035.8926325}
{"obj": {"type": "LogFloats", "path": ["monitoring", "a9a755a4", "cpu"], "values": [{"value": 16.4, "step": null, "ts": 1724634037.80351}]}, "version": 123, "at": 1724634037.8284564}
{"obj": {"type": "LogFloats", "path": ["monitoring", "a9a755a4", "memory"], "values": [{"value": 12.816879272460938, "step": null, "ts": 1724634037.80351}]}, "version": 124, "at": 1724634037.8294542}
{"obj": {"type": "LogFloats", "path": ["monitoring", "a9a755a4", "gpu"], "values": [{"value": 7.0, "step": null, "ts": 1724634037.80351}]}, "version": 125, "at": 1724634037.8294542}
{"obj": {"type": "LogFloats", "path": ["monitoring", "a9a755a4", "gpu_memory"], "values": [{"value": 1.1741981506347656, "step": null, "ts": 1724634037.80351}]}, "version": 126, "at": 1724634037.8294542}
{"obj": {"type": "LogFloats", "path": ["monitoring", "a9a755a4", "gpu_power"], "values": [{"value": 5.376, "step": null, "ts": 1724634037.80351}]}, "version": 127, "at": 1724634037.8294542}
{"obj": {"type": "LogStrings", "path": ["monitoring", "a9a755a4", "stdout"], "values": [{"value": "Drone2 moved with speed vector [6, -4, 0] with duration 2", "step": null, "ts": 1724634037.9252892}]}, "version": 128, "at": 1724634037.9252892}
{"obj": {"type": "LogStrings", "path": ["monitoring", "a9a755a4", "stdout"], "values": [{"value": "\n", "step": null, "ts": 1724634037.9272954}]}, "version": 129, "at": 1724634037.9272954}
{"obj": {"type": "LogStrings", "path": ["monitoring", "a9a755a4", "stdout"], "values": [{"value": "drone 2 ", "step": null, "ts": 1724634037.9282937}]}, "version": 130, "at": 1724634037.9282937}
{"obj": {"type": "LogStrings", "path": ["monitoring", "a9a755a4", "stdout"], "values": [{"value": " ", "step": null, "ts": 1724634037.9292855}]}, "version": 131, "at": 1724634037.9292855}
{"obj": {"type": "LogStrings", "path": ["monitoring", "a9a755a4", "stdout"], "values": [{"value": "(12, 0, 0)", "step": null, "ts": 1724634037.9292855}]}, "version": 132, "at": 1724634037.9292855}
{"obj": {"type": "LogStrings", "path": ["monitoring", "a9a755a4", "stdout"], "values": [{"value": "\n", "step": null, "ts": 1724634037.9292855}]}, "version": 133, "at": 1724634037.9292855}
{"obj": {"type": "LogStrings", "path": ["monitoring", "a9a755a4", "stdout"], "values": [{"value": "Drone2 moved with speed vector [12, 0, 0] with duration 2", "step": null, "ts": 1724634039.9481006}]}, "version": 134, "at": 1724634039.9481006}
{"obj": {"type": "LogStrings", "path": ["monitoring", "a9a755a4", "stdout"], "values": [{"value": "\n", "step": null, "ts": 1724634039.9481006}]}, "version": 135, "at": 1724634039.9481006}
{"obj": {"type": "LogStrings", "path": ["monitoring", "a9a755a4", "stdout"], "values": [{"value": "drone 2 ", "step": null, "ts": 1724634039.9481006}]}, "version": 136, "at": 1724634039.9481006}
{"obj": {"type": "LogStrings", "path": ["monitoring", "a9a755a4", "stdout"], "values": [{"value": " ", "step": null, "ts": 1724634039.9481006}]}, "version": 137, "at": 1724634039.949108}
{"obj": {"type": "LogStrings", "path": ["monitoring", "a9a755a4", "stdout"], "values": [{"value": "(3, 2, 0)", "step": null, "ts": 1724634039.949108}]}, "version": 138, "at": 1724634039.949108}
{"obj": {"type": "LogStrings", "path": ["monitoring", "a9a755a4", "stdout"], "values": [{"value": "\n", "step": null, "ts": 1724634039.9501112}]}, "version": 139, "at": 1724634039.9501112}
{"obj": {"type": "LogStrings", "path": ["monitoring", "a9a755a4", "stdout"], "values": [{"value": "Drone2 moved with speed vector [3, 2, 0] with duration 2", "step": null, "ts": 1724634041.9673018}]}, "version": 140, "at": 1724634041.9673018}
{"obj": {"type": "LogStrings", "path": ["monitoring", "a9a755a4", "stdout"], "values": [{"value": "\n", "step": null, "ts": 1724634041.9673018}]}, "version": 141, "at": 1724634041.9673018}
{"obj": {"type": "LogStrings", "path": ["monitoring", "a9a755a4", "stdout"], "values": [{"value": "drone 2 ", "step": null, "ts": 1724634041.9673018}]}, "version": 142, "at": 1724634041.9673018}
{"obj": {"type": "LogStrings", "path": ["monitoring", "a9a755a4", "stdout"], "values": [{"value": " ", "step": null, "ts": 1724634041.9673018}]}, "version": 143, "at": 1724634041.9673018}
{"obj": {"type": "LogStrings", "path": ["monitoring", "a9a755a4", "stdout"], "values": [{"value": "(6, 0, 0)", "step": null, "ts": 1724634041.9673018}]}, "version": 144, "at": 1724634041.9673018}
{"obj": {"type": "LogStrings", "path": ["monitoring", "a9a755a4", "stdout"], "values": [{"value": "\n", "step": null, "ts": 1724634041.9683003}]}, "version": 145, "at": 1724634041.9683003}
{"obj": {"type": "LogStrings", "path": ["monitoring", "a9a755a4", "stdout"], "values": [{"value": "Drone2 moved with speed vector [6, 0, 0] with duration 2", "step": null, "ts": 1724634043.9977412}]}, "version": 146, "at": 1724634043.9977412}
{"obj": {"type": "LogStrings", "path": ["monitoring", "a9a755a4", "stdout"], "values": [{"value": "\n", "step": null, "ts": 1724634043.9977412}]}, "version": 147, "at": 1724634043.9977412}
{"obj": {"type": "LogStrings", "path": ["monitoring", "a9a755a4", "stdout"], "values": [{"value": "drone 2 ", "step": null, "ts": 1724634043.9977412}]}, "version": 148, "at": 1724634043.9977412}
{"obj": {"type": "LogStrings", "path": ["monitoring", "a9a755a4", "stdout"], "values": [{"value": " ", "step": null, "ts": 1724634043.9987438}]}, "version": 149, "at": 1724634043.9987438}
{"obj": {"type": "LogStrings", "path": ["monitoring", "a9a755a4", "stdout"], "values": [{"value": "(6, -4, 0)", "step": null, "ts": 1724634043.9987438}]}, "version": 150, "at": 1724634043.9987438}
{"obj": {"type": "LogStrings", "path": ["monitoring", "a9a755a4", "stdout"], "values": [{"value": "\n", "step": null, "ts": 1724634043.9987438}]}, "version": 151, "at": 1724634043.9987438}
{"obj": {"type": "LogStrings", "path": ["monitoring", "a9a755a4", "stdout"], "values": [{"value": "Drone2 moved with speed vector [6, -4, 0] with duration 2", "step": null, "ts": 1724634046.045805}]}, "version": 152, "at": 1724634046.045805}
{"obj": {"type": "LogStrings", "path": ["monitoring", "a9a755a4", "stdout"], "values": [{"value": "\n", "step": null, "ts": 1724634046.045805}]}, "version": 153, "at": 1724634046.045805}
{"obj": {"type": "LogStrings", "path": ["monitoring", "a9a755a4", "stdout"], "values": [{"value": "drone 2 ", "step": null, "ts": 1724634046.0468137}]}, "version": 154, "at": 1724634046.0468137}
{"obj": {"type": "LogStrings", "path": ["monitoring", "a9a755a4", "stdout"], "values": [{"value": " ", "step": null, "ts": 1724634046.0468137}]}, "version": 155, "at": 1724634046.0468137}
{"obj": {"type": "LogStrings", "path": ["monitoring", "a9a755a4", "stdout"], "values": [{"value": "(9, 0, 0)", "step": null, "ts": 1724634046.0468137}]}, "version": 156, "at": 1724634046.0468137}
{"obj": {"type": "LogStrings", "path": ["monitoring", "a9a755a4", "stdout"], "values": [{"value": "\n", "step": null, "ts": 1724634046.0478137}]}, "version": 157, "at": 1724634046.0478137}
{"obj": {"type": "LogFloats", "path": ["monitoring", "a9a755a4", "cpu"], "values": [{"value": 12.7, "step": null, "ts": 1724634047.8295093}]}, "version": 158, "at": 1724634047.8582404}
{"obj": {"type": "LogFloats", "path": ["monitoring", "a9a755a4", "memory"], "values": [{"value": 12.831024169921875, "step": null, "ts": 1724634047.8295093}]}, "version": 159, "at": 1724634047.8582404}
{"obj": {"type": "LogFloats", "path": ["monitoring", "a9a755a4", "gpu"], "values": [{"value": 38.0, "step": null, "ts": 1724634047.8295093}]}, "version": 160, "at": 1724634047.8582404}
{"obj": {"type": "LogFloats", "path": ["monitoring", "a9a755a4", "gpu_memory"], "values": [{"value": 1.1741981506347656, "step": null, "ts": 1724634047.8295093}]}, "version": 161, "at": 1724634047.8582404}
{"obj": {"type": "LogFloats", "path": ["monitoring", "a9a755a4", "gpu_power"], "values": [{"value": 12.715, "step": null, "ts": 1724634047.8295093}]}, "version": 162, "at": 1724634047.8582404}
{"obj": {"type": "LogStrings", "path": ["monitoring", "a9a755a4", "stdout"], "values": [{"value": "Drone2 moved with speed vector [9, 0, 0] with duration 2", "step": null, "ts": 1724634048.0992503}]}, "version": 163, "at": 1724634048.0992503}
{"obj": {"type": "LogStrings", "path": ["monitoring", "a9a755a4", "stdout"], "values": [{"value": "\n", "step": null, "ts": 1724634048.1002743}]}, "version": 164, "at": 1724634048.1002743}
{"obj": {"type": "LogStrings", "path": ["monitoring", "a9a755a4", "stdout"], "values": [{"value": "drone 2 ", "step": null, "ts": 1724634048.1002743}]}, "version": 165, "at": 1724634048.1002743}
{"obj": {"type": "LogStrings", "path": ["monitoring", "a9a755a4", "stdout"], "values": [{"value": " ", "step": null, "ts": 1724634048.1002743}]}, "version": 166, "at": 1724634048.1002743}
{"obj": {"type": "LogStrings", "path": ["monitoring", "a9a755a4", "stdout"], "values": [{"value": "(0, 0, 0)", "step": null, "ts": 1724634048.1012516}]}, "version": 167, "at": 1724634048.1012516}
{"obj": {"type": "LogStrings", "path": ["monitoring", "a9a755a4", "stdout"], "values": [{"value": "\n", "step": null, "ts": 1724634048.1012516}]}, "version": 168, "at": 1724634048.1012516}
{"obj": {"type": "LogStrings", "path": ["monitoring", "a9a755a4", "stdout"], "values": [{"value": "Drone2 moved with speed vector [0, 0, 0] with duration 2", "step": null, "ts": 1724634050.160447}]}, "version": 169, "at": 1724634050.160447}
{"obj": {"type": "LogStrings", "path": ["monitoring", "a9a755a4", "stdout"], "values": [{"value": "\n", "step": null, "ts": 1724634050.160447}]}, "version": 170, "at": 1724634050.160447}
{"obj": {"type": "LogStrings", "path": ["monitoring", "a9a755a4", "stdout"], "values": [{"value": "after thread target ", "step": null, "ts": 1724634050.1614482}]}, "version": 171, "at": 1724634050.1614482}
{"obj": {"type": "LogStrings", "path": ["monitoring", "a9a755a4", "stdout"], "values": [{"value": " ", "step": null, "ts": 1724634050.1614482}]}, "version": 172, "at": 1724634050.1614482}
{"obj": {"type": "LogStrings", "path": ["monitoring", "a9a755a4", "stdout"], "values": [{"value": "1", "step": null, "ts": 1724634050.1624496}]}, "version": 173, "at": 1724634050.1624496}
{"obj": {"type": "LogStrings", "path": ["monitoring", "a9a755a4", "stdout"], "values": [{"value": "\n", "step": null, "ts": 1724634050.1624496}]}, "version": 174, "at": 1724634050.1634462}
{"obj": {"type": "LogStrings", "path": ["monitoring", "a9a755a4", "stdout"], "values": [{"value": "after thread drone ", "step": null, "ts": 1724634050.1634462}]}, "version": 175, "at": 1724634050.1634462}
{"obj": {"type": "LogStrings", "path": ["monitoring", "a9a755a4", "stdout"], "values": [{"value": " ", "step": null, "ts": 1724634050.1634462}]}, "version": 176, "at": 1724634050.163954}
{"obj": {"type": "LogStrings", "path": ["monitoring", "a9a755a4", "stdout"], "values": [{"value": "1", "step": null, "ts": 1724634050.165469}]}, "version": 177, "at": 1724634050.165469}
{"obj": {"type": "LogStrings", "path": ["monitoring", "a9a755a4", "stdout"], "values": [{"value": "\n", "step": null, "ts": 1724634050.1662807}]}, "version": 178, "at": 1724634050.1662807}
{"obj": {"type": "LogStrings", "path": ["monitoring", "a9a755a4", "stdout"], "values": [{"value": "episode ", "step": null, "ts": 1724634050.1664677}]}, "version": 179, "at": 1724634050.1664677}
{"obj": {"type": "LogStrings", "path": ["monitoring", "a9a755a4", "stdout"], "values": [{"value": " ", "step": null, "ts": 1724634050.1664677}]}, "version": 180, "at": 1724634050.1664677}
{"obj": {"type": "LogStrings", "path": ["monitoring", "a9a755a4", "stdout"], "values": [{"value": "0", "step": null, "ts": 1724634050.1664677}]}, "version": 181, "at": 1724634050.1664677}
{"obj": {"type": "LogStrings", "path": ["monitoring", "a9a755a4", "stdout"], "values": [{"value": " ", "step": null, "ts": 1724634050.1664677}]}, "version": 182, "at": 1724634050.1664677}
{"obj": {"type": "LogStrings", "path": ["monitoring", "a9a755a4", "stdout"], "values": [{"value": "score -50.0", "step": null, "ts": 1724634050.1664677}]}, "version": 183, "at": 1724634050.1674724}
{"obj": {"type": "LogStrings", "path": ["monitoring", "a9a755a4", "stdout"], "values": [{"value": "\n", "step": null, "ts": 1724634050.1674724}]}, "version": 184, "at": 1724634050.1674724}
{"obj": {"type": "LogFloats", "path": ["reward"], "values": [{"value": -49.955952232548974, "step": null, "ts": 1724634050.168469}]}, "version": 185, "at": 1724634050.168469}
{"obj": {"type": "LogFloats", "path": ["epsilon"], "values": [{"value": 0.9983184297396994, "step": null, "ts": 1724634050.168469}]}, "version": 186, "at": 1724634050.168469}
{"obj": {"type": "LogStrings", "path": ["monitoring", "a9a755a4", "stdout"], "values": [{"value": " ... saving checkpoint ...", "step": null, "ts": 1724634050.168469}]}, "version": 187, "at": 1724634050.168469}
{"obj": {"type": "LogStrings", "path": ["monitoring", "a9a755a4", "stdout"], "values": [{"value": "\n", "step": null, "ts": 1724634050.1704714}]}, "version": 188, "at": 1724634050.1704714}
{"obj": {"type": "LogStrings", "path": ["monitoring", "a9a755a4", "stdout"], "values": [{"value": "episode ", "step": null, "ts": 1724634050.2223148}]}, "version": 189, "at": 1724634050.2223148}
{"obj": {"type": "LogStrings", "path": ["monitoring", "a9a755a4", "stdout"], "values": [{"value": " ", "step": null, "ts": 1724634050.2223148}]}, "version": 190, "at": 1724634050.2233176}
{"obj": {"type": "LogStrings", "path": ["monitoring", "a9a755a4", "stdout"], "values": [{"value": "1", "step": null, "ts": 1724634050.2233176}]}, "version": 191, "at": 1724634050.2233176}
{"obj": {"type": "LogStrings", "path": ["monitoring", "a9a755a4", "stdout"], "values": [{"value": "\n", "step": null, "ts": 1724634050.2238557}]}, "version": 192, "at": 1724634050.2238557}
{"obj": {"type": "LogStrings", "path": ["monitoring", "a9a755a4", "stdout"], "values": [{"value": "reset", "step": null, "ts": 1724634050.2238557}]}, "version": 193, "at": 1724634050.2243662}
{"obj": {"type": "LogStrings", "path": ["monitoring", "a9a755a4", "stdout"], "values": [{"value": "\n", "step": null, "ts": 1724634050.2253802}]}, "version": 194, "at": 1724634050.2253802}
{"obj": {"type": "LogStrings", "path": ["monitoring", "a9a755a4", "stdout"], "values": [{"value": "Found 1 cylinders in image", "step": null, "ts": 1724634050.3612478}]}, "version": 195, "at": 1724634050.3612478}
{"obj": {"type": "LogStrings", "path": ["monitoring", "a9a755a4", "stdout"], "values": [{"value": "\n", "step": null, "ts": 1724634050.3652687}]}, "version": 196, "at": 1724634050.3652687}
{"obj": {"type": "LogStrings", "path": ["monitoring", "a9a755a4", "stdout"], "values": [{"value": "Drone1 moved with speed vector [1, 0, 0] with duration 2", "step": null, "ts": 1724634056.4072459}]}, "version": 197, "at": 1724634056.4072459}
{"obj": {"type": "LogStrings", "path": ["monitoring", "a9a755a4", "stdout"], "values": [{"value": "\n", "step": null, "ts": 1724634056.408265}]}, "version": 198, "at": 1724634056.408265}
{"obj": {"type": "LogStrings", "path": ["monitoring", "a9a755a4", "stdout"], "values": [{"value": "before threads ", "step": null, "ts": 1724634056.408265}]}, "version": 199, "at": 1724634056.408265}
{"obj": {"type": "LogStrings", "path": ["monitoring", "a9a755a4", "stdout"], "values": [{"value": " ", "step": null, "ts": 1724634056.408265}]}, "version": 200, "at": 1724634056.408265}
{"obj": {"type": "LogStrings", "path": ["monitoring", "a9a755a4", "stdout"], "values": [{"value": "0", "step": null, "ts": 1724634056.4092789}]}, "version": 201, "at": 1724634056.4092789}
{"obj": {"type": "LogStrings", "path": ["monitoring", "a9a755a4", "stdout"], "values": [{"value": "\n", "step": null, "ts": 1724634056.4101627}]}, "version": 202, "at": 1724634056.4101627}
{"obj": {"type": "LogStrings", "path": ["monitoring", "a9a755a4", "stdout"], "values": [{"value": "drone 2 ", "step": null, "ts": 1724634056.4121609}]}, "version": 203, "at": 1724634056.4121609}
{"obj": {"type": "LogStrings", "path": ["monitoring", "a9a755a4", "stdout"], "values": [{"value": " ", "step": null, "ts": 1724634056.4121609}]}, "version": 204, "at": 1724634056.4121609}
{"obj": {"type": "LogStrings", "path": ["monitoring", "a9a755a4", "stdout"], "values": [{"value": "(3, 0, 0)", "step": null, "ts": 1724634056.4121609}]}, "version": 205, "at": 1724634056.4121609}
{"obj": {"type": "LogStrings", "path": ["monitoring", "a9a755a4", "stdout"], "values": [{"value": "\n", "step": null, "ts": 1724634056.4131815}]}, "version": 206, "at": 1724634056.4136848}
{"obj": {"type": "LogStrings", "path": ["monitoring", "a9a755a4", "stdout"], "values": [{"value": "action ", "step": null, "ts": 1724634056.4136848}]}, "version": 207, "at": 1724634056.4136848}
{"obj": {"type": "LogStrings", "path": ["monitoring", "a9a755a4", "stdout"], "values": [{"value": " ", "step": null, "ts": 1724634056.4141905}]}, "version": 208, "at": 1724634056.4141905}
{"obj": {"type": "LogStrings", "path": ["monitoring", "a9a755a4", "stdout"], "values": [{"value": "269", "step": null, "ts": 1724634056.4153113}]}, "version": 209, "at": 1724634056.4153113}
{"obj": {"type": "LogStrings", "path": ["monitoring", "a9a755a4", "stdout"], "values": [{"value": "\n", "step": null, "ts": 1724634056.4153113}]}, "version": 210, "at": 1724634056.4153113}
{"obj": {"type": "LogStrings", "path": ["monitoring", "a9a755a4", "stdout"], "values": [{"value": "Found 1 cylinders in image", "step": null, "ts": 1724634056.8594174}]}, "version": 211, "at": 1724634056.8594174}
{"obj": {"type": "LogStrings", "path": ["monitoring", "a9a755a4", "stdout"], "values": [{"value": "\n", "step": null, "ts": 1724634056.861418}]}, "version": 212, "at": 1724634056.861418}
{"obj": {"type": "LogStrings", "path": ["monitoring", "a9a755a4", "stdout"], "values": [{"value": "quad_offset = ", "step": null, "ts": 1724634056.8656185}]}, "version": 213, "at": 1724634056.866452}
{"obj": {"type": "LogStrings", "path": ["monitoring", "a9a755a4", "stdout"], "values": [{"value": " ", "step": null, "ts": 1724634056.867488}]}, "version": 214, "at": 1724634056.8684514}
{"obj": {"type": "LogStrings", "path": ["monitoring", "a9a755a4", "stdout"], "values": [{"value": "[0.9999999999999998, 30.0, 3]", "step": null, "ts": 1724634056.8684514}]}, "version": 215, "at": 1724634056.8684514}
{"obj": {"type": "LogStrings", "path": ["monitoring", "a9a755a4", "stdout"], "values": [{"value": "\n", "step": null, "ts": 1724634056.8684514}]}, "version": 216, "at": 1724634056.8684514}
{"obj": {"type": "LogStrings", "path": ["monitoring", "a9a755a4", "stdout"], "values": [{"value": "a_vp = ", "step": null, "ts": 1724634056.8694494}]}, "version": 217, "at": 1724634056.8694494}
{"obj": {"type": "LogStrings", "path": ["monitoring", "a9a755a4", "stdout"], "values": [{"value": " ", "step": null, "ts": 1724634056.8694494}]}, "version": 218, "at": 1724634056.8694494}
{"obj": {"type": "LogStrings", "path": ["monitoring", "a9a755a4", "stdout"], "values": [{"value": "4.227152885394321", "step": null, "ts": 1724634056.8694494}]}, "version": 219, "at": 1724634056.8694494}
{"obj": {"type": "LogStrings", "path": ["monitoring", "a9a755a4", "stdout"], "values": [{"value": "\n", "step": null, "ts": 1724634056.8694494}]}, "version": 220, "at": 1724634056.8694494}
{"obj": {"type": "LogStrings", "path": ["monitoring", "a9a755a4", "stdout"], "values": [{"value": "new_x = ", "step": null, "ts": 1724634056.8704493}]}, "version": 221, "at": 1724634056.8704493}
{"obj": {"type": "LogStrings", "path": ["monitoring", "a9a755a4", "stdout"], "values": [{"value": " ", "step": null, "ts": 1724634056.8704493}]}, "version": 222, "at": 1724634056.8704493}
{"obj": {"type": "LogStrings", "path": ["monitoring", "a9a755a4", "stdout"], "values": [{"value": "0.04779793432899602", "step": null, "ts": 1724634056.8704493}]}, "version": 223, "at": 1724634056.8704493}
{"obj": {"type": "LogStrings", "path": ["monitoring", "a9a755a4", "stdout"], "values": [{"value": "\n", "step": null, "ts": 1724634056.8714488}]}, "version": 224, "at": 1724634056.8714488}
{"obj": {"type": "LogStrings", "path": ["monitoring", "a9a755a4", "stdout"], "values": [{"value": "new_y = ", "step": null, "ts": 1724634056.8714488}]}, "version": 225, "at": 1724634056.8714488}
{"obj": {"type": "LogStrings", "path": ["monitoring", "a9a755a4", "stdout"], "values": [{"value": " ", "step": null, "ts": 1724634056.8724504}]}, "version": 226, "at": 1724634056.8724504}
{"obj": {"type": "LogStrings", "path": ["monitoring", "a9a755a4", "stdout"], "values": [{"value": "-0.30616159951192", "step": null, "ts": 1724634056.8724504}]}, "version": 227, "at": 1724634056.8724504}
{"obj": {"type": "LogStrings", "path": ["monitoring", "a9a755a4", "stdout"], "values": [{"value": "\n", "step": null, "ts": 1724634056.8724504}]}, "version": 228, "at": 1724634056.8724504}
{"obj": {"type": "LogFloats", "path": ["monitoring", "a9a755a4", "cpu"], "values": [{"value": 14.8, "step": null, "ts": 1724634057.8721669}]}, "version": 229, "at": 1724634057.8831892}
{"obj": {"type": "LogFloats", "path": ["monitoring", "a9a755a4", "memory"], "values": [{"value": 12.822681427001953, "step": null, "ts": 1724634057.8721669}]}, "version": 230, "at": 1724634057.8831892}
{"obj": {"type": "LogFloats", "path": ["monitoring", "a9a755a4", "gpu"], "values": [{"value": 1.0, "step": null, "ts": 1724634057.8721669}]}, "version": 231, "at": 1724634057.884041}
{"obj": {"type": "LogFloats", "path": ["monitoring", "a9a755a4", "gpu_memory"], "values": [{"value": 1.1751136779785156, "step": null, "ts": 1724634057.8721669}]}, "version": 232, "at": 1724634057.884041}
{"obj": {"type": "LogFloats", "path": ["monitoring", "a9a755a4", "gpu_power"], "values": [{"value": 5.694, "step": null, "ts": 1724634057.8721669}]}, "version": 233, "at": 1724634057.884041}
{"obj": {"type": "LogStrings", "path": ["monitoring", "a9a755a4", "stdout"], "values": [{"value": "Drone2 moved with speed vector [3, 0, 0] with duration 2", "step": null, "ts": 1724634058.4308648}]}, "version": 234, "at": 1724634058.4308648}
{"obj": {"type": "LogStrings", "path": ["monitoring", "a9a755a4", "stdout"], "values": [{"value": "\n", "step": null, "ts": 1724634058.4318662}]}, "version": 235, "at": 1724634058.4318662}
{"obj": {"type": "LogStrings", "path": ["monitoring", "a9a755a4", "stdout"], "values": [{"value": "drone 2 ", "step": null, "ts": 1724634058.4318662}]}, "version": 236, "at": 1724634058.4318662}
{"obj": {"type": "LogStrings", "path": ["monitoring", "a9a755a4", "stdout"], "values": [{"value": " ", "step": null, "ts": 1724634058.4318662}]}, "version": 237, "at": 1724634058.4318662}
{"obj": {"type": "LogStrings", "path": ["monitoring", "a9a755a4", "stdout"], "values": [{"value": "(3, 2, 0)", "step": null, "ts": 1724634058.4318662}]}, "version": 238, "at": 1724634058.4318662}
{"obj": {"type": "LogStrings", "path": ["monitoring", "a9a755a4", "stdout"], "values": [{"value": "\n", "step": null, "ts": 1724634058.4318662}]}, "version": 239, "at": 1724634058.4318662}
{"obj": {"type": "LogStrings", "path": ["monitoring", "a9a755a4", "stdout"], "values": [{"value": "Drone1 moved with speed vector [0.20204917601470376, -1.2941918887737531, 0] with duration 3", "step": null, "ts": 1724634059.8717492}]}, "version": 240, "at": 1724634059.8717492}
{"obj": {"type": "LogStrings", "path": ["monitoring", "a9a755a4", "stdout"], "values": [{"value": "\n", "step": null, "ts": 1724634059.8732545}]}, "version": 241, "at": 1724634059.8732545}
{"obj": {"type": "LogStrings", "path": ["monitoring", "a9a755a4", "stdout"], "values": [{"value": "rc=0 , rfov=0 , rd=1.0002737080698936 , rdir = 0.09542020797729493 , robs= 0 , r_v=0 , r_ang= -1.058474402307522", "step": null, "ts": 1724634059.8747737}]}, "version": 242, "at": 1724634059.8747737}
{"obj": {"type": "LogStrings", "path": ["monitoring", "a9a755a4", "stdout"], "values": [{"value": "\n", "step": null, "ts": 1724634059.8757842}]}, "version": 243, "at": 1724634059.8757842}
{"obj": {"type": "LogStrings", "path": ["monitoring", "a9a755a4", "stdout"], "values": [{"value": "next state ", "step": null, "ts": 1724634059.876786}]}, "version": 244, "at": 1724634059.876786}
{"obj": {"type": "LogStrings", "path": ["monitoring", "a9a755a4", "stdout"], "values": [{"value": " ", "step": null, "ts": 1724634059.876786}]}, "version": 245, "at": 1724634059.876786}
{"obj": {"type": "LogStrings", "path": ["monitoring", "a9a755a4", "stdout"], "values": [{"value": "[0.0004616146286328634, 3.1934191980590815e-14, -0.03508798281351725, 0.0, 0.0, -0.0005324476088086765, 0.105786107996296, 0.10715464834576387, 0.00078125, 0.0009997509732658481, 0.000781249962747097, 0.0013957120754100661, 0.00078125, 0.0012168230245142807, 14.771010398864746, 14.771010398864746, 14.771010398864746, 14.771010398864746, 14.771010398864746, 14.771010398864746, 14.860124588012695, 14.860124588012695, 14.860124588012695]", "step": null, "ts": 1724634059.876786}]}, "version": 246, "at": 1724634059.876786}
{"obj": {"type": "LogStrings", "path": ["monitoring", "a9a755a4", "stdout"], "values": [{"value": "\n", "step": null, "ts": 1724634059.8777823}]}, "version": 247, "at": 1724634059.8777823}
{"obj": {"type": "LogStrings", "path": ["monitoring", "a9a755a4", "stdout"], "values": [{"value": "action ", "step": null, "ts": 1724634059.8777823}]}, "version": 248, "at": 1724634059.8777823}
{"obj": {"type": "LogStrings", "path": ["monitoring", "a9a755a4", "stdout"], "values": [{"value": " ", "step": null, "ts": 1724634059.8777823}]}, "version": 249, "at": 1724634059.8777823}
{"obj": {"type": "LogStrings", "path": ["monitoring", "a9a755a4", "stdout"], "values": [{"value": "125", "step": null, "ts": 1724634059.8777823}]}, "version": 250, "at": 1724634059.8777823}
{"obj": {"type": "LogStrings", "path": ["monitoring", "a9a755a4", "stdout"], "values": [{"value": "\n", "step": null, "ts": 1724634059.8777823}]}, "version": 251, "at": 1724634059.8777823}
{"obj": {"type": "LogStrings", "path": ["monitoring", "a9a755a4", "stdout"], "values": [{"value": "Drone2 moved with speed vector [3, 2, 0] with duration 2", "step": null, "ts": 1724634060.4484959}]}, "version": 252, "at": 1724634060.4484959}
{"obj": {"type": "LogStrings", "path": ["monitoring", "a9a755a4", "stdout"], "values": [{"value": "\n", "step": null, "ts": 1724634060.4484959}]}, "version": 253, "at": 1724634060.4484959}
{"obj": {"type": "LogStrings", "path": ["monitoring", "a9a755a4", "stdout"], "values": [{"value": "drone 2 ", "step": null, "ts": 1724634060.4484959}]}, "version": 254, "at": 1724634060.4484959}
{"obj": {"type": "LogStrings", "path": ["monitoring", "a9a755a4", "stdout"], "values": [{"value": " ", "step": null, "ts": 1724634060.4484959}]}, "version": 255, "at": 1724634060.4484959}
{"obj": {"type": "LogStrings", "path": ["monitoring", "a9a755a4", "stdout"], "values": [{"value": "(6, 0, 0)", "step": null, "ts": 1724634060.4484959}]}, "version": 256, "at": 1724634060.4484959}
{"obj": {"type": "LogStrings", "path": ["monitoring", "a9a755a4", "stdout"], "values": [{"value": "\n", "step": null, "ts": 1724634060.4494774}]}, "version": 257, "at": 1724634060.4494774}
{"obj": {"type": "LogStrings", "path": ["monitoring", "a9a755a4", "stdout"], "values": [{"value": "Found 1 cylinders in image", "step": null, "ts": 1724634060.5401154}]}, "version": 258, "at": 1724634060.5401154}
{"obj": {"type": "LogStrings", "path": ["monitoring", "a9a755a4", "stdout"], "values": [{"value": "\n", "step": null, "ts": 1724634060.5421176}]}, "version": 259, "at": 1724634060.5421176}
{"obj": {"type": "LogStrings", "path": ["monitoring", "a9a755a4", "stdout"], "values": [{"value": "quad_offset = ", "step": null, "ts": 1724634060.5461411}]}, "version": 260, "at": 1724634060.5461411}
{"obj": {"type": "LogStrings", "path": ["monitoring", "a9a755a4", "stdout"], "values": [{"value": " ", "step": null, "ts": 1724634060.5471394}]}, "version": 261, "at": 1724634060.5471394}
{"obj": {"type": "LogStrings", "path": ["monitoring", "a9a755a4", "stdout"], "values": [{"value": "[-1.6666666666666667, 3.333333333333335, 2]", "step": null, "ts": 1724634060.5471394}]}, "version": 262, "at": 1724634060.5471394}
{"obj": {"type": "LogStrings", "path": ["monitoring", "a9a755a4", "stdout"], "values": [{"value": "\n", "step": null, "ts": 1724634060.5471394}]}, "version": 263, "at": 1724634060.5471394}
{"obj": {"type": "LogStrings", "path": ["monitoring", "a9a755a4", "stdout"], "values": [{"value": "a_vp = ", "step": null, "ts": 1724634060.5471394}]}, "version": 264, "at": 1724634060.5471394}
{"obj": {"type": "LogStrings", "path": ["monitoring", "a9a755a4", "stdout"], "values": [{"value": " ", "step": null, "ts": 1724634060.5471394}]}, "version": 265, "at": 1724634060.5471394}
{"obj": {"type": "LogStrings", "path": ["monitoring", "a9a755a4", "stdout"], "values": [{"value": "-2.155823040362859", "step": null, "ts": 1724634060.5481384}]}, "version": 266, "at": 1724634060.5481384}
{"obj": {"type": "LogStrings", "path": ["monitoring", "a9a755a4", "stdout"], "values": [{"value": "\n", "step": null, "ts": 1724634060.5481384}]}, "version": 267, "at": 1724634060.5481384}
{"obj": {"type": "LogStrings", "path": ["monitoring", "a9a755a4", "stdout"], "values": [{"value": "new_x = ", "step": null, "ts": 1724634060.5481384}]}, "version": 268, "at": 1724634060.5481384}
{"obj": {"type": "LogStrings", "path": ["monitoring", "a9a755a4", "stdout"], "values": [{"value": " ", "step": null, "ts": 1724634060.5481384}]}, "version": 269, "at": 1724634060.5481384}
{"obj": {"type": "LogStrings", "path": ["monitoring", "a9a755a4", "stdout"], "values": [{"value": "-0.18243039834581865", "step": null, "ts": 1724634060.5481384}]}, "version": 270, "at": 1724634060.5481384}
{"obj": {"type": "LogStrings", "path": ["monitoring", "a9a755a4", "stdout"], "values": [{"value": "\n", "step": null, "ts": 1724634060.5481384}]}, "version": 271, "at": 1724634060.5481384}
{"obj": {"type": "LogStrings", "path": ["monitoring", "a9a755a4", "stdout"], "values": [{"value": "new_y = ", "step": null, "ts": 1724634060.5481384}]}, "version": 272, "at": 1724634060.5481384}
{"obj": {"type": "LogStrings", "path": ["monitoring", "a9a755a4", "stdout"], "values": [{"value": " ", "step": null, "ts": 1724634060.5481384}]}, "version": 273, "at": 1724634060.5481384}
{"obj": {"type": "LogStrings", "path": ["monitoring", "a9a755a4", "stdout"], "values": [{"value": "0.4951855478422853", "step": null, "ts": 1724634060.5491397}]}, "version": 274, "at": 1724634060.5491397}
{"obj": {"type": "LogStrings", "path": ["monitoring", "a9a755a4", "stdout"], "values": [{"value": "\n", "step": null, "ts": 1724634060.5491397}]}, "version": 275, "at": 1724634060.5491397}
{"obj": {"type": "LogStrings", "path": ["monitoring", "a9a755a4", "stdout"], "values": [{"value": "Drone2 moved with speed vector [6, 0, 0] with duration 2", "step": null, "ts": 1724634062.470991}]}, "version": 276, "at": 1724634062.470991}
{"obj": {"type": "LogStrings", "path": ["monitoring", "a9a755a4", "stdout"], "values": [{"value": "\n", "step": null, "ts": 1724634062.4719906}]}, "version": 277, "at": 1724634062.4719906}
{"obj": {"type": "LogStrings", "path": ["monitoring", "a9a755a4", "stdout"], "values": [{"value": "drone 2 ", "step": null, "ts": 1724634062.4719906}]}, "version": 278, "at": 1724634062.4719906}
{"obj": {"type": "LogStrings", "path": ["monitoring", "a9a755a4", "stdout"], "values": [{"value": " ", "step": null, "ts": 1724634062.4719906}]}, "version": 279, "at": 1724634062.4719906}
{"obj": {"type": "LogStrings", "path": ["monitoring", "a9a755a4", "stdout"], "values": [{"value": "(6, -4, 0)", "step": null, "ts": 1724634062.4719906}]}, "version": 280, "at": 1724634062.4719906}
{"obj": {"type": "LogStrings", "path": ["monitoring", "a9a755a4", "stdout"], "values": [{"value": "\n", "step": null, "ts": 1724634062.4719906}]}, "version": 281, "at": 1724634062.4719906}
{"obj": {"type": "LogStrings", "path": ["monitoring", "a9a755a4", "stdout"], "values": [{"value": "Drone1 moved with speed vector [0.39328765601649024, -1.0675324132931034, 0] with duration 2", "step": null, "ts": 1724634062.5749762}]}, "version": 282, "at": 1724634062.5749762}
{"obj": {"type": "LogStrings", "path": ["monitoring", "a9a755a4", "stdout"], "values": [{"value": "\n", "step": null, "ts": 1724634062.5752838}]}, "version": 283, "at": 1724634062.5752838}
{"obj": {"type": "LogStrings", "path": ["monitoring", "a9a755a4", "stdout"], "values": [{"value": "rc=0 , rfov=0 , rd=0.994704806990225 , rdir = 0.10258293151855469 , robs= 0 , r_v=0 , r_ang= -1.0551499450151203", "step": null, "ts": 1724634062.5759819}]}, "version": 284, "at": 1724634062.5759819}
{"obj": {"type": "LogStrings", "path": ["monitoring", "a9a755a4", "stdout"], "values": [{"value": "\n", "step": null, "ts": 1724634062.5769837}]}, "version": 285, "at": 1724634062.5769837}
{"obj": {"type": "LogStrings", "path": ["monitoring", "a9a755a4", "stdout"], "values": [{"value": "next state ", "step": null, "ts": 1724634062.5769837}]}, "version": 286, "at": 1724634062.5769837}
{"obj": {"type": "LogStrings", "path": ["monitoring", "a9a755a4", "stdout"], "values": [{"value": " ", "step": null, "ts": 1724634062.5769837}]}, "version": 287, "at": 1724634062.5769837}
{"obj": {"type": "LogStrings", "path": ["monitoring", "a9a755a4", "stdout"], "values": [{"value": "[0.008230721950531006, -0.028375816345214844, -0.03544350862503052, 0.0004616146286328634, 3.1934191980590815e-14, -0.03508798281351725, 0.13226207304517118, 0.105786107996296, 0.001005798764526844, 0.0012453563125045212, 0.00078125, 0.0009997509732658481, 0.000781249962747097, 0.0013957120754100661, 15.129146575927734, 15.129146575927734, 15.129146575927734, 15.129146575927734, 15.129146575927734, 15.129146575927734, 15.129146575927734, 15.129146575927734, 15.129146575927734]", "step": null, "ts": 1724634062.5769837}]}, "version": 288, "at": 1724634062.5769837}
{"obj": {"type": "LogStrings", "path": ["monitoring", "a9a755a4", "stdout"], "values": [{"value": "\n", "step": null, "ts": 1724634062.5769837}]}, "version": 289, "at": 1724634062.5769837}
{"obj": {"type": "LogStrings", "path": ["monitoring", "a9a755a4", "stdout"], "values": [{"value": "action ", "step": null, "ts": 1724634062.577982}]}, "version": 290, "at": 1724634062.577982}
{"obj": {"type": "LogStrings", "path": ["monitoring", "a9a755a4", "stdout"], "values": [{"value": " ", "step": null, "ts": 1724634062.577982}]}, "version": 291, "at": 1724634062.577982}
{"obj": {"type": "LogStrings", "path": ["monitoring", "a9a755a4", "stdout"], "values": [{"value": "34", "step": null, "ts": 1724634062.577982}]}, "version": 292, "at": 1724634062.577982}
{"obj": {"type": "LogStrings", "path": ["monitoring", "a9a755a4", "stdout"], "values": [{"value": "\n", "step": null, "ts": 1724634062.577982}]}, "version": 293, "at": 1724634062.577982}
{"obj": {"type": "LogStrings", "path": ["monitoring", "a9a755a4", "stdout"], "values": [{"value": "Found 0 cylinders in image", "step": null, "ts": 1724634062.6873722}]}, "version": 294, "at": 1724634062.6873722}
{"obj": {"type": "LogStrings", "path": ["monitoring", "a9a755a4", "stdout"], "values": [{"value": "\n", "step": null, "ts": 1724634062.6883695}]}, "version": 295, "at": 1724634062.6883695}
{"obj": {"type": "LogStrings", "path": ["monitoring", "a9a755a4", "stdout"], "values": [{"value": "quad_offset = ", "step": null, "ts": 1724634062.6903648}]}, "version": 296, "at": 1724634062.6903648}
{"obj": {"type": "LogStrings", "path": ["monitoring", "a9a755a4", "stdout"], "values": [{"value": " ", "step": null, "ts": 1724634062.6913671}]}, "version": 297, "at": 1724634062.6913671}
{"obj": {"type": "LogStrings", "path": ["monitoring", "a9a755a4", "stdout"], "values": [{"value": "[-1.0, -3.333333333333335, 1]", "step": null, "ts": 1724634062.6913671}]}, "version": 298, "at": 1724634062.6913671}
{"obj": {"type": "LogStrings", "path": ["monitoring", "a9a755a4", "stdout"], "values": [{"value": "\n", "step": null, "ts": 1724634062.6913671}]}, "version": 299, "at": 1724634062.6913671}
{"obj": {"type": "LogStrings", "path": ["monitoring", "a9a755a4", "stdout"], "values": [{"value": "a_vp = ", "step": null, "ts": 1724634062.6923697}]}, "version": 300, "at": 1724634062.6923697}
{"obj": {"type": "LogStrings", "path": ["monitoring", "a9a755a4", "stdout"], "values": [{"value": " ", "step": null, "ts": 1724634062.6923697}]}, "version": 301, "at": 1724634062.6923697}
{"obj": {"type": "LogStrings", "path": ["monitoring", "a9a755a4", "stdout"], "values": [{"value": "0.06542314902365767", "step": null, "ts": 1724634062.6923697}]}, "version": 302, "at": 1724634062.6923697}
{"obj": {"type": "LogStrings", "path": ["monitoring", "a9a755a4", "stdout"], "values": [{"value": "\n", "step": null, "ts": 1724634062.6933804}]}, "version": 303, "at": 1724634062.6933804}
{"obj": {"type": "LogStrings", "path": ["monitoring", "a9a755a4", "stdout"], "values": [{"value": "new_x = ", "step": null, "ts": 1724634062.6933804}]}, "version": 304, "at": 1724634062.6933804}
{"obj": {"type": "LogStrings", "path": ["monitoring", "a9a755a4", "stdout"], "values": [{"value": " ", "step": null, "ts": 1724634062.6933804}]}, "version": 305, "at": 1724634062.6933804}
{"obj": {"type": "LogStrings", "path": ["monitoring", "a9a755a4", "stdout"], "values": [{"value": "-0.1704650624532932", "step": null, "ts": 1724634062.6933804}]}, "version": 306, "at": 1724634062.6933804}
{"obj": {"type": "LogStrings", "path": ["monitoring", "a9a755a4", "stdout"], "values": [{"value": "\n", "step": null, "ts": 1724634062.6933804}]}, "version": 307, "at": 1724634062.693885}
{"obj": {"type": "LogStrings", "path": ["monitoring", "a9a755a4", "stdout"], "values": [{"value": "new_y = ", "step": null, "ts": 1724634062.693885}]}, "version": 308, "at": 1724634062.693885}
{"obj": {"type": "LogStrings", "path": ["monitoring", "a9a755a4", "stdout"], "values": [{"value": " ", "step": null, "ts": 1724634062.6943953}]}, "version": 309, "at": 1724634062.6943953}
{"obj": {"type": "LogStrings", "path": ["monitoring", "a9a755a4", "stdout"], "values": [{"value": "1.054808584475734", "step": null, "ts": 1724634062.6943953}]}, "version": 310, "at": 1724634062.6943953}
{"obj": {"type": "LogStrings", "path": ["monitoring", "a9a755a4", "stdout"], "values": [{"value": "\n", "step": null, "ts": 1724634062.6943953}]}, "version": 311, "at": 1724634062.6943953}
{"obj": {"type": "LogStrings", "path": ["monitoring", "a9a755a4", "stdout"], "values": [{"value": "Drone1 moved with speed vector [-0.011152361184208913, 0.06900889921358935, 0] with duration 1", "step": null, "ts": 1724634063.7210705}]}, "version": 312, "at": 1724634063.7210705}
{"obj": {"type": "LogStrings", "path": ["monitoring", "a9a755a4", "stdout"], "values": [{"value": "\n", "step": null, "ts": 1724634063.7210705}]}, "version": 313, "at": 1724634063.7210705}
{"obj": {"type": "LogStrings", "path": ["monitoring", "a9a755a4", "stdout"], "values": [{"value": "rc=0 , rfov=-10 , rd=0.0 , rdir = 0.09317089080810548 , robs= 0 , r_v=-0.044164581970756414 , r_ang= 0", "step": null, "ts": 1724634063.7220705}]}, "version": 314, "at": 1724634063.7220705}
{"obj": {"type": "LogStrings", "path": ["monitoring", "a9a755a4", "stdout"], "values": [{"value": "\n", "step": null, "ts": 1724634063.7230701}]}, "version": 315, "at": 1724634063.7230701}
{"obj": {"type": "LogStrings", "path": ["monitoring", "a9a755a4", "stdout"], "values": [{"value": "next state ", "step": null, "ts": 1724634063.7230701}]}, "version": 316, "at": 1724634063.7230701}
{"obj": {"type": "LogStrings", "path": ["monitoring", "a9a755a4", "stdout"], "values": [{"value": " ", "step": null, "ts": 1724634063.7230701}]}, "version": 317, "at": 1724634063.7230701}
{"obj": {"type": "LogStrings", "path": ["monitoring", "a9a755a4", "stdout"], "values": [{"value": "[0.012741868694623312, -0.041673306624094644, -0.03489286104838053, 0.008230721950531006, -0.028375816345214844, -0.03544350862503052, -1, 0.13226207304517118, -1, -1, 0.001005798764526844, 0.0012453563125045212, 0.00078125, 0.0009997509732658481, 14.658544540405273, 14.658544540405273, 14.658544540405273, 14.658544540405273, 14.658544540405273, 14.658544540405273, 14.658544540405273, 14.658544540405273, 14.658544540405273]", "step": null, "ts": 1724634063.7241144}]}, "version": 318, "at": 1724634063.7241144}
{"obj": {"type": "LogStrings", "path": ["monitoring", "a9a755a4", "stdout"], "values": [{"value": "\n", "step": null, "ts": 1724634063.7241144}]}, "version": 319, "at": 1724634063.7241144}
{"obj": {"type": "LogStrings", "path": ["monitoring", "a9a755a4", "stdout"], "values": [{"value": "action ", "step": null, "ts": 1724634063.7241144}]}, "version": 320, "at": 1724634063.7241144}
{"obj": {"type": "LogStrings", "path": ["monitoring", "a9a755a4", "stdout"], "values": [{"value": " ", "step": null, "ts": 1724634063.725125}]}, "version": 321, "at": 1724634063.725125}
{"obj": {"type": "LogStrings", "path": ["monitoring", "a9a755a4", "stdout"], "values": [{"value": "288", "step": null, "ts": 1724634063.725125}]}, "version": 322, "at": 1724634063.725125}
{"obj": {"type": "LogStrings", "path": ["monitoring", "a9a755a4", "stdout"], "values": [{"value": "\n", "step": null, "ts": 1724634063.725125}]}, "version": 323, "at": 1724634063.725125}
{"obj": {"type": "LogStrings", "path": ["monitoring", "a9a755a4", "stdout"], "values": [{"value": "Found 1 cylinders in image", "step": null, "ts": 1724634063.8280783}]}, "version": 324, "at": 1724634063.8280783}
{"obj": {"type": "LogStrings", "path": ["monitoring", "a9a755a4", "stdout"], "values": [{"value": "\n", "step": null, "ts": 1724634063.8300803}]}, "version": 325, "at": 1724634063.8300803}
{"obj": {"type": "LogStrings", "path": ["monitoring", "a9a755a4", "stdout"], "values": [{"value": "quad_offset = ", "step": null, "ts": 1724634063.8330784}]}, "version": 326, "at": 1724634063.8330784}
{"obj": {"type": "LogStrings", "path": ["monitoring", "a9a755a4", "stdout"], "values": [{"value": " ", "step": null, "ts": 1724634063.8335826}]}, "version": 327, "at": 1724634063.8335826}
{"obj": {"type": "LogStrings", "path": ["monitoring", "a9a755a4", "stdout"], "values": [{"value": "[2.333333333333333, 23.33333333333333, 3]", "step": null, "ts": 1724634063.8335826}]}, "version": 328, "at": 1724634063.8335826}
{"obj": {"type": "LogStrings", "path": ["monitoring", "a9a755a4", "stdout"], "values": [{"value": "\n", "step": null, "ts": 1724634063.834087}]}, "version": 329, "at": 1724634063.834087}
{"obj": {"type": "LogStrings", "path": ["monitoring", "a9a755a4", "stdout"], "values": [{"value": "a_vp = ", "step": null, "ts": 1724634063.834087}]}, "version": 330, "at": 1724634063.834087}
{"obj": {"type": "LogStrings", "path": ["monitoring", "a9a755a4", "stdout"], "values": [{"value": " ", "step": null, "ts": 1724634063.834087}]}, "version": 331, "at": 1724634063.834087}
{"obj": {"type": "LogStrings", "path": ["monitoring", "a9a755a4", "stdout"], "values": [{"value": "10.897713517707961", "step": null, "ts": 1724634063.834087}]}, "version": 332, "at": 1724634063.835096}
{"obj": {"type": "LogStrings", "path": ["monitoring", "a9a755a4", "stdout"], "values": [{"value": "\n", "step": null, "ts": 1724634063.835096}]}, "version": 333, "at": 1724634063.835096}
{"obj": {"type": "LogStrings", "path": ["monitoring", "a9a755a4", "stdout"], "values": [{"value": "new_x = ", "step": null, "ts": 1724634063.835096}]}, "version": 334, "at": 1724634063.835096}
{"obj": {"type": "LogStrings", "path": ["monitoring", "a9a755a4", "stdout"], "values": [{"value": " ", "step": null, "ts": 1724634063.835096}]}, "version": 335, "at": 1724634063.835096}
{"obj": {"type": "LogStrings", "path": ["monitoring", "a9a755a4", "stdout"], "values": [{"value": "-0.22742246462411125", "step": null, "ts": 1724634063.835096}]}, "version": 336, "at": 1724634063.835096}
{"obj": {"type": "LogStrings", "path": ["monitoring", "a9a755a4", "stdout"], "values": [{"value": "\n", "step": null, "ts": 1724634063.835096}]}, "version": 337, "at": 1724634063.835096}
{"obj": {"type": "LogStrings", "path": ["monitoring", "a9a755a4", "stdout"], "values": [{"value": "new_y = ", "step": null, "ts": 1724634063.835096}]}, "version": 338, "at": 1724634063.835096}
{"obj": {"type": "LogStrings", "path": ["monitoring", "a9a755a4", "stdout"], "values": [{"value": " ", "step": null, "ts": 1724634063.8353431}]}, "version": 339, "at": 1724634063.8353431}
{"obj": {"type": "LogStrings", "path": ["monitoring", "a9a755a4", "stdout"], "values": [{"value": "-0.037892154807544896", "step": null, "ts": 1724634063.8353431}]}, "version": 340, "at": 1724634063.8353431}
{"obj": {"type": "LogStrings", "path": ["monitoring", "a9a755a4", "stdout"], "values": [{"value": "\n", "step": null, "ts": 1724634063.8353431}]}, "version": 341, "at": 1724634063.8353431}
{"obj": {"type": "LogStrings", "path": ["monitoring", "a9a755a4", "stdout"], "values": [{"value": "Drone2 moved with speed vector [6, -4, 0] with duration 2", "step": null, "ts": 1724634064.5311084}]}, "version": 342, "at": 1724634064.5311084}
{"obj": {"type": "LogStrings", "path": ["monitoring", "a9a755a4", "stdout"], "values": [{"value": "\n", "step": null, "ts": 1724634064.5311084}]}, "version": 343, "at": 1724634064.5311084}
{"obj": {"type": "LogStrings", "path": ["monitoring", "a9a755a4", "stdout"], "values": [{"value": "drone 2 ", "step": null, "ts": 1724634064.5311084}]}, "version": 344, "at": 1724634064.5311084}
{"obj": {"type": "LogStrings", "path": ["monitoring", "a9a755a4", "stdout"], "values": [{"value": " ", "step": null, "ts": 1724634064.5321052}]}, "version": 345, "at": 1724634064.5321052}
{"obj": {"type": "LogStrings", "path": ["monitoring", "a9a755a4", "stdout"], "values": [{"value": "(12, 0, 0)", "step": null, "ts": 1724634064.5321052}]}, "version": 346, "at": 1724634064.5321052}
{"obj": {"type": "LogStrings", "path": ["monitoring", "a9a755a4", "stdout"], "values": [{"value": "\n", "step": null, "ts": 1724634064.5321052}]}, "version": 347, "at": 1724634064.5321052}
{"obj": {"type": "LogStrings", "path": ["monitoring", "a9a755a4", "stdout"], "values": [{"value": "Drone2 moved with speed vector [12, 0, 0] with duration 2", "step": null, "ts": 1724634066.590138}]}, "version": 348, "at": 1724634066.590138}
{"obj": {"type": "LogStrings", "path": ["monitoring", "a9a755a4", "stdout"], "values": [{"value": "\n", "step": null, "ts": 1724634066.5911396}]}, "version": 349, "at": 1724634066.5911396}
{"obj": {"type": "LogStrings", "path": ["monitoring", "a9a755a4", "stdout"], "values": [{"value": "drone 2 ", "step": null, "ts": 1724634066.5911396}]}, "version": 350, "at": 1724634066.5911396}
{"obj": {"type": "LogStrings", "path": ["monitoring", "a9a755a4", "stdout"], "values": [{"value": " ", "step": null, "ts": 1724634066.5911396}]}, "version": 351, "at": 1724634066.5911396}
{"obj": {"type": "LogStrings", "path": ["monitoring", "a9a755a4", "stdout"], "values": [{"value": "(3, 2, 0)", "step": null, "ts": 1724634066.5911396}]}, "version": 352, "at": 1724634066.5911396}
{"obj": {"type": "LogStrings", "path": ["monitoring", "a9a755a4", "stdout"], "values": [{"value": "\n", "step": null, "ts": 1724634066.5911396}]}, "version": 353, "at": 1724634066.5911396}
{"obj": {"type": "LogStrings", "path": ["monitoring", "a9a755a4", "stdout"], "values": [{"value": "Drone1 moved with speed vector [-2.478384866964638, -0.41293784766126473, 0] with duration 3", "step": null, "ts": 1724634066.9065511}]}, "version": 354, "at": 1724634066.9065511}
{"obj": {"type": "LogStrings", "path": ["monitoring", "a9a755a4", "stdout"], "values": [{"value": "\n", "step": null, "ts": 1724634066.90755}]}, "version": 355, "at": 1724634066.90755}
{"obj": {"type": "LogStrings", "path": ["monitoring", "a9a755a4", "stdout"], "values": [{"value": "rc=0 , rfov=0 , rd=-2.0 , rdir = 0.1062588119506836 , robs= 0 , r_v=0 , r_ang= -1.0555482321375687", "step": null, "ts": 1724634066.9085507}]}, "version": 356, "at": 1724634066.9085507}
{"obj": {"type": "LogStrings", "path": ["monitoring", "a9a755a4", "stdout"], "values": [{"value": "\n", "step": null, "ts": 1724634066.9085507}]}, "version": 357, "at": 1724634066.9085507}
{"obj": {"type": "LogStrings", "path": ["monitoring", "a9a755a4", "stdout"], "values": [{"value": "next state ", "step": null, "ts": 1724634066.9085507}]}, "version": 358, "at": 1724634066.9085507}
{"obj": {"type": "LogStrings", "path": ["monitoring", "a9a755a4", "stdout"], "values": [{"value": " ", "step": null, "ts": 1724634066.9085507}]}, "version": 359, "at": 1724634066.9085507}
{"obj": {"type": "LogStrings", "path": ["monitoring", "a9a755a4", "stdout"], "values": [{"value": "[0.01476429303487142, -0.04703867435455322, -0.03484746217727661, 0.012741868694623312, -0.041673306624094644, -0.03489286104838053, 0.25807385134109945, -1, 0.0009415341168642046, 0.0012533146069373614, -1, -1, 0.001005798764526844, 0.0012453563125045212, 15.31294059753418, 15.31294059753418, 15.31294059753418, 15.31294059753418, 15.31294059753418, 15.31294059753418, 15.31294059753418, 15.31294059753418, 15.31294059753418]", "step": null, "ts": 1724634066.9085507}]}, "version": 360, "at": 1724634066.9085507}
{"obj": {"type": "LogStrings", "path": ["monitoring", "a9a755a4", "stdout"], "values": [{"value": "\n", "step": null, "ts": 1724634066.909555}]}, "version": 361, "at": 1724634066.909555}
{"obj": {"type": "LogStrings", "path": ["monitoring", "a9a755a4", "stdout"], "values": [{"value": "action ", "step": null, "ts": 1724634066.909555}]}, "version": 362, "at": 1724634066.909555}
{"obj": {"type": "LogStrings", "path": ["monitoring", "a9a755a4", "stdout"], "values": [{"value": " ", "step": null, "ts": 1724634066.9105537}]}, "version": 363, "at": 1724634066.9105537}
{"obj": {"type": "LogStrings", "path": ["monitoring", "a9a755a4", "stdout"], "values": [{"value": "144", "step": null, "ts": 1724634066.9105537}]}, "version": 364, "at": 1724634066.9105537}
{"obj": {"type": "LogStrings", "path": ["monitoring", "a9a755a4", "stdout"], "values": [{"value": "\n", "step": null, "ts": 1724634066.9105537}]}, "version": 365, "at": 1724634066.9105537}
{"obj": {"type": "LogStrings", "path": ["monitoring", "a9a755a4", "stdout"], "values": [{"value": "Found 1 cylinders in image", "step": null, "ts": 1724634067.0168922}]}, "version": 366, "at": 1724634067.0168922}
{"obj": {"type": "LogStrings", "path": ["monitoring", "a9a755a4", "stdout"], "values": [{"value": "\n", "step": null, "ts": 1724634067.0188997}]}, "version": 367, "at": 1724634067.0188997}
{"obj": {"type": "LogStrings", "path": ["monitoring", "a9a755a4", "stdout"], "values": [{"value": "quad_offset = ", "step": null, "ts": 1724634067.0218997}]}, "version": 368, "at": 1724634067.0218997}
{"obj": {"type": "LogStrings", "path": ["monitoring", "a9a755a4", "stdout"], "values": [{"value": " ", "step": null, "ts": 1724634067.0218997}]}, "version": 369, "at": 1724634067.0218997}
{"obj": {"type": "LogStrings", "path": ["monitoring", "a9a755a4", "stdout"], "values": [{"value": "[-0.3333333333333335, -3.333333333333335, 2]", "step": null, "ts": 1724634067.0218997}]}, "version": 370, "at": 1724634067.0218997}
{"obj": {"type": "LogStrings", "path": ["monitoring", "a9a755a4", "stdout"], "values": [{"value": "\n", "step": null, "ts": 1724634067.0234113}]}, "version": 371, "at": 1724634067.0234113}
{"obj": {"type": "LogStrings", "path": ["monitoring", "a9a755a4", "stdout"], "values": [{"value": "a_vp = ", "step": null, "ts": 1724634067.0234113}]}, "version": 372, "at": 1724634067.0234113}
{"obj": {"type": "LogStrings", "path": ["monitoring", "a9a755a4", "stdout"], "values": [{"value": " ", "step": null, "ts": 1724634067.0234113}]}, "version": 373, "at": 1724634067.0234113}
{"obj": {"type": "LogStrings", "path": ["monitoring", "a9a755a4", "stdout"], "values": [{"value": "0.8630687401589443", "step": null, "ts": 1724634067.0239537}]}, "version": 374, "at": 1724634067.0239537}
{"obj": {"type": "LogStrings", "path": ["monitoring", "a9a755a4", "stdout"], "values": [{"value": "\n", "step": null, "ts": 1724634067.0239537}]}, "version": 375, "at": 1724634067.0239537}
{"obj": {"type": "LogStrings", "path": ["monitoring", "a9a755a4", "stdout"], "values": [{"value": "new_x = ", "step": null, "ts": 1724634067.0239537}]}, "version": 376, "at": 1724634067.0239537}
{"obj": {"type": "LogStrings", "path": ["monitoring", "a9a755a4", "stdout"], "values": [{"value": " ", "step": null, "ts": 1724634067.0239537}]}, "version": 377, "at": 1724634067.0239537}
{"obj": {"type": "LogStrings", "path": ["monitoring", "a9a755a4", "stdout"], "values": [{"value": "2.4331807472652014", "step": null, "ts": 1724634067.0239537}]}, "version": 378, "at": 1724634067.0239537}
{"obj": {"type": "LogStrings", "path": ["monitoring", "a9a755a4", "stdout"], "values": [{"value": "\n", "step": null, "ts": 1724634067.0239537}]}, "version": 379, "at": 1724634067.0239537}
{"obj": {"type": "LogStrings", "path": ["monitoring", "a9a755a4", "stdout"], "values": [{"value": "new_y = ", "step": null, "ts": 1724634067.0239537}]}, "version": 380, "at": 1724634067.0239537}
{"obj": {"type": "LogStrings", "path": ["monitoring", "a9a755a4", "stdout"], "values": [{"value": " ", "step": null, "ts": 1724634067.0239537}]}, "version": 381, "at": 1724634067.0239537}
{"obj": {"type": "LogStrings", "path": ["monitoring", "a9a755a4", "stdout"], "values": [{"value": "-0.059121983025061", "step": null, "ts": 1724634067.0239537}]}, "version": 382, "at": 1724634067.0239537}
{"obj": {"type": "LogStrings", "path": ["monitoring", "a9a755a4", "stdout"], "values": [{"value": "\n", "step": null, "ts": 1724634067.0239537}]}, "version": 383, "at": 1724634067.0239537}
{"obj": {"type": "LogFloats", "path": ["monitoring", "a9a755a4", "cpu"], "values": [{"value": 13.7, "step": null, "ts": 1724634067.888241}]}, "version": 384, "at": 1724634067.9125063}
{"obj": {"type": "LogFloats", "path": ["monitoring", "a9a755a4", "memory"], "values": [{"value": 12.807777404785156, "step": null, "ts": 1724634067.888241}]}, "version": 385, "at": 1724634067.9125063}
{"obj": {"type": "LogFloats", "path": ["monitoring", "a9a755a4", "gpu"], "values": [{"value": 37.0, "step": null, "ts": 1724634067.888241}]}, "version": 386, "at": 1724634067.9125063}
{"obj": {"type": "LogFloats", "path": ["monitoring", "a9a755a4", "gpu_memory"], "values": [{"value": 1.1741981506347656, "step": null, "ts": 1724634067.888241}]}, "version": 387, "at": 1724634067.9125063}
{"obj": {"type": "LogFloats", "path": ["monitoring", "a9a755a4", "gpu_power"], "values": [{"value": 13.669, "step": null, "ts": 1724634067.888241}]}, "version": 388, "at": 1724634067.9135087}
{"obj": {"type": "LogStrings", "path": ["monitoring", "a9a755a4", "stdout"], "values": [{"value": "Drone2 moved with speed vector [3, 2, 0] with duration 2", "step": null, "ts": 1724634068.672127}]}, "version": 389, "at": 1724634068.672127}
{"obj": {"type": "LogStrings", "path": ["monitoring", "a9a755a4", "stdout"], "values": [{"value": "\n", "step": null, "ts": 1724634068.672127}]}, "version": 390, "at": 1724634068.672127}
{"obj": {"type": "LogStrings", "path": ["monitoring", "a9a755a4", "stdout"], "values": [{"value": "drone 2 ", "step": null, "ts": 1724634068.673124}]}, "version": 391, "at": 1724634068.673124}
{"obj": {"type": "LogStrings", "path": ["monitoring", "a9a755a4", "stdout"], "values": [{"value": " ", "step": null, "ts": 1724634068.673124}]}, "version": 392, "at": 1724634068.673124}
{"obj": {"type": "LogStrings", "path": ["monitoring", "a9a755a4", "stdout"], "values": [{"value": "(6, 0, 0)", "step": null, "ts": 1724634068.673124}]}, "version": 393, "at": 1724634068.673124}
{"obj": {"type": "LogStrings", "path": ["monitoring", "a9a755a4", "stdout"], "values": [{"value": "\n", "step": null, "ts": 1724634068.673124}]}, "version": 394, "at": 1724634068.673124}
{"obj": {"type": "LogStrings", "path": ["monitoring", "a9a755a4", "stdout"], "values": [{"value": "Drone1 moved with speed vector [2.100002242121176, -0.05102633540513789, 0] with duration 2", "step": null, "ts": 1724634069.0975714}]}, "version": 395, "at": 1724634069.0975714}
{"obj": {"type": "LogStrings", "path": ["monitoring", "a9a755a4", "stdout"], "values": [{"value": "\n", "step": null, "ts": 1724634069.0985727}]}, "version": 396, "at": 1724634069.0985727}
{"obj": {"type": "LogStrings", "path": ["monitoring", "a9a755a4", "stdout"], "values": [{"value": "rc=0 , rfov=0 , rd=-2.0548484335614834 , rdir = 0.10919387817382814 , robs= 0 , r_v=0 , r_ang= -1.056478522375146", "step": null, "ts": 1724634069.099572}]}, "version": 397, "at": 1724634069.099572}
{"obj": {"type": "LogStrings", "path": ["monitoring", "a9a755a4", "stdout"], "values": [{"value": "\n", "step": null, "ts": 1724634069.099572}]}, "version": 398, "at": 1724634069.099572}
{"obj": {"type": "LogStrings", "path": ["monitoring", "a9a755a4", "stdout"], "values": [{"value": "next state ", "step": null, "ts": 1724634069.099572}]}, "version": 399, "at": 1724634069.099572}
{"obj": {"type": "LogStrings", "path": ["monitoring", "a9a755a4", "stdout"], "values": [{"value": " ", "step": null, "ts": 1724634069.1005714}]}, "version": 400, "at": 1724634069.1005714}
{"obj": {"type": "LogStrings", "path": ["monitoring", "a9a755a4", "stdout"], "values": [{"value": "[-0.030808804432551067, -0.05577119588851929, -0.036808303991953534, 0.01476429303487142, -0.04703867435455322, -0.03484746217727661, 0.5323160191485168, 0.25807385134109945, 0.0008167625963687896, 0.0012465670668048623, 0.0009415341168642046, 0.0012533146069373614, -1, -1, 15.459693908691406, 15.459693908691406, 15.459693908691406, 15.459693908691406, 15.459693908691406, 15.459693908691406, 15.459693908691406, 15.459693908691406, 15.459693908691406]", "step": null, "ts": 1724634069.1015754}]}, "version": 401, "at": 1724634069.1015754}
{"obj": {"type": "LogStrings", "path": ["monitoring", "a9a755a4", "stdout"], "values": [{"value": "\n", "step": null, "ts": 1724634069.1015754}]}, "version": 402, "at": 1724634069.1015754}
{"obj": {"type": "LogStrings", "path": ["monitoring", "a9a755a4", "stdout"], "values": [{"value": "action ", "step": null, "ts": 1724634069.1015754}]}, "version": 403, "at": 1724634069.1015754}
{"obj": {"type": "LogStrings", "path": ["monitoring", "a9a755a4", "stdout"], "values": [{"value": " ", "step": null, "ts": 1724634069.1015754}]}, "version": 404, "at": 1724634069.1015754}
{"obj": {"type": "LogStrings", "path": ["monitoring", "a9a755a4", "stdout"], "values": [{"value": "216", "step": null, "ts": 1724634069.1030858}]}, "version": 405, "at": 1724634069.1030858}
{"obj": {"type": "LogStrings", "path": ["monitoring", "a9a755a4", "stdout"], "values": [{"value": "\n", "step": null, "ts": 1724634069.1030858}]}, "version": 406, "at": 1724634069.1030858}
{"obj": {"type": "LogStrings", "path": ["monitoring", "a9a755a4", "stdout"], "values": [{"value": "Found 1 cylinders in image", "step": null, "ts": 1724634069.2115624}]}, "version": 407, "at": 1724634069.2115624}
{"obj": {"type": "LogStrings", "path": ["monitoring", "a9a755a4", "stdout"], "values": [{"value": "\n", "step": null, "ts": 1724634069.214088}]}, "version": 408, "at": 1724634069.214088}
{"obj": {"type": "LogStrings", "path": ["monitoring", "a9a755a4", "stdout"], "values": [{"value": "quad_offset = ", "step": null, "ts": 1724634069.217611}]}, "version": 409, "at": 1724634069.217611}
{"obj": {"type": "LogStrings", "path": ["monitoring", "a9a755a4", "stdout"], "values": [{"value": " ", "step": null, "ts": 1724634069.2186086}]}, "version": 410, "at": 1724634069.2186086}
{"obj": {"type": "LogStrings", "path": ["monitoring", "a9a755a4", "stdout"], "values": [{"value": "[-2.3333333333333335, 9.999999999999998, 3]", "step": null, "ts": 1724634069.2186086}]}, "version": 411, "at": 1724634069.2186086}
{"obj": {"type": "LogStrings", "path": ["monitoring", "a9a755a4", "stdout"], "values": [{"value": "\n", "step": null, "ts": 1724634069.2186086}]}, "version": 412, "at": 1724634069.2186086}
{"obj": {"type": "LogStrings", "path": ["monitoring", "a9a755a4", "stdout"], "values": [{"value": "a_vp = ", "step": null, "ts": 1724634069.2186086}]}, "version": 413, "at": 1724634069.2186086}
{"obj": {"type": "LogStrings", "path": ["monitoring", "a9a755a4", "stdout"], "values": [{"value": " ", "step": null, "ts": 1724634069.2186086}]}, "version": 414, "at": 1724634069.2186086}
{"obj": {"type": "LogStrings", "path": ["monitoring", "a9a755a4", "stdout"], "values": [{"value": "-0.28539169534331305", "step": null, "ts": 1724634069.2186086}]}, "version": 415, "at": 1724634069.2186086}
{"obj": {"type": "LogStrings", "path": ["monitoring", "a9a755a4", "stdout"], "values": [{"value": "\n", "step": null, "ts": 1724634069.2186086}]}, "version": 416, "at": 1724634069.2186086}
{"obj": {"type": "LogStrings", "path": ["monitoring", "a9a755a4", "stdout"], "values": [{"value": "new_x = ", "step": null, "ts": 1724634069.2196114}]}, "version": 417, "at": 1724634069.2196114}
{"obj": {"type": "LogStrings", "path": ["monitoring", "a9a755a4", "stdout"], "values": [{"value": " ", "step": null, "ts": 1724634069.2196114}]}, "version": 418, "at": 1724634069.2196114}
{"obj": {"type": "LogStrings", "path": ["monitoring", "a9a755a4", "stdout"], "values": [{"value": "-1.5596162527510802", "step": null, "ts": 1724634069.2196114}]}, "version": 419, "at": 1724634069.2196114}
{"obj": {"type": "LogStrings", "path": ["monitoring", "a9a755a4", "stdout"], "values": [{"value": "\n", "step": null, "ts": 1724634069.2196114}]}, "version": 420, "at": 1724634069.2196114}
{"obj": {"type": "LogStrings", "path": ["monitoring", "a9a755a4", "stdout"], "values": [{"value": "new_y = ", "step": null, "ts": 1724634069.2206109}]}, "version": 421, "at": 1724634069.2206109}
{"obj": {"type": "LogStrings", "path": ["monitoring", "a9a755a4", "stdout"], "values": [{"value": " ", "step": null, "ts": 1724634069.2206109}]}, "version": 422, "at": 1724634069.2206109}
{"obj": {"type": "LogStrings", "path": ["monitoring", "a9a755a4", "stdout"], "values": [{"value": "-0.9253446777096694", "step": null, "ts": 1724634069.2206109}]}, "version": 423, "at": 1724634069.2206109}
{"obj": {"type": "LogStrings", "path": ["monitoring", "a9a755a4", "stdout"], "values": [{"value": "\n", "step": null, "ts": 1724634069.2206109}]}, "version": 424, "at": 1724634069.2206109}
{"obj": {"type": "LogStrings", "path": ["monitoring", "a9a755a4", "stdout"], "values": [{"value": "Drone2 moved with speed vector [6, 0, 0] with duration 2", "step": null, "ts": 1724634070.7400243}]}, "version": 425, "at": 1724634070.7400243}
{"obj": {"type": "LogStrings", "path": ["monitoring", "a9a755a4", "stdout"], "values": [{"value": "\n", "step": null, "ts": 1724634070.7400243}]}, "version": 426, "at": 1724634070.7400243}
{"obj": {"type": "LogStrings", "path": ["monitoring", "a9a755a4", "stdout"], "values": [{"value": "drone 2 ", "step": null, "ts": 1724634070.7400243}]}, "version": 427, "at": 1724634070.7400243}
{"obj": {"type": "LogStrings", "path": ["monitoring", "a9a755a4", "stdout"], "values": [{"value": " ", "step": null, "ts": 1724634070.7410235}]}, "version": 428, "at": 1724634070.7410235}
{"obj": {"type": "LogStrings", "path": ["monitoring", "a9a755a4", "stdout"], "values": [{"value": "(6, -4, 0)", "step": null, "ts": 1724634070.7410235}]}, "version": 429, "at": 1724634070.7410235}
{"obj": {"type": "LogStrings", "path": ["monitoring", "a9a755a4", "stdout"], "values": [{"value": "\n", "step": null, "ts": 1724634070.7410235}]}, "version": 430, "at": 1724634070.7410235}
{"obj": {"type": "LogStrings", "path": ["monitoring", "a9a755a4", "stdout"], "values": [{"value": "Drone1 moved with speed vector [0.4451015264576158, 0.2640856863484742, 0] with duration 3", "step": null, "ts": 1724634072.293632}]}, "version": 431, "at": 1724634072.293632}
{"obj": {"type": "LogStrings", "path": ["monitoring", "a9a755a4", "stdout"], "values": [{"value": "\n", "step": null, "ts": 1724634072.293632}]}, "version": 432, "at": 1724634072.293632}
{"obj": {"type": "LogStrings", "path": ["monitoring", "a9a755a4", "stdout"], "values": [{"value": "rc=0 , rfov=0 , rd=-2.0109682349480247 , rdir = 0.09927602767944337 , robs= 0 , r_v=0 , r_ang= -1.0569929704287784", "step": null, "ts": 1724634072.295142}]}, "version": 433, "at": 1724634072.295142}
{"obj": {"type": "LogStrings", "path": ["monitoring", "a9a755a4", "stdout"], "values": [{"value": "\n", "step": null, "ts": 1724634072.295142}]}, "version": 434, "at": 1724634072.295142}
{"obj": {"type": "LogStrings", "path": ["monitoring", "a9a755a4", "stdout"], "values": [{"value": "next state ", "step": null, "ts": 1724634072.295142}]}, "version": 435, "at": 1724634072.295142}
{"obj": {"type": "LogStrings", "path": ["monitoring", "a9a755a4", "stdout"], "values": [{"value": " ", "step": null, "ts": 1724634072.295142}]}, "version": 436, "at": 1724634072.295142}
{"obj": {"type": "LogStrings", "path": ["monitoring", "a9a755a4", "stdout"], "values": [{"value": "[-0.02243308226267497, -0.058892472585042314, -0.0438781460126241, -0.030808804432551067, -0.05577119588851929, -0.036808303991953534, 0.5871571938886402, 0.5323160191485168, 0.0008487581461668016, 0.0011417680316501194, 0.0008167625963687896, 0.0012465670668048623, 0.0009415341168642046, 0.0012533146069373614, 14.963801383972168, 14.963801383972168, 14.963801383972168, 14.963801383972168, 14.963801383972168, 14.963801383972168, 14.963801383972168, 14.963801383972168, 14.963801383972168]", "step": null, "ts": 1724634072.295142}]}, "version": 437, "at": 1724634072.295142}
{"obj": {"type": "LogStrings", "path": ["monitoring", "a9a755a4", "stdout"], "values": [{"value": "\n", "step": null, "ts": 1724634072.2961457}]}, "version": 438, "at": 1724634072.2961457}
{"obj": {"type": "LogStrings", "path": ["monitoring", "a9a755a4", "stdout"], "values": [{"value": "action ", "step": null, "ts": 1724634072.2961457}]}, "version": 439, "at": 1724634072.2961457}
{"obj": {"type": "LogStrings", "path": ["monitoring", "a9a755a4", "stdout"], "values": [{"value": " ", "step": null, "ts": 1724634072.2971482}]}, "version": 440, "at": 1724634072.2971482}
{"obj": {"type": "LogStrings", "path": ["monitoring", "a9a755a4", "stdout"], "values": [{"value": "258", "step": null, "ts": 1724634072.2971482}]}, "version": 441, "at": 1724634072.2971482}
{"obj": {"type": "LogStrings", "path": ["monitoring", "a9a755a4", "stdout"], "values": [{"value": "\n", "step": null, "ts": 1724634072.2971482}]}, "version": 442, "at": 1724634072.2971482}
{"obj": {"type": "LogStrings", "path": ["monitoring", "a9a755a4", "stdout"], "values": [{"value": "Found 1 cylinders in image", "step": null, "ts": 1724634072.410602}]}, "version": 443, "at": 1724634072.410602}
{"obj": {"type": "LogStrings", "path": ["monitoring", "a9a755a4", "stdout"], "values": [{"value": "\n", "step": null, "ts": 1724634072.4131207}]}, "version": 444, "at": 1724634072.4131207}
{"obj": {"type": "LogStrings", "path": ["monitoring", "a9a755a4", "stdout"], "values": [{"value": "quad_offset = ", "step": null, "ts": 1724634072.4191825}]}, "version": 445, "at": 1724634072.4191825}
{"obj": {"type": "LogStrings", "path": ["monitoring", "a9a755a4", "stdout"], "values": [{"value": " ", "step": null, "ts": 1724634072.420185}]}, "version": 446, "at": 1724634072.420185}
{"obj": {"type": "LogStrings", "path": ["monitoring", "a9a755a4", "stdout"], "values": [{"value": "[0.3333333333333335, 23.33333333333333, 3]", "step": null, "ts": 1724634072.4211812}]}, "version": 447, "at": 1724634072.4211812}
{"obj": {"type": "LogStrings", "path": ["monitoring", "a9a755a4", "stdout"], "values": [{"value": "\n", "step": null, "ts": 1724634072.422182}]}, "version": 448, "at": 1724634072.422182}
{"obj": {"type": "LogStrings", "path": ["monitoring", "a9a755a4", "stdout"], "values": [{"value": "a_vp = ", "step": null, "ts": 1724634072.422182}]}, "version": 449, "at": 1724634072.422182}
{"obj": {"type": "LogStrings", "path": ["monitoring", "a9a755a4", "stdout"], "values": [{"value": " ", "step": null, "ts": 1724634072.422182}]}, "version": 450, "at": 1724634072.422182}
{"obj": {"type": "LogStrings", "path": ["monitoring", "a9a755a4", "stdout"], "values": [{"value": "1.6289583605919025", "step": null, "ts": 1724634072.422182}]}, "version": 451, "at": 1724634072.422182}
{"obj": {"type": "LogStrings", "path": ["monitoring", "a9a755a4", "stdout"], "values": [{"value": "\n", "step": null, "ts": 1724634072.422182}]}, "version": 452, "at": 1724634072.422182}
{"obj": {"type": "LogStrings", "path": ["monitoring", "a9a755a4", "stdout"], "values": [{"value": "new_x = ", "step": null, "ts": 1724634072.422182}]}, "version": 453, "at": 1724634072.422182}
{"obj": {"type": "LogStrings", "path": ["monitoring", "a9a755a4", "stdout"], "values": [{"value": " ", "step": null, "ts": 1724634072.422182}]}, "version": 454, "at": 1724634072.422182}
{"obj": {"type": "LogStrings", "path": ["monitoring", "a9a755a4", "stdout"], "values": [{"value": "0.14603016466873514", "step": null, "ts": 1724634072.422182}]}, "version": 455, "at": 1724634072.422182}
{"obj": {"type": "LogStrings", "path": ["monitoring", "a9a755a4", "stdout"], "values": [{"value": "\n", "step": null, "ts": 1724634072.423179}]}, "version": 456, "at": 1724634072.423179}
{"obj": {"type": "LogStrings", "path": ["monitoring", "a9a755a4", "stdout"], "values": [{"value": "new_y = ", "step": null, "ts": 1724634072.423179}]}, "version": 457, "at": 1724634072.423179}
{"obj": {"type": "LogStrings", "path": ["monitoring", "a9a755a4", "stdout"], "values": [{"value": " ", "step": null, "ts": 1724634072.423179}]}, "version": 458, "at": 1724634072.423179}
{"obj": {"type": "LogStrings", "path": ["monitoring", "a9a755a4", "stdout"], "values": [{"value": "-0.5060844741140982", "step": null, "ts": 1724634072.423179}]}, "version": 459, "at": 1724634072.423179}
{"obj": {"type": "LogStrings", "path": ["monitoring", "a9a755a4", "stdout"], "values": [{"value": "\n", "step": null, "ts": 1724634072.423179}]}, "version": 460, "at": 1724634072.423179}
{"obj": {"type": "LogStrings", "path": ["monitoring", "a9a755a4", "stdout"], "values": [{"value": "Drone2 moved with speed vector [6, -4, 0] with duration 2", "step": null, "ts": 1724634072.8003235}]}, "version": 461, "at": 1724634072.8003235}
{"obj": {"type": "LogStrings", "path": ["monitoring", "a9a755a4", "stdout"], "values": [{"value": "\n", "step": null, "ts": 1724634072.8003235}]}, "version": 462, "at": 1724634072.8003235}
{"obj": {"type": "LogStrings", "path": ["monitoring", "a9a755a4", "stdout"], "values": [{"value": "drone 2 ", "step": null, "ts": 1724634072.8013263}]}, "version": 463, "at": 1724634072.8013263}
{"obj": {"type": "LogStrings", "path": ["monitoring", "a9a755a4", "stdout"], "values": [{"value": " ", "step": null, "ts": 1724634072.8013263}]}, "version": 464, "at": 1724634072.8013263}
{"obj": {"type": "LogStrings", "path": ["monitoring", "a9a755a4", "stdout"], "values": [{"value": "(9, 0, 0)", "step": null, "ts": 1724634072.8013263}]}, "version": 465, "at": 1724634072.8013263}
{"obj": {"type": "LogStrings", "path": ["monitoring", "a9a755a4", "stdout"], "values": [{"value": "\n", "step": null, "ts": 1724634072.8023226}]}, "version": 466, "at": 1724634072.8023226}
{"obj": {"type": "LogStrings", "path": ["monitoring", "a9a755a4", "stdout"], "values": [{"value": "Drone2 moved with speed vector [9, 0, 0] with duration 2", "step": null, "ts": 1724634074.8694873}]}, "version": 467, "at": 1724634074.8694873}
{"obj": {"type": "LogStrings", "path": ["monitoring", "a9a755a4", "stdout"], "values": [{"value": "\n", "step": null, "ts": 1724634074.871486}]}, "version": 468, "at": 1724634074.871486}
{"obj": {"type": "LogStrings", "path": ["monitoring", "a9a755a4", "stdout"], "values": [{"value": "drone 2 ", "step": null, "ts": 1724634074.871486}]}, "version": 469, "at": 1724634074.871486}
{"obj": {"type": "LogStrings", "path": ["monitoring", "a9a755a4", "stdout"], "values": [{"value": " ", "step": null, "ts": 1724634074.871486}]}, "version": 470, "at": 1724634074.871486}
{"obj": {"type": "LogStrings", "path": ["monitoring", "a9a755a4", "stdout"], "values": [{"value": "(0, 0, 0)", "step": null, "ts": 1724634074.871486}]}, "version": 471, "at": 1724634074.871486}
{"obj": {"type": "LogStrings", "path": ["monitoring", "a9a755a4", "stdout"], "values": [{"value": "\n", "step": null, "ts": 1724634074.871486}]}, "version": 472, "at": 1724634074.871486}
{"obj": {"type": "LogStrings", "path": ["monitoring", "a9a755a4", "stdout"], "values": [{"value": "Drone1 moved with speed vector [0.23787705763574835, -0.8243905352739165, 0] with duration 3", "step": null, "ts": 1724634075.4952521}]}, "version": 473, "at": 1724634075.4952521}
{"obj": {"type": "LogStrings", "path": ["monitoring", "a9a755a4", "stdout"], "values": [{"value": "\n", "step": null, "ts": 1724634075.4952521}]}, "version": 474, "at": 1724634075.4952521}
{"obj": {"type": "LogStrings", "path": ["monitoring", "a9a755a4", "stdout"], "values": [{"value": "rc=0 , rfov=0 , rd=-2.0326841929323995 , rdir = 0.09994579315185548 , robs= 0 , r_v=0 , r_ang= -1.0565587105288", "step": null, "ts": 1724634075.4972608}]}, "version": 475, "at": 1724634075.4972608}
{"obj": {"type": "LogStrings", "path": ["monitoring", "a9a755a4", "stdout"], "values": [{"value": "\n", "step": null, "ts": 1724634075.4982593}]}, "version": 476, "at": 1724634075.4982593}
{"obj": {"type": "LogStrings", "path": ["monitoring", "a9a755a4", "stdout"], "values": [{"value": "next state ", "step": null, "ts": 1724634075.4992585}]}, "version": 477, "at": 1724634075.4992585}
{"obj": {"type": "LogStrings", "path": ["monitoring", "a9a755a4", "stdout"], "values": [{"value": " ", "step": null, "ts": 1724634075.4992585}]}, "version": 478, "at": 1724634075.4992585}
{"obj": {"type": "LogStrings", "path": ["monitoring", "a9a755a4", "stdout"], "values": [{"value": "[-0.0013375783960024516, -0.054437585671742755, -0.043893321355183916, -0.02243308226267497, -0.058892472585042314, -0.0438781460126241, 0.7505781585506369, 0.5871571938886402, 0.0008130354061722756, 0.0012389522717322831, 0.0008487581461668016, 0.0011417680316501194, 0.0008167625963687896, 0.0012465670668048623, 14.997289657592773, 14.997289657592773, 14.997289657592773, 14.997289657592773, 14.997289657592773, 14.997289657592773, 14.997289657592773, 14.997289657592773, 14.997289657592773]", "step": null, "ts": 1724634075.5002606}]}, "version": 479, "at": 1724634075.5002606}
{"obj": {"type": "LogStrings", "path": ["monitoring", "a9a755a4", "stdout"], "values": [{"value": "\n", "step": null, "ts": 1724634075.5002606}]}, "version": 480, "at": 1724634075.5002606}
{"obj": {"type": "LogStrings", "path": ["monitoring", "a9a755a4", "stdout"], "values": [{"value": "action ", "step": null, "ts": 1724634075.501263}]}, "version": 481, "at": 1724634075.501263}
{"obj": {"type": "LogStrings", "path": ["monitoring", "a9a755a4", "stdout"], "values": [{"value": " ", "step": null, "ts": 1724634075.501263}]}, "version": 482, "at": 1724634075.501263}
{"obj": {"type": "LogStrings", "path": ["monitoring", "a9a755a4", "stdout"], "values": [{"value": "96", "step": null, "ts": 1724634075.501263}]}, "version": 483, "at": 1724634075.5022602}
{"obj": {"type": "LogStrings", "path": ["monitoring", "a9a755a4", "stdout"], "values": [{"value": "\n", "step": null, "ts": 1724634075.5022602}]}, "version": 484, "at": 1724634075.5022602}
{"obj": {"type": "LogStrings", "path": ["monitoring", "a9a755a4", "stdout"], "values": [{"value": "Found 1 cylinders in image", "step": null, "ts": 1724634075.6381118}]}, "version": 485, "at": 1724634075.6381118}
{"obj": {"type": "LogStrings", "path": ["monitoring", "a9a755a4", "stdout"], "values": [{"value": "\n", "step": null, "ts": 1724634075.6401122}]}, "version": 486, "at": 1724634075.6401122}
{"obj": {"type": "LogStrings", "path": ["monitoring", "a9a755a4", "stdout"], "values": [{"value": "quad_offset = ", "step": null, "ts": 1724634075.6441298}]}, "version": 487, "at": 1724634075.6441298}
{"obj": {"type": "LogStrings", "path": ["monitoring", "a9a755a4", "stdout"], "values": [{"value": " ", "step": null, "ts": 1724634075.6441298}]}, "version": 488, "at": 1724634075.6441298}
{"obj": {"type": "LogStrings", "path": ["monitoring", "a9a755a4", "stdout"], "values": [{"value": "[3.0, 9.999999999999998, 1]", "step": null, "ts": 1724634075.6451368}]}, "version": 489, "at": 1724634075.6451368}
{"obj": {"type": "LogStrings", "path": ["monitoring", "a9a755a4", "stdout"], "values": [{"value": "\n", "step": null, "ts": 1724634075.646135}]}, "version": 490, "at": 1724634075.646135}
{"obj": {"type": "LogStrings", "path": ["monitoring", "a9a755a4", "stdout"], "values": [{"value": "a_vp = ", "step": null, "ts": 1724634075.646135}]}, "version": 491, "at": 1724634075.646135}
{"obj": {"type": "LogStrings", "path": ["monitoring", "a9a755a4", "stdout"], "values": [{"value": " ", "step": null, "ts": 1724634075.646135}]}, "version": 492, "at": 1724634075.646135}
{"obj": {"type": "LogStrings", "path": ["monitoring", "a9a755a4", "stdout"], "values": [{"value": "4.615509951737267", "step": null, "ts": 1724634075.6471353}]}, "version": 493, "at": 1724634075.6471353}
{"obj": {"type": "LogStrings", "path": ["monitoring", "a9a755a4", "stdout"], "values": [{"value": "\n", "step": null, "ts": 1724634075.6471353}]}, "version": 494, "at": 1724634075.6471353}
{"obj": {"type": "LogStrings", "path": ["monitoring", "a9a755a4", "stdout"], "values": [{"value": "new_x = ", "step": null, "ts": 1724634075.6471353}]}, "version": 495, "at": 1724634075.6471353}
{"obj": {"type": "LogStrings", "path": ["monitoring", "a9a755a4", "stdout"], "values": [{"value": " ", "step": null, "ts": 1724634075.6471353}]}, "version": 496, "at": 1724634075.6471353}
{"obj": {"type": "LogStrings", "path": ["monitoring", "a9a755a4", "stdout"], "values": [{"value": "-0.6299734805706975", "step": null, "ts": 1724634075.6471353}]}, "version": 497, "at": 1724634075.6471353}
{"obj": {"type": "LogStrings", "path": ["monitoring", "a9a755a4", "stdout"], "values": [{"value": "\n", "step": null, "ts": 1724634075.6481364}]}, "version": 498, "at": 1724634075.6481364}
{"obj": {"type": "LogStrings", "path": ["monitoring", "a9a755a4", "stdout"], "values": [{"value": "new_y = ", "step": null, "ts": 1724634075.6481364}]}, "version": 499, "at": 1724634075.6481364}
{"obj": {"type": "LogStrings", "path": ["monitoring", "a9a755a4", "stdout"], "values": [{"value": " ", "step": null, "ts": 1724634075.6481364}]}, "version": 500, "at": 1724634075.6481364}
{"obj": {"type": "LogStrings", "path": ["monitoring", "a9a755a4", "stdout"], "values": [{"value": "0.5365941536155991", "step": null, "ts": 1724634075.6481364}]}, "version": 501, "at": 1724634075.6481364}
{"obj": {"type": "LogStrings", "path": ["monitoring", "a9a755a4", "stdout"], "values": [{"value": "\n", "step": null, "ts": 1724634075.6481364}]}, "version": 502, "at": 1724634075.6481364}
{"obj": {"type": "LogStrings", "path": ["monitoring", "a9a755a4", "stdout"], "values": [{"value": "Drone1 moved with speed vector [-2.907648868904618, 2.476655656056834, 0] with duration 1", "step": null, "ts": 1724634076.6782196}]}, "version": 503, "at": 1724634076.6782196}
{"obj": {"type": "LogStrings", "path": ["monitoring", "a9a755a4", "stdout"], "values": [{"value": "\n", "step": null, "ts": 1724634076.6782196}]}, "version": 504, "at": 1724634076.6782196}
{"obj": {"type": "LogStrings", "path": ["monitoring", "a9a755a4", "stdout"], "values": [{"value": "rc=0 , rfov=0 , rd=-2.03416469379848 , rdir = 0.1052750587463379 , robs= 0 , r_v=0 , r_ang= -1.0568941805641874", "step": null, "ts": 1724634076.6802118}]}, "version": 505, "at": 1724634076.6802118}
{"obj": {"type": "LogStrings", "path": ["monitoring", "a9a755a4", "stdout"], "values": [{"value": "\n", "step": null, "ts": 1724634076.6802118}]}, "version": 506, "at": 1724634076.6802118}
{"obj": {"type": "LogStrings", "path": ["monitoring", "a9a755a4", "stdout"], "values": [{"value": "next state ", "step": null, "ts": 1724634076.6812105}]}, "version": 507, "at": 1724634076.6812105}
{"obj": {"type": "LogStrings", "path": ["monitoring", "a9a755a4", "stdout"], "values": [{"value": " ", "step": null, "ts": 1724634076.6812105}]}, "version": 508, "at": 1724634076.6812105}
{"obj": {"type": "LogStrings", "path": ["monitoring", "a9a755a4", "stdout"], "values": [{"value": "[0.006285295387109121, -0.0681769847869873, -0.04359036684036255, -0.0013375783960024516, -0.054437585671742755, -0.043893321355183916, 0.9214016275430358, 0.7505781585506369, 0.00078614741563797, 0.0012184003547385887, 0.0008130354061722756, 0.0012389522717322831, 0.0008487581461668016, 0.0011417680316501194, 15.263752937316895, 15.263752937316895, 15.263752937316895, 15.263752937316895, 15.263752937316895, 15.263752937316895, 15.263752937316895, 15.263752937316895, 15.263752937316895]", "step": null, "ts": 1724634076.688249}]}, "version": 509, "at": 1724634076.688249}
{"obj": {"type": "LogStrings", "path": ["monitoring", "a9a755a4", "stdout"], "values": [{"value": "\n", "step": null, "ts": 1724634076.688249}]}, "version": 510, "at": 1724634076.688249}
{"obj": {"type": "LogStrings", "path": ["monitoring", "a9a755a4", "stdout"], "values": [{"value": "action ", "step": null, "ts": 1724634076.6892493}]}, "version": 511, "at": 1724634076.6892493}
{"obj": {"type": "LogStrings", "path": ["monitoring", "a9a755a4", "stdout"], "values": [{"value": " ", "step": null, "ts": 1724634076.6892493}]}, "version": 512, "at": 1724634076.6892493}
{"obj": {"type": "LogStrings", "path": ["monitoring", "a9a755a4", "stdout"], "values": [{"value": "78", "step": null, "ts": 1724634076.6892493}]}, "version": 513, "at": 1724634076.6892493}
{"obj": {"type": "LogStrings", "path": ["monitoring", "a9a755a4", "stdout"], "values": [{"value": "\n", "step": null, "ts": 1724634076.6892493}]}, "version": 514, "at": 1724634076.6892493}
{"obj": {"type": "LogStrings", "path": ["monitoring", "a9a755a4", "stdout"], "values": [{"value": "Found 1 cylinders in image", "step": null, "ts": 1724634076.813744}]}, "version": 515, "at": 1724634076.813744}
{"obj": {"type": "LogStrings", "path": ["monitoring", "a9a755a4", "stdout"], "values": [{"value": "\n", "step": null, "ts": 1724634076.8182697}]}, "version": 516, "at": 1724634076.8182697}
{"obj": {"type": "LogStrings", "path": ["monitoring", "a9a755a4", "stdout"], "values": [{"value": "quad_offset = ", "step": null, "ts": 1724634076.8202686}]}, "version": 517, "at": 1724634076.8202686}
{"obj": {"type": "LogStrings", "path": ["monitoring", "a9a755a4", "stdout"], "values": [{"value": " ", "step": null, "ts": 1724634076.8202686}]}, "version": 518, "at": 1724634076.8202686}
{"obj": {"type": "LogStrings", "path": ["monitoring", "a9a755a4", "stdout"], "values": [{"value": "[1.666666666666666, 23.33333333333333, 1]", "step": null, "ts": 1724634076.8202686}]}, "version": 519, "at": 1724634076.8202686}
{"obj": {"type": "LogStrings", "path": ["monitoring", "a9a755a4", "stdout"], "values": [{"value": "\n", "step": null, "ts": 1724634076.8232682}]}, "version": 520, "at": 1724634076.8232682}
{"obj": {"type": "LogStrings", "path": ["monitoring", "a9a755a4", "stdout"], "values": [{"value": "a_vp = ", "step": null, "ts": 1724634076.8232682}]}, "version": 521, "at": 1724634076.8232682}
{"obj": {"type": "LogStrings", "path": ["monitoring", "a9a755a4", "stdout"], "values": [{"value": " ", "step": null, "ts": 1724634076.8232682}]}, "version": 522, "at": 1724634076.8232682}
{"obj": {"type": "LogStrings", "path": ["monitoring", "a9a755a4", "stdout"], "values": [{"value": "1.6298832128737428", "step": null, "ts": 1724634076.8232682}]}, "version": 523, "at": 1724634076.8232682}
{"obj": {"type": "LogStrings", "path": ["monitoring", "a9a755a4", "stdout"], "values": [{"value": "\n", "step": null, "ts": 1724634076.8232682}]}, "version": 524, "at": 1724634076.8232682}
{"obj": {"type": "LogStrings", "path": ["monitoring", "a9a755a4", "stdout"], "values": [{"value": "new_x = ", "step": null, "ts": 1724634076.8241994}]}, "version": 525, "at": 1724634076.8241994}
{"obj": {"type": "LogStrings", "path": ["monitoring", "a9a755a4", "stdout"], "values": [{"value": " ", "step": null, "ts": 1724634076.8241994}]}, "version": 526, "at": 1724634076.8241994}
{"obj": {"type": "LogStrings", "path": ["monitoring", "a9a755a4", "stdout"], "values": [{"value": "2.051701516716943", "step": null, "ts": 1724634076.8241994}]}, "version": 527, "at": 1724634076.8241994}
{"obj": {"type": "LogStrings", "path": ["monitoring", "a9a755a4", "stdout"], "values": [{"value": "\n", "step": null, "ts": 1724634076.8241994}]}, "version": 528, "at": 1724634076.8241994}
{"obj": {"type": "LogStrings", "path": ["monitoring", "a9a755a4", "stdout"], "values": [{"value": "new_y = ", "step": null, "ts": 1724634076.8241994}]}, "version": 529, "at": 1724634076.8241994}
{"obj": {"type": "LogStrings", "path": ["monitoring", "a9a755a4", "stdout"], "values": [{"value": " ", "step": null, "ts": 1724634076.8241994}]}, "version": 530, "at": 1724634076.8241994}
{"obj": {"type": "LogStrings", "path": ["monitoring", "a9a755a4", "stdout"], "values": [{"value": "1.6697021125794702", "step": null, "ts": 1724634076.8241994}]}, "version": 531, "at": 1724634076.8241994}
{"obj": {"type": "LogStrings", "path": ["monitoring", "a9a755a4", "stdout"], "values": [{"value": "\n", "step": null, "ts": 1724634076.8241994}]}, "version": 532, "at": 1724634076.8241994}
{"obj": {"type": "LogStrings", "path": ["monitoring", "a9a755a4", "stdout"], "values": [{"value": "Drone2 moved with speed vector [0, 0, 0] with duration 2", "step": null, "ts": 1724634076.9331143}]}, "version": 533, "at": 1724634076.9331143}
{"obj": {"type": "LogStrings", "path": ["monitoring", "a9a755a4", "stdout"], "values": [{"value": "\n", "step": null, "ts": 1724634076.935714}]}, "version": 534, "at": 1724634076.935714}
{"obj": {"type": "LogStrings", "path": ["monitoring", "a9a755a4", "stdout"], "values": [{"value": "after thread target ", "step": null, "ts": 1724634076.935714}]}, "version": 535, "at": 1724634076.935714}
{"obj": {"type": "LogStrings", "path": ["monitoring", "a9a755a4", "stdout"], "values": [{"value": " ", "step": null, "ts": 1724634076.9361448}]}, "version": 536, "at": 1724634076.9361448}
{"obj": {"type": "LogStrings", "path": ["monitoring", "a9a755a4", "stdout"], "values": [{"value": "1", "step": null, "ts": 1724634076.9361448}]}, "version": 537, "at": 1724634076.9361448}
{"obj": {"type": "LogStrings", "path": ["monitoring", "a9a755a4", "stdout"], "values": [{"value": "\n", "step": null, "ts": 1724634076.9361448}]}, "version": 538, "at": 1724634076.9361448}
{"obj": {"type": "LogStrings", "path": ["monitoring", "a9a755a4", "stdout"], "values": [{"value": "Drone1 moved with speed vector [3.3440338599245423, 2.7214194437931027, 0] with duration 1", "step": null, "ts": 1724634077.8460648}]}, "version": 539, "at": 1724634077.8460648}
{"obj": {"type": "LogStrings", "path": ["monitoring", "a9a755a4", "stdout"], "values": [{"value": "\n", "step": null, "ts": 1724634077.8460648}]}, "version": 540, "at": 1724634077.8460648}
{"obj": {"type": "LogStrings", "path": ["monitoring", "a9a755a4", "stdout"], "values": [{"value": "rc=0 , rfov=0 , rd=-2.0043406824798926 , rdir = 0.09703981399536132 , robs= 0 , r_v=0 , r_ang= -1.0559689577886722", "step": null, "ts": 1724634077.8470829}]}, "version": 541, "at": 1724634077.8470829}
{"obj": {"type": "LogStrings", "path": ["monitoring", "a9a755a4", "stdout"], "values": [{"value": "\n", "step": null, "ts": 1724634077.8480654}]}, "version": 542, "at": 1724634077.8480654}
{"obj": {"type": "LogStrings", "path": ["monitoring", "a9a755a4", "stdout"], "values": [{"value": "next state ", "step": null, "ts": 1724634077.8480654}]}, "version": 543, "at": 1724634077.8480654}
{"obj": {"type": "LogStrings", "path": ["monitoring", "a9a755a4", "stdout"], "values": [{"value": " ", "step": null, "ts": 1724634077.8500686}]}, "version": 544, "at": 1724634077.8500686}
{"obj": {"type": "LogStrings", "path": ["monitoring", "a9a755a4", "stdout"], "values": [{"value": "[-0.00425384392340978, -0.06226696570714315, -0.049972132841746016, 0.006285295387109121, -0.0681769847869873, -0.04359036684036255, 0.9431050399424991, 0.9214016275430358, 0.0007826260477304459, 0.0013528372917646244, 0.00078614741563797, 0.0012184003547385887, 0.0008130354061722756, 0.0012389522717322831, 14.851990699768066, 14.851990699768066, 14.851990699768066, 14.851990699768066, 14.851990699768066, 14.851990699768066, 14.851990699768066, 14.851990699768066, 14.851990699768066]", "step": null, "ts": 1724634077.8510647}]}, "version": 545, "at": 1724634077.8510647}
{"obj": {"type": "LogStrings", "path": ["monitoring", "a9a755a4", "stdout"], "values": [{"value": "\n", "step": null, "ts": 1724634077.8510647}]}, "version": 546, "at": 1724634077.8510647}
{"obj": {"type": "LogStrings", "path": ["monitoring", "a9a755a4", "stdout"], "values": [{"value": "after thread drone ", "step": null, "ts": 1724634077.8510647}]}, "version": 547, "at": 1724634077.8510647}
{"obj": {"type": "LogStrings", "path": ["monitoring", "a9a755a4", "stdout"], "values": [{"value": " ", "step": null, "ts": 1724634077.8520694}]}, "version": 548, "at": 1724634077.8520694}
{"obj": {"type": "LogStrings", "path": ["monitoring", "a9a755a4", "stdout"], "values": [{"value": "1", "step": null, "ts": 1724634077.8520694}]}, "version": 549, "at": 1724634077.8520694}
{"obj": {"type": "LogStrings", "path": ["monitoring", "a9a755a4", "stdout"], "values": [{"value": "\n", "step": null, "ts": 1724634077.8520694}]}, "version": 550, "at": 1724634077.8520694}
{"obj": {"type": "LogFloats", "path": ["reward"], "values": [{"value": -77.73009481177526, "step": null, "ts": 1724634077.8530664}]}, "version": 551, "at": 1724634077.8530664}
{"obj": {"type": "LogFloats", "path": ["epsilon"], "values": [{"value": 0.9966397157203487, "step": null, "ts": 1724634077.8530664}]}, "version": 552, "at": 1724634077.8540678}
{"obj": {"type": "LogStrings", "path": ["monitoring", "a9a755a4", "stdout"], "values": [{"value": "episode ", "step": null, "ts": 1724634077.8540678}]}, "version": 553, "at": 1724634077.8540678}
{"obj": {"type": "LogStrings", "path": ["monitoring", "a9a755a4", "stdout"], "values": [{"value": " ", "step": null, "ts": 1724634077.8540678}]}, "version": 554, "at": 1724634077.8540678}
{"obj": {"type": "LogStrings", "path": ["monitoring", "a9a755a4", "stdout"], "values": [{"value": "2", "step": null, "ts": 1724634077.8540678}]}, "version": 555, "at": 1724634077.8540678}
{"obj": {"type": "LogStrings", "path": ["monitoring", "a9a755a4", "stdout"], "values": [{"value": "\n", "step": null, "ts": 1724634077.8550797}]}, "version": 556, "at": 1724634077.8550797}
{"obj": {"type": "LogStrings", "path": ["monitoring", "a9a755a4", "stdout"], "values": [{"value": "reset", "step": null, "ts": 1724634077.8550797}]}, "version": 557, "at": 1724634077.8550797}
{"obj": {"type": "LogStrings", "path": ["monitoring", "a9a755a4", "stdout"], "values": [{"value": "\n", "step": null, "ts": 1724634077.8556015}]}, "version": 558, "at": 1724634077.8556015}
{"obj": {"type": "LogFloats", "path": ["monitoring", "a9a755a4", "cpu"], "values": [{"value": 20.5, "step": null, "ts": 1724634077.9155293}]}, "version": 559, "at": 1724634077.9371188}
{"obj": {"type": "LogFloats", "path": ["monitoring", "a9a755a4", "memory"], "values": [{"value": 12.828369140625, "step": null, "ts": 1724634077.9155293}]}, "version": 560, "at": 1724634077.9371188}
{"obj": {"type": "LogFloats", "path": ["monitoring", "a9a755a4", "gpu"], "values": [{"value": 33.0, "step": null, "ts": 1724634077.9155293}]}, "version": 561, "at": 1724634077.938116}
{"obj": {"type": "LogFloats", "path": ["monitoring", "a9a755a4", "gpu_memory"], "values": [{"value": 1.1751136779785156, "step": null, "ts": 1724634077.9155293}]}, "version": 562, "at": 1724634077.938116}
{"obj": {"type": "LogFloats", "path": ["monitoring", "a9a755a4", "gpu_power"], "values": [{"value": 13.826, "step": null, "ts": 1724634077.9155293}]}, "version": 563, "at": 1724634077.938116}
{"obj": {"type": "LogStrings", "path": ["monitoring", "a9a755a4", "stdout"], "values": [{"value": "Found 1 cylinders in image", "step": null, "ts": 1724634078.0122974}]}, "version": 564, "at": 1724634078.0122974}
{"obj": {"type": "LogStrings", "path": ["monitoring", "a9a755a4", "stdout"], "values": [{"value": "\n", "step": null, "ts": 1724634078.0153477}]}, "version": 565, "at": 1724634078.0153477}
{"obj": {"type": "LogStrings", "path": ["monitoring", "a9a755a4", "stdout"], "values": [{"value": "Drone1 moved with speed vector [1, 0, 0] with duration 2", "step": null, "ts": 1724634084.1149795}]}, "version": 566, "at": 1724634084.1149795}
{"obj": {"type": "LogStrings", "path": ["monitoring", "a9a755a4", "stdout"], "values": [{"value": "\n", "step": null, "ts": 1724634084.115915}]}, "version": 567, "at": 1724634084.115915}
{"obj": {"type": "LogStrings", "path": ["monitoring", "a9a755a4", "stdout"], "values": [{"value": "before threads ", "step": null, "ts": 1724634084.115915}]}, "version": 568, "at": 1724634084.116913}
{"obj": {"type": "LogStrings", "path": ["monitoring", "a9a755a4", "stdout"], "values": [{"value": " ", "step": null, "ts": 1724634084.116913}]}, "version": 569, "at": 1724634084.116913}
{"obj": {"type": "LogStrings", "path": ["monitoring", "a9a755a4", "stdout"], "values": [{"value": "0", "step": null, "ts": 1724634084.116913}]}, "version": 570, "at": 1724634084.116913}
{"obj": {"type": "LogStrings", "path": ["monitoring", "a9a755a4", "stdout"], "values": [{"value": "\n", "step": null, "ts": 1724634084.116913}]}, "version": 571, "at": 1724634084.116913}
{"obj": {"type": "LogStrings", "path": ["monitoring", "a9a755a4", "stdout"], "values": [{"value": "drone 2 ", "step": null, "ts": 1724634084.1224205}]}, "version": 572, "at": 1724634084.1224205}
{"obj": {"type": "LogStrings", "path": ["monitoring", "a9a755a4", "stdout"], "values": [{"value": " ", "step": null, "ts": 1724634084.1224205}]}, "version": 573, "at": 1724634084.1224205}
{"obj": {"type": "LogStrings", "path": ["monitoring", "a9a755a4", "stdout"], "values": [{"value": "(3, 0, 0)", "step": null, "ts": 1724634084.1234276}]}, "version": 574, "at": 1724634084.1234276}
{"obj": {"type": "LogStrings", "path": ["monitoring", "a9a755a4", "stdout"], "values": [{"value": "\n", "step": null, "ts": 1724634084.1280477}]}, "version": 575, "at": 1724634084.1280477}
{"obj": {"type": "LogStrings", "path": ["monitoring", "a9a755a4", "stdout"], "values": [{"value": "action ", "step": null, "ts": 1724634084.1299572}]}, "version": 576, "at": 1724634084.1299572}
{"obj": {"type": "LogStrings", "path": ["monitoring", "a9a755a4", "stdout"], "values": [{"value": " ", "step": null, "ts": 1724634084.1299572}]}, "version": 577, "at": 1724634084.1299572}
{"obj": {"type": "LogStrings", "path": ["monitoring", "a9a755a4", "stdout"], "values": [{"value": "242", "step": null, "ts": 1724634084.1299572}]}, "version": 578, "at": 1724634084.1299572}
{"obj": {"type": "LogStrings", "path": ["monitoring", "a9a755a4", "stdout"], "values": [{"value": "\n", "step": null, "ts": 1724634084.1360602}]}, "version": 579, "at": 1724634084.1360602}
{"obj": {"type": "LogStrings", "path": ["monitoring", "a9a755a4", "stdout"], "values": [{"value": "Found 1 cylinders in image", "step": null, "ts": 1724634084.6007557}]}, "version": 580, "at": 1724634084.6007557}
{"obj": {"type": "LogStrings", "path": ["monitoring", "a9a755a4", "stdout"], "values": [{"value": "\n", "step": null, "ts": 1724634084.6017528}]}, "version": 581, "at": 1724634084.6017528}
{"obj": {"type": "LogStrings", "path": ["monitoring", "a9a755a4", "stdout"], "values": [{"value": "quad_offset = ", "step": null, "ts": 1724634084.6077924}]}, "version": 582, "at": 1724634084.6077924}
{"obj": {"type": "LogStrings", "path": ["monitoring", "a9a755a4", "stdout"], "values": [{"value": " ", "step": null, "ts": 1724634084.6077924}]}, "version": 583, "at": 1724634084.6077924}
{"obj": {"type": "LogStrings", "path": ["monitoring", "a9a755a4", "stdout"], "values": [{"value": "[-0.3333333333333335, -16.666666666666668, 3]", "step": null, "ts": 1724634084.6088068}]}, "version": 584, "at": 1724634084.6088068}
{"obj": {"type": "LogStrings", "path": ["monitoring", "a9a755a4", "stdout"], "values": [{"value": "\n", "step": null, "ts": 1724634084.6088068}]}, "version": 585, "at": 1724634084.6088068}
{"obj": {"type": "LogStrings", "path": ["monitoring", "a9a755a4", "stdout"], "values": [{"value": "a_vp = ", "step": null, "ts": 1724634084.6088068}]}, "version": 586, "at": 1724634084.6097865}
{"obj": {"type": "LogStrings", "path": ["monitoring", "a9a755a4", "stdout"], "values": [{"value": " ", "step": null, "ts": 1724634084.6097865}]}, "version": 587, "at": 1724634084.6097865}
{"obj": {"type": "LogStrings", "path": ["monitoring", "a9a755a4", "stdout"], "values": [{"value": "0.013235681836679003", "step": null, "ts": 1724634084.6097865}]}, "version": 588, "at": 1724634084.6097865}
{"obj": {"type": "LogStrings", "path": ["monitoring", "a9a755a4", "stdout"], "values": [{"value": "\n", "step": null, "ts": 1724634084.6097865}]}, "version": 589, "at": 1724634084.6097865}
{"obj": {"type": "LogStrings", "path": ["monitoring", "a9a755a4", "stdout"], "values": [{"value": "new_x = ", "step": null, "ts": 1724634084.6097865}]}, "version": 590, "at": 1724634084.6097865}
{"obj": {"type": "LogStrings", "path": ["monitoring", "a9a755a4", "stdout"], "values": [{"value": " ", "step": null, "ts": 1724634084.6097865}]}, "version": 591, "at": 1724634084.6108103}
{"obj": {"type": "LogStrings", "path": ["monitoring", "a9a755a4", "stdout"], "values": [{"value": "-0.19409596296735498", "step": null, "ts": 1724634084.6108103}]}, "version": 592, "at": 1724634084.6108103}
{"obj": {"type": "LogStrings", "path": ["monitoring", "a9a755a4", "stdout"], "values": [{"value": "\n", "step": null, "ts": 1724634084.6108103}]}, "version": 593, "at": 1724634084.6108103}
{"obj": {"type": "LogStrings", "path": ["monitoring", "a9a755a4", "stdout"], "values": [{"value": "new_y = ", "step": null, "ts": 1724634084.6108103}]}, "version": 594, "at": 1724634084.6108103}
{"obj": {"type": "LogStrings", "path": ["monitoring", "a9a755a4", "stdout"], "values": [{"value": " ", "step": null, "ts": 1724634084.6108103}]}, "version": 595, "at": 1724634084.6108103}
{"obj": {"type": "LogStrings", "path": ["monitoring", "a9a755a4", "stdout"], "values": [{"value": "0.2764747229815931", "step": null, "ts": 1724634084.6108103}]}, "version": 596, "at": 1724634084.6108103}
{"obj": {"type": "LogStrings", "path": ["monitoring", "a9a755a4", "stdout"], "values": [{"value": "\n", "step": null, "ts": 1724634084.6108103}]}, "version": 597, "at": 1724634084.6108103}
{"obj": {"type": "LogStrings", "path": ["monitoring", "a9a755a4", "stdout"], "values": [{"value": "Drone2 moved with speed vector [3, 0, 0] with duration 2", "step": null, "ts": 1724634086.1531343}]}, "version": 598, "at": 1724634086.1531343}
{"obj": {"type": "LogStrings", "path": ["monitoring", "a9a755a4", "stdout"], "values": [{"value": "\n", "step": null, "ts": 1724634086.153738}]}, "version": 599, "at": 1724634086.153738}
{"obj": {"type": "LogStrings", "path": ["monitoring", "a9a755a4", "stdout"], "values": [{"value": "drone 2 ", "step": null, "ts": 1724634086.154258}]}, "version": 600, "at": 1724634086.154258}
{"obj": {"type": "LogStrings", "path": ["monitoring", "a9a755a4", "stdout"], "values": [{"value": " ", "step": null, "ts": 1724634086.154258}]}, "version": 601, "at": 1724634086.154258}
{"obj": {"type": "LogStrings", "path": ["monitoring", "a9a755a4", "stdout"], "values": [{"value": "(3, 2, 0)", "step": null, "ts": 1724634086.154258}]}, "version": 602, "at": 1724634086.154258}
{"obj": {"type": "LogStrings", "path": ["monitoring", "a9a755a4", "stdout"], "values": [{"value": "\n", "step": null, "ts": 1724634086.154258}]}, "version": 603, "at": 1724634086.154258}
{"obj": {"type": "LogStrings", "path": ["monitoring", "a9a755a4", "stdout"], "values": [{"value": "Drone1 moved with speed vector [-0.002568992411619741, 0.0036593314692683304, 0] with duration 3", "step": null, "ts": 1724634087.6231}]}, "version": 604, "at": 1724634087.6231}
{"obj": {"type": "LogStrings", "path": ["monitoring", "a9a755a4", "stdout"], "values": [{"value": "\n", "step": null, "ts": 1724634087.6231}]}, "version": 605, "at": 1724634087.6231}
{"obj": {"type": "LogStrings", "path": ["monitoring", "a9a755a4", "stdout"], "values": [{"value": "rc=0 , rfov=0 , rd=1.0002777036023829 , rdir = 0.09955432891845704 , robs= 0 , r_v=-0.09817250035968074 , r_ang= -1.0585011704647385", "step": null, "ts": 1724634087.624611}]}, "version": 606, "at": 1724634087.624611}
{"obj": {"type": "LogStrings", "path": ["monitoring", "a9a755a4", "stdout"], "values": [{"value": "\n", "step": null, "ts": 1724634087.624611}]}, "version": 607, "at": 1724634087.624611}
{"obj": {"type": "LogStrings", "path": ["monitoring", "a9a755a4", "stdout"], "values": [{"value": "next state ", "step": null, "ts": 1724634087.6252553}]}, "version": 608, "at": 1724634087.6252553}
{"obj": {"type": "LogStrings", "path": ["monitoring", "a9a755a4", "stdout"], "values": [{"value": " ", "step": null, "ts": 1724634087.6252553}]}, "version": 609, "at": 1724634087.6252553}
{"obj": {"type": "LogStrings", "path": ["monitoring", "a9a755a4", "stdout"], "values": [{"value": "[0.0005499872689445814, 1.193153937919152e-13, -0.03500739733378092, 0.0, 0.0, -0.00044004408021767935, 0.10576613033384921, 0.10715464834576387, 0.00078125, 0.000995964562451398, 0.000781249962747097, 0.0013957120754100661, 0.0007826260477304459, 0.0013528372917646244, 14.977716445922852, 14.977716445922852, 14.977716445922852, 14.977716445922852, 14.977716445922852, 14.977716445922852, 14.977716445922852, 14.977716445922852, 14.977716445922852]", "step": null, "ts": 1724634087.6252553}]}, "version": 610, "at": 1724634087.6252553}
{"obj": {"type": "LogStrings", "path": ["monitoring", "a9a755a4", "stdout"], "values": [{"value": "\n", "step": null, "ts": 1724634087.6252553}]}, "version": 611, "at": 1724634087.6252553}
{"obj": {"type": "LogStrings", "path": ["monitoring", "a9a755a4", "stdout"], "values": [{"value": "action ", "step": null, "ts": 1724634087.6256151}]}, "version": 612, "at": 1724634087.6256151}
{"obj": {"type": "LogStrings", "path": ["monitoring", "a9a755a4", "stdout"], "values": [{"value": " ", "step": null, "ts": 1724634087.6256151}]}, "version": 613, "at": 1724634087.6256151}
{"obj": {"type": "LogStrings", "path": ["monitoring", "a9a755a4", "stdout"], "values": [{"value": "29", "step": null, "ts": 1724634087.6256151}]}, "version": 614, "at": 1724634087.6256151}
{"obj": {"type": "LogStrings", "path": ["monitoring", "a9a755a4", "stdout"], "values": [{"value": "\n", "step": null, "ts": 1724634087.6256151}]}, "version": 615, "at": 1724634087.6256151}
{"obj": {"type": "LogFloats", "path": ["monitoring", "a9a755a4", "cpu"], "values": [{"value": 18.8, "step": null, "ts": 1724634087.952949}]}, "version": 616, "at": 1724634087.9650424}
{"obj": {"type": "LogFloats", "path": ["monitoring", "a9a755a4", "memory"], "values": [{"value": 12.810905456542969, "step": null, "ts": 1724634087.952949}]}, "version": 617, "at": 1724634087.9650424}
{"obj": {"type": "LogFloats", "path": ["monitoring", "a9a755a4", "gpu"], "values": [{"value": 5.0, "step": null, "ts": 1724634087.952949}]}, "version": 618, "at": 1724634087.9650424}
{"obj": {"type": "LogFloats", "path": ["monitoring", "a9a755a4", "gpu_memory"], "values": [{"value": 1.1751136779785156, "step": null, "ts": 1724634087.952949}]}, "version": 619, "at": 1724634087.9650424}
{"obj": {"type": "LogFloats", "path": ["monitoring", "a9a755a4", "gpu_power"], "values": [{"value": 5.41, "step": null, "ts": 1724634087.952949}]}, "version": 620, "at": 1724634087.9650424}
{"obj": {"type": "LogStrings", "path": ["monitoring", "a9a755a4", "stdout"], "values": [{"value": "Drone2 moved with speed vector [3, 2, 0] with duration 2", "step": null, "ts": 1724634088.1801302}]}, "version": 621, "at": 1724634088.1801302}
{"obj": {"type": "LogStrings", "path": ["monitoring", "a9a755a4", "stdout"], "values": [{"value": "\n", "step": null, "ts": 1724634088.1801302}]}, "version": 622, "at": 1724634088.1801302}
{"obj": {"type": "LogStrings", "path": ["monitoring", "a9a755a4", "stdout"], "values": [{"value": "drone 2 ", "step": null, "ts": 1724634088.1801302}]}, "version": 623, "at": 1724634088.1811314}
{"obj": {"type": "LogStrings", "path": ["monitoring", "a9a755a4", "stdout"], "values": [{"value": " ", "step": null, "ts": 1724634088.1811314}]}, "version": 624, "at": 1724634088.1811314}
{"obj": {"type": "LogStrings", "path": ["monitoring", "a9a755a4", "stdout"], "values": [{"value": "(6, 0, 0)", "step": null, "ts": 1724634088.1811314}]}, "version": 625, "at": 1724634088.1811314}
{"obj": {"type": "LogStrings", "path": ["monitoring", "a9a755a4", "stdout"], "values": [{"value": "\n", "step": null, "ts": 1724634088.1811314}]}, "version": 626, "at": 1724634088.1811314}
{"obj": {"type": "LogStrings", "path": ["monitoring", "a9a755a4", "stdout"], "values": [{"value": "Found 1 cylinders in image", "step": null, "ts": 1724634088.2809973}]}, "version": 627, "at": 1724634088.2809973}
{"obj": {"type": "LogStrings", "path": ["monitoring", "a9a755a4", "stdout"], "values": [{"value": "\n", "step": null, "ts": 1724634088.2819965}]}, "version": 628, "at": 1724634088.2819965}
{"obj": {"type": "LogStrings", "path": ["monitoring", "a9a755a4", "stdout"], "values": [{"value": "quad_offset = ", "step": null, "ts": 1724634088.2860365}]}, "version": 629, "at": 1724634088.2860365}
{"obj": {"type": "LogStrings", "path": ["monitoring", "a9a755a4", "stdout"], "values": [{"value": " ", "step": null, "ts": 1724634088.2860365}]}, "version": 630, "at": 1724634088.2860365}
{"obj": {"type": "LogStrings", "path": ["monitoring", "a9a755a4", "stdout"], "values": [{"value": "[-1.6666666666666667, 30.0, 1]", "step": null, "ts": 1724634088.2860365}]}, "version": 631, "at": 1724634088.2860365}
{"obj": {"type": "LogStrings", "path": ["monitoring", "a9a755a4", "stdout"], "values": [{"value": "\n", "step": null, "ts": 1724634088.2860365}]}, "version": 632, "at": 1724634088.2860365}
{"obj": {"type": "LogStrings", "path": ["monitoring", "a9a755a4", "stdout"], "values": [{"value": "a_vp = ", "step": null, "ts": 1724634088.2860365}]}, "version": 633, "at": 1724634088.2860365}
{"obj": {"type": "LogStrings", "path": ["monitoring", "a9a755a4", "stdout"], "values": [{"value": " ", "step": null, "ts": 1724634088.2860365}]}, "version": 634, "at": 1724634088.2860365}
{"obj": {"type": "LogStrings", "path": ["monitoring", "a9a755a4", "stdout"], "values": [{"value": "-113.29242266450078", "step": null, "ts": 1724634088.2870376}]}, "version": 635, "at": 1724634088.2870376}
{"obj": {"type": "LogStrings", "path": ["monitoring", "a9a755a4", "stdout"], "values": [{"value": "\n", "step": null, "ts": 1724634088.2870376}]}, "version": 636, "at": 1724634088.2870376}
{"obj": {"type": "LogStrings", "path": ["monitoring", "a9a755a4", "stdout"], "values": [{"value": "new_x = ", "step": null, "ts": 1724634088.2870376}]}, "version": 637, "at": 1724634088.2870376}
{"obj": {"type": "LogStrings", "path": ["monitoring", "a9a755a4", "stdout"], "values": [{"value": " ", "step": null, "ts": 1724634088.2870376}]}, "version": 638, "at": 1724634088.2870376}
{"obj": {"type": "LogStrings", "path": ["monitoring", "a9a755a4", "stdout"], "values": [{"value": "0.0017249714452839278", "step": null, "ts": 1724634088.2870376}]}, "version": 639, "at": 1724634088.2870376}
{"obj": {"type": "LogStrings", "path": ["monitoring", "a9a755a4", "stdout"], "values": [{"value": "\n", "step": null, "ts": 1724634088.2870376}]}, "version": 640, "at": 1724634088.2870376}
{"obj": {"type": "LogStrings", "path": ["monitoring", "a9a755a4", "stdout"], "values": [{"value": "new_y = ", "step": null, "ts": 1724634088.2870376}]}, "version": 641, "at": 1724634088.2870376}
{"obj": {"type": "LogStrings", "path": ["monitoring", "a9a755a4", "stdout"], "values": [{"value": " ", "step": null, "ts": 1724634088.2870376}]}, "version": 642, "at": 1724634088.2870376}
{"obj": {"type": "LogStrings", "path": ["monitoring", "a9a755a4", "stdout"], "values": [{"value": "-0.001087570598351067", "step": null, "ts": 1724634088.2870376}]}, "version": 643, "at": 1724634088.2870376}
{"obj": {"type": "LogStrings", "path": ["monitoring", "a9a755a4", "stdout"], "values": [{"value": "\n", "step": null, "ts": 1724634088.2880356}]}, "version": 644, "at": 1724634088.2880356}
{"obj": {"type": "LogStrings", "path": ["monitoring", "a9a755a4", "stdout"], "values": [{"value": "Drone1 moved with speed vector [-0.19542619406330153, 0.1232135079058731, 0] with duration 1", "step": null, "ts": 1724634089.2937274}]}, "version": 645, "at": 1724634089.2937274}
{"obj": {"type": "LogStrings", "path": ["monitoring", "a9a755a4", "stdout"], "values": [{"value": "\n", "step": null, "ts": 1724634089.2947338}]}, "version": 646, "at": 1724634089.2947338}
{"obj": {"type": "LogStrings", "path": ["monitoring", "a9a755a4", "stdout"], "values": [{"value": "rc=0 , rfov=0 , rd=0.9885446153684729 , rdir = 0.10484863281250001 , robs= 0 , r_v=-0.0680319289166597 , r_ang= -1.0558211778827986", "step": null, "ts": 1724634089.2957335}]}, "version": 647, "at": 1724634089.2957335}
{"obj": {"type": "LogStrings", "path": ["monitoring", "a9a755a4", "stdout"], "values": [{"value": "\n", "step": null, "ts": 1724634089.2967334}]}, "version": 648, "at": 1724634089.2967334}
{"obj": {"type": "LogStrings", "path": ["monitoring", "a9a755a4", "stdout"], "values": [{"value": "next state ", "step": null, "ts": 1724634089.2967334}]}, "version": 649, "at": 1724634089.2967334}
{"obj": {"type": "LogStrings", "path": ["monitoring", "a9a755a4", "stdout"], "values": [{"value": " ", "step": null, "ts": 1724634089.2967334}]}, "version": 650, "at": 1724634089.2967334}
{"obj": {"type": "LogStrings", "path": ["monitoring", "a9a755a4", "stdout"], "values": [{"value": "[0.003997905552387238, 8.041463637103637e-05, -0.03432507912317912, 0.0005499872689445814, 1.193153937919152e-13, -0.03500739733378092, 0.16304305349148474, 0.10576613033384921, 0.0008754178881645203, 0.0012808641386620793, 0.00078125, 0.000995964562451398, 0.000781249962747097, 0.0013957120754100661, 15.242431640625, 15.242431640625, 15.242431640625, 15.242431640625, 15.242431640625, 15.242431640625, 15.242431640625, 15.242431640625, 15.242431640625]", "step": null, "ts": 1724634089.2967334}]}, "version": 651, "at": 1724634089.2967334}
{"obj": {"type": "LogStrings", "path": ["monitoring", "a9a755a4", "stdout"], "values": [{"value": "\n", "step": null, "ts": 1724634089.2967334}]}, "version": 652, "at": 1724634089.2967334}
{"obj": {"type": "LogStrings", "path": ["monitoring", "a9a755a4", "stdout"], "values": [{"value": "action ", "step": null, "ts": 1724634089.2967334}]}, "version": 653, "at": 1724634089.2967334}
{"obj": {"type": "LogStrings", "path": ["monitoring", "a9a755a4", "stdout"], "values": [{"value": " ", "step": null, "ts": 1724634089.2967334}]}, "version": 654, "at": 1724634089.2967334}
{"obj": {"type": "LogStrings", "path": ["monitoring", "a9a755a4", "stdout"], "values": [{"value": "173", "step": null, "ts": 1724634089.297732}]}, "version": 655, "at": 1724634089.297732}
{"obj": {"type": "LogStrings", "path": ["monitoring", "a9a755a4", "stdout"], "values": [{"value": "\n", "step": null, "ts": 1724634089.297732}]}, "version": 656, "at": 1724634089.297732}
{"obj": {"type": "LogStrings", "path": ["monitoring", "a9a755a4", "stdout"], "values": [{"value": "Found 1 cylinders in image", "step": null, "ts": 1724634089.9509668}]}, "version": 657, "at": 1724634089.9509668}
{"obj": {"type": "LogStrings", "path": ["monitoring", "a9a755a4", "stdout"], "values": [{"value": "\n", "step": null, "ts": 1724634089.951967}]}, "version": 658, "at": 1724634089.951967}
{"obj": {"type": "LogStrings", "path": ["monitoring", "a9a755a4", "stdout"], "values": [{"value": "quad_offset = ", "step": null, "ts": 1724634089.9549935}]}, "version": 659, "at": 1724634089.9549935}
{"obj": {"type": "LogStrings", "path": ["monitoring", "a9a755a4", "stdout"], "values": [{"value": " ", "step": null, "ts": 1724634089.9549935}]}, "version": 660, "at": 1724634089.9549935}
{"obj": {"type": "LogStrings", "path": ["monitoring", "a9a755a4", "stdout"], "values": [{"value": "[1.666666666666666, -10.000000000000002, 2]", "step": null, "ts": 1724634089.9549935}]}, "version": 661, "at": 1724634089.9549935}
{"obj": {"type": "LogStrings", "path": ["monitoring", "a9a755a4", "stdout"], "values": [{"value": "\n", "step": null, "ts": 1724634089.956005}]}, "version": 662, "at": 1724634089.956005}
{"obj": {"type": "LogStrings", "path": ["monitoring", "a9a755a4", "stdout"], "values": [{"value": "a_vp = ", "step": null, "ts": 1724634089.956005}]}, "version": 663, "at": 1724634089.956005}
{"obj": {"type": "LogStrings", "path": ["monitoring", "a9a755a4", "stdout"], "values": [{"value": " ", "step": null, "ts": 1724634089.956005}]}, "version": 664, "at": 1724634089.956005}
{"obj": {"type": "LogStrings", "path": ["monitoring", "a9a755a4", "stdout"], "values": [{"value": "22.00942929707333", "step": null, "ts": 1724634089.956005}]}, "version": 665, "at": 1724634089.956005}
{"obj": {"type": "LogStrings", "path": ["monitoring", "a9a755a4", "stdout"], "values": [{"value": "\n", "step": null, "ts": 1724634089.956005}]}, "version": 666, "at": 1724634089.956005}
{"obj": {"type": "LogStrings", "path": ["monitoring", "a9a755a4", "stdout"], "values": [{"value": "new_x = ", "step": null, "ts": 1724634089.956005}]}, "version": 667, "at": 1724634089.956005}
{"obj": {"type": "LogStrings", "path": ["monitoring", "a9a755a4", "stdout"], "values": [{"value": " ", "step": null, "ts": 1724634089.956005}]}, "version": 668, "at": 1724634089.956005}
{"obj": {"type": "LogStrings", "path": ["monitoring", "a9a755a4", "stdout"], "values": [{"value": "0.032805284409365254", "step": null, "ts": 1724634089.9570022}]}, "version": 669, "at": 1724634089.9570022}
{"obj": {"type": "LogStrings", "path": ["monitoring", "a9a755a4", "stdout"], "values": [{"value": "\n", "step": null, "ts": 1724634089.9570022}]}, "version": 670, "at": 1724634089.9570022}
{"obj": {"type": "LogStrings", "path": ["monitoring", "a9a755a4", "stdout"], "values": [{"value": "new_y = ", "step": null, "ts": 1724634089.9570022}]}, "version": 671, "at": 1724634089.9570022}
{"obj": {"type": "LogStrings", "path": ["monitoring", "a9a755a4", "stdout"], "values": [{"value": " ", "step": null, "ts": 1724634089.9570022}]}, "version": 672, "at": 1724634089.9570022}
{"obj": {"type": "LogStrings", "path": ["monitoring", "a9a755a4", "stdout"], "values": [{"value": "-0.07121016644343511", "step": null, "ts": 1724634089.9570022}]}, "version": 673, "at": 1724634089.9570022}
{"obj": {"type": "LogStrings", "path": ["monitoring", "a9a755a4", "stdout"], "values": [{"value": "\n", "step": null, "ts": 1724634089.9570022}]}, "version": 674, "at": 1724634089.9570022}
{"obj": {"type": "LogStrings", "path": ["monitoring", "a9a755a4", "stdout"], "values": [{"value": "Drone2 moved with speed vector [6, 0, 0] with duration 2", "step": null, "ts": 1724634090.1989238}]}, "version": 675, "at": 1724634090.1989238}
{"obj": {"type": "LogStrings", "path": ["monitoring", "a9a755a4", "stdout"], "values": [{"value": "\n", "step": null, "ts": 1724634090.1989238}]}, "version": 676, "at": 1724634090.1989238}
{"obj": {"type": "LogStrings", "path": ["monitoring", "a9a755a4", "stdout"], "values": [{"value": "drone 2 ", "step": null, "ts": 1724634090.1989238}]}, "version": 677, "at": 1724634090.1989238}
{"obj": {"type": "LogStrings", "path": ["monitoring", "a9a755a4", "stdout"], "values": [{"value": " ", "step": null, "ts": 1724634090.1989238}]}, "version": 678, "at": 1724634090.1989238}
{"obj": {"type": "LogStrings", "path": ["monitoring", "a9a755a4", "stdout"], "values": [{"value": "(6, -4, 0)", "step": null, "ts": 1724634090.1998653}]}, "version": 679, "at": 1724634090.1998653}
{"obj": {"type": "LogStrings", "path": ["monitoring", "a9a755a4", "stdout"], "values": [{"value": "\n", "step": null, "ts": 1724634090.1998653}]}, "version": 680, "at": 1724634090.1998653}
{"obj": {"type": "LogStrings", "path": ["monitoring", "a9a755a4", "stdout"], "values": [{"value": "Drone1 moved with speed vector [0.7220255877783065, -1.5672951235696089, 0] with duration 2", "step": null, "ts": 1724634091.9749606}]}, "version": 681, "at": 1724634091.9749606}
{"obj": {"type": "LogStrings", "path": ["monitoring", "a9a755a4", "stdout"], "values": [{"value": "\n", "step": null, "ts": 1724634091.9749606}]}, "version": 682, "at": 1724634091.975738}
{"obj": {"type": "LogStrings", "path": ["monitoring", "a9a755a4", "stdout"], "values": [{"value": "rc=0 , rfov=0 , rd=-2.0121757903324626 , rdir = 0.100695858001709 , robs= 0 , r_v=0 , r_ang= -1.0563015889037253", "step": null, "ts": 1724634091.9767363}]}, "version": 683, "at": 1724634091.9767363}
{"obj": {"type": "LogStrings", "path": ["monitoring", "a9a755a4", "stdout"], "values": [{"value": "\n", "step": null, "ts": 1724634091.9767363}]}, "version": 684, "at": 1724634091.9767363}
{"obj": {"type": "LogStrings", "path": ["monitoring", "a9a755a4", "stdout"], "values": [{"value": "next state ", "step": null, "ts": 1724634091.9767363}]}, "version": 685, "at": 1724634091.9767363}
{"obj": {"type": "LogStrings", "path": ["monitoring", "a9a755a4", "stdout"], "values": [{"value": " ", "step": null, "ts": 1724634091.9777348}]}, "version": 686, "at": 1724634091.9777348}
{"obj": {"type": "LogStrings", "path": ["monitoring", "a9a755a4", "stdout"], "values": [{"value": "[0.002817091345787048, 0.0008325384308894476, -0.033596360683441163, 0.003997905552387238, 8.041463637103637e-05, -0.03432507912317912, 0.2239220051537972, 0.16304305349148474, 0.0008833974972367287, 0.0012049135749722705, 0.0008754178881645203, 0.0012808641386620793, 0.00078125, 0.000995964562451398, 15.03479290008545, 15.03479290008545, 15.03479290008545, 15.03479290008545, 15.03479290008545, 15.03479290008545, 15.03479290008545, 15.03479290008545, 15.03479290008545]", "step": null, "ts": 1724634091.9777348}]}, "version": 687, "at": 1724634091.9777348}
{"obj": {"type": "LogStrings", "path": ["monitoring", "a9a755a4", "stdout"], "values": [{"value": "\n", "step": null, "ts": 1724634091.9777348}]}, "version": 688, "at": 1724634091.9787366}
{"obj": {"type": "LogStrings", "path": ["monitoring", "a9a755a4", "stdout"], "values": [{"value": "action ", "step": null, "ts": 1724634091.9787366}]}, "version": 689, "at": 1724634091.9787366}
{"obj": {"type": "LogStrings", "path": ["monitoring", "a9a755a4", "stdout"], "values": [{"value": " ", "step": null, "ts": 1724634091.9787366}]}, "version": 690, "at": 1724634091.9787366}
{"obj": {"type": "LogStrings", "path": ["monitoring", "a9a755a4", "stdout"], "values": [{"value": "225", "step": null, "ts": 1724634091.9787366}]}, "version": 691, "at": 1724634091.9787366}
{"obj": {"type": "LogStrings", "path": ["monitoring", "a9a755a4", "stdout"], "values": [{"value": "\n", "step": null, "ts": 1724634091.9787366}]}, "version": 692, "at": 1724634091.9787366}
{"obj": {"type": "LogStrings", "path": ["monitoring", "a9a755a4", "stdout"], "values": [{"value": "Drone2 moved with speed vector [6, -4, 0] with duration 2", "step": null, "ts": 1724634092.2178605}]}, "version": 693, "at": 1724634092.2178605}
{"obj": {"type": "LogStrings", "path": ["monitoring", "a9a755a4", "stdout"], "values": [{"value": "\n", "step": null, "ts": 1724634092.2188573}]}, "version": 694, "at": 1724634092.2188573}
{"obj": {"type": "LogStrings", "path": ["monitoring", "a9a755a4", "stdout"], "values": [{"value": "drone 2 ", "step": null, "ts": 1724634092.2188573}]}, "version": 695, "at": 1724634092.2188573}
{"obj": {"type": "LogStrings", "path": ["monitoring", "a9a755a4", "stdout"], "values": [{"value": " ", "step": null, "ts": 1724634092.2188573}]}, "version": 696, "at": 1724634092.2188573}
{"obj": {"type": "LogStrings", "path": ["monitoring", "a9a755a4", "stdout"], "values": [{"value": "(12, 0, 0)", "step": null, "ts": 1724634092.2198575}]}, "version": 697, "at": 1724634092.2198575}
{"obj": {"type": "LogStrings", "path": ["monitoring", "a9a755a4", "stdout"], "values": [{"value": "\n", "step": null, "ts": 1724634092.2198575}]}, "version": 698, "at": 1724634092.2198575}
{"obj": {"type": "LogStrings", "path": ["monitoring", "a9a755a4", "stdout"], "values": [{"value": "Found 1 cylinders in image", "step": null, "ts": 1724634092.6457932}]}, "version": 699, "at": 1724634092.6457932}
{"obj": {"type": "LogStrings", "path": ["monitoring", "a9a755a4", "stdout"], "values": [{"value": "\n", "step": null, "ts": 1724634092.6477933}]}, "version": 700, "at": 1724634092.6477933}
{"obj": {"type": "LogStrings", "path": ["monitoring", "a9a755a4", "stdout"], "values": [{"value": "quad_offset = ", "step": null, "ts": 1724634092.6517942}]}, "version": 701, "at": 1724634092.6517942}
{"obj": {"type": "LogStrings", "path": ["monitoring", "a9a755a4", "stdout"], "values": [{"value": " ", "step": null, "ts": 1724634092.6517942}]}, "version": 702, "at": 1724634092.6517942}
{"obj": {"type": "LogStrings", "path": ["monitoring", "a9a755a4", "stdout"], "values": [{"value": "[-1.6666666666666667, 3.333333333333335, 3]", "step": null, "ts": 1724634092.6517942}]}, "version": 703, "at": 1724634092.6517942}
{"obj": {"type": "LogStrings", "path": ["monitoring", "a9a755a4", "stdout"], "values": [{"value": "\n", "step": null, "ts": 1724634092.6533065}]}, "version": 704, "at": 1724634092.6533065}
{"obj": {"type": "LogStrings", "path": ["monitoring", "a9a755a4", "stdout"], "values": [{"value": "a_vp = ", "step": null, "ts": 1724634092.6533065}]}, "version": 705, "at": 1724634092.6533065}
{"obj": {"type": "LogStrings", "path": ["monitoring", "a9a755a4", "stdout"], "values": [{"value": " ", "step": null, "ts": 1724634092.6538575}]}, "version": 706, "at": 1724634092.6538575}
{"obj": {"type": "LogStrings", "path": ["monitoring", "a9a755a4", "stdout"], "values": [{"value": "-1.4843909534716646", "step": null, "ts": 1724634092.6538575}]}, "version": 707, "at": 1724634092.6538575}
{"obj": {"type": "LogStrings", "path": ["monitoring", "a9a755a4", "stdout"], "values": [{"value": "\n", "step": null, "ts": 1724634092.6538575}]}, "version": 708, "at": 1724634092.6538575}
{"obj": {"type": "LogStrings", "path": ["monitoring", "a9a755a4", "stdout"], "values": [{"value": "new_x = ", "step": null, "ts": 1724634092.6538575}]}, "version": 709, "at": 1724634092.6538575}
{"obj": {"type": "LogStrings", "path": ["monitoring", "a9a755a4", "stdout"], "values": [{"value": " ", "step": null, "ts": 1724634092.6548724}]}, "version": 710, "at": 1724634092.6548724}
{"obj": {"type": "LogStrings", "path": ["monitoring", "a9a755a4", "stdout"], "values": [{"value": "-0.3905943491747349", "step": null, "ts": 1724634092.6548724}]}, "version": 711, "at": 1724634092.6548724}
{"obj": {"type": "LogStrings", "path": ["monitoring", "a9a755a4", "stdout"], "values": [{"value": "\n", "step": null, "ts": 1724634092.6548724}]}, "version": 712, "at": 1724634092.6548724}
{"obj": {"type": "LogStrings", "path": ["monitoring", "a9a755a4", "stdout"], "values": [{"value": "new_y = ", "step": null, "ts": 1724634092.6553125}]}, "version": 713, "at": 1724634092.6553125}
{"obj": {"type": "LogStrings", "path": ["monitoring", "a9a755a4", "stdout"], "values": [{"value": " ", "step": null, "ts": 1724634092.6553125}]}, "version": 714, "at": 1724634092.6553125}
{"obj": {"type": "LogStrings", "path": ["monitoring", "a9a755a4", "stdout"], "values": [{"value": "0.5435183951952537", "step": null, "ts": 1724634092.6553125}]}, "version": 715, "at": 1724634092.6553125}
{"obj": {"type": "LogStrings", "path": ["monitoring", "a9a755a4", "stdout"], "values": [{"value": "\n", "step": null, "ts": 1724634092.6553125}]}, "version": 716, "at": 1724634092.6553125}
{"obj": {"type": "LogStrings", "path": ["monitoring", "a9a755a4", "stdout"], "values": [{"value": "Drone2 moved with speed vector [12, 0, 0] with duration 2", "step": null, "ts": 1724634094.241796}]}, "version": 717, "at": 1724634094.241796}
{"obj": {"type": "LogStrings", "path": ["monitoring", "a9a755a4", "stdout"], "values": [{"value": "\n", "step": null, "ts": 1724634094.241796}]}, "version": 718, "at": 1724634094.241796}
{"obj": {"type": "LogStrings", "path": ["monitoring", "a9a755a4", "stdout"], "values": [{"value": "drone 2 ", "step": null, "ts": 1724634094.241796}]}, "version": 719, "at": 1724634094.241796}
{"obj": {"type": "LogStrings", "path": ["monitoring", "a9a755a4", "stdout"], "values": [{"value": " ", "step": null, "ts": 1724634094.241796}]}, "version": 720, "at": 1724634094.241796}
{"obj": {"type": "LogStrings", "path": ["monitoring", "a9a755a4", "stdout"], "values": [{"value": "(3, 2, 0)", "step": null, "ts": 1724634094.2433014}]}, "version": 721, "at": 1724634094.2433014}
{"obj": {"type": "LogStrings", "path": ["monitoring", "a9a755a4", "stdout"], "values": [{"value": "\n", "step": null, "ts": 1724634094.2433014}]}, "version": 722, "at": 1724634094.2433014}
{"obj": {"type": "LogStrings", "path": ["monitoring", "a9a755a4", "stdout"], "values": [{"value": "Drone1 moved with speed vector [0.579794718392129, -0.8067937888732717, 0] with duration 3", "step": null, "ts": 1724634095.662879}]}, "version": 723, "at": 1724634095.662879}
{"obj": {"type": "LogStrings", "path": ["monitoring", "a9a755a4", "stdout"], "values": [{"value": "\n", "step": null, "ts": 1724634095.6640937}]}, "version": 724, "at": 1724634095.6640937}
{"obj": {"type": "LogStrings", "path": ["monitoring", "a9a755a4", "stdout"], "values": [{"value": "rc=0 , rfov=0 , rd=-2.015420961362274 , rdir = 0.09720712661743164 , robs= 0 , r_v=0 , r_ang= -1.055186427605529", "step": null, "ts": 1724634095.665476}]}, "version": 725, "at": 1724634095.665476}
{"obj": {"type": "LogStrings", "path": ["monitoring", "a9a755a4", "stdout"], "values": [{"value": "\n", "step": null, "ts": 1724634095.665476}]}, "version": 726, "at": 1724634095.665476}
{"obj": {"type": "LogStrings", "path": ["monitoring", "a9a755a4", "stdout"], "values": [{"value": "next state ", "step": null, "ts": 1724634095.66611}]}, "version": 727, "at": 1724634095.66611}
{"obj": {"type": "LogStrings", "path": ["monitoring", "a9a755a4", "stdout"], "values": [{"value": " ", "step": null, "ts": 1724634095.66611}]}, "version": 728, "at": 1724634095.66611}
{"obj": {"type": "LogStrings", "path": ["monitoring", "a9a755a4", "stdout"], "values": [{"value": "[0.01262725591659546, -0.020760631561279295, -0.03460523287455241, 0.002817091345787048, 0.0008325384308894476, -0.033596360683441163, 0.3010268119651676, 0.2239220051537972, 0.000786784403026104, 0.0014594092192473235, 0.0008833974972367287, 0.0012049135749722705, 0.0008754178881645203, 0.0012808641386620793, 14.860356330871582, 14.860356330871582, 14.860356330871582, 14.860356330871582, 14.860356330871582, 14.860356330871582, 14.860356330871582, 14.860356330871582, 14.860356330871582]", "step": null, "ts": 1724634095.66611}]}, "version": 729, "at": 1724634095.66611}
{"obj": {"type": "LogStrings", "path": ["monitoring", "a9a755a4", "stdout"], "values": [{"value": "\n", "step": null, "ts": 1724634095.66611}]}, "version": 730, "at": 1724634095.66611}
{"obj": {"type": "LogStrings", "path": ["monitoring", "a9a755a4", "stdout"], "values": [{"value": "action ", "step": null, "ts": 1724634095.66611}]}, "version": 731, "at": 1724634095.66611}
{"obj": {"type": "LogStrings", "path": ["monitoring", "a9a755a4", "stdout"], "values": [{"value": " ", "step": null, "ts": 1724634095.66611}]}, "version": 732, "at": 1724634095.66611}
{"obj": {"type": "LogStrings", "path": ["monitoring", "a9a755a4", "stdout"], "values": [{"value": "238", "step": null, "ts": 1724634095.66611}]}, "version": 733, "at": 1724634095.66611}
{"obj": {"type": "LogStrings", "path": ["monitoring", "a9a755a4", "stdout"], "values": [{"value": "\n", "step": null, "ts": 1724634095.6671014}]}, "version": 734, "at": 1724634095.6671014}
{"obj": {"type": "LogStrings", "path": ["monitoring", "a9a755a4", "stdout"], "values": [{"value": "Drone2 moved with speed vector [3, 2, 0] with duration 2", "step": null, "ts": 1724634096.2605886}]}, "version": 735, "at": 1724634096.2615879}
{"obj": {"type": "LogStrings", "path": ["monitoring", "a9a755a4", "stdout"], "values": [{"value": "\n", "step": null, "ts": 1724634096.2615879}]}, "version": 736, "at": 1724634096.2615879}
{"obj": {"type": "LogStrings", "path": ["monitoring", "a9a755a4", "stdout"], "values": [{"value": "drone 2 ", "step": null, "ts": 1724634096.2615879}]}, "version": 737, "at": 1724634096.2615879}
{"obj": {"type": "LogStrings", "path": ["monitoring", "a9a755a4", "stdout"], "values": [{"value": " ", "step": null, "ts": 1724634096.2615879}]}, "version": 738, "at": 1724634096.2615879}
{"obj": {"type": "LogStrings", "path": ["monitoring", "a9a755a4", "stdout"], "values": [{"value": "(6, 0, 0)", "step": null, "ts": 1724634096.2615879}]}, "version": 739, "at": 1724634096.2615879}
{"obj": {"type": "LogStrings", "path": ["monitoring", "a9a755a4", "stdout"], "values": [{"value": "\n", "step": null, "ts": 1724634096.2615879}]}, "version": 740, "at": 1724634096.2615879}
{"obj": {"type": "LogStrings", "path": ["monitoring", "a9a755a4", "stdout"], "values": [{"value": "Found 1 cylinders in image", "step": null, "ts": 1724634096.330503}]}, "version": 741, "at": 1724634096.330503}
{"obj": {"type": "LogStrings", "path": ["monitoring", "a9a755a4", "stdout"], "values": [{"value": "\n", "step": null, "ts": 1724634096.3315032}]}, "version": 742, "at": 1724634096.3315032}
{"obj": {"type": "LogStrings", "path": ["monitoring", "a9a755a4", "stdout"], "values": [{"value": "quad_offset = ", "step": null, "ts": 1724634096.3356147}]}, "version": 743, "at": 1724634096.3356147}
{"obj": {"type": "LogStrings", "path": ["monitoring", "a9a755a4", "stdout"], "values": [{"value": " ", "step": null, "ts": 1724634096.3356147}]}, "version": 744, "at": 1724634096.3356147}
{"obj": {"type": "LogStrings", "path": ["monitoring", "a9a755a4", "stdout"], "values": [{"value": "[-1.0, 23.33333333333333, 3]", "step": null, "ts": 1724634096.3366146}]}, "version": 745, "at": 1724634096.3366146}
{"obj": {"type": "LogStrings", "path": ["monitoring", "a9a755a4", "stdout"], "values": [{"value": "\n", "step": null, "ts": 1724634096.3366146}]}, "version": 746, "at": 1724634096.3366146}
{"obj": {"type": "LogStrings", "path": ["monitoring", "a9a755a4", "stdout"], "values": [{"value": "a_vp = ", "step": null, "ts": 1724634096.3366146}]}, "version": 747, "at": 1724634096.3366146}
{"obj": {"type": "LogStrings", "path": ["monitoring", "a9a755a4", "stdout"], "values": [{"value": " ", "step": null, "ts": 1724634096.3366146}]}, "version": 748, "at": 1724634096.3366146}
{"obj": {"type": "LogStrings", "path": ["monitoring", "a9a755a4", "stdout"], "values": [{"value": "-1.4661646337356669", "step": null, "ts": 1724634096.3366146}]}, "version": 749, "at": 1724634096.3366146}
{"obj": {"type": "LogStrings", "path": ["monitoring", "a9a755a4", "stdout"], "values": [{"value": "\n", "step": null, "ts": 1724634096.3376172}]}, "version": 750, "at": 1724634096.3376172}
{"obj": {"type": "LogStrings", "path": ["monitoring", "a9a755a4", "stdout"], "values": [{"value": "new_x = ", "step": null, "ts": 1724634096.3376172}]}, "version": 751, "at": 1724634096.3376172}
{"obj": {"type": "LogStrings", "path": ["monitoring", "a9a755a4", "stdout"], "values": [{"value": " ", "step": null, "ts": 1724634096.3376172}]}, "version": 752, "at": 1724634096.3376172}
{"obj": {"type": "LogStrings", "path": ["monitoring", "a9a755a4", "stdout"], "values": [{"value": "-0.37398042813749827", "step": null, "ts": 1724634096.3376172}]}, "version": 753, "at": 1724634096.3376172}
{"obj": {"type": "LogStrings", "path": ["monitoring", "a9a755a4", "stdout"], "values": [{"value": "\n", "step": null, "ts": 1724634096.3376172}]}, "version": 754, "at": 1724634096.3376172}
{"obj": {"type": "LogStrings", "path": ["monitoring", "a9a755a4", "stdout"], "values": [{"value": "new_y = ", "step": null, "ts": 1724634096.3376172}]}, "version": 755, "at": 1724634096.3376172}
{"obj": {"type": "LogStrings", "path": ["monitoring", "a9a755a4", "stdout"], "values": [{"value": " ", "step": null, "ts": 1724634096.338618}]}, "version": 756, "at": 1724634096.338618}
{"obj": {"type": "LogStrings", "path": ["monitoring", "a9a755a4", "stdout"], "values": [{"value": "-0.1565717433306743", "step": null, "ts": 1724634096.338618}]}, "version": 757, "at": 1724634096.338618}
{"obj": {"type": "LogStrings", "path": ["monitoring", "a9a755a4", "stdout"], "values": [{"value": "\n", "step": null, "ts": 1724634096.338618}]}, "version": 758, "at": 1724634096.338618}
{"obj": {"type": "LogFloats", "path": ["monitoring", "a9a755a4", "cpu"], "values": [{"value": 11.3, "step": null, "ts": 1724634097.9761438}]}, "version": 759, "at": 1724634097.9836214}
{"obj": {"type": "LogFloats", "path": ["monitoring", "a9a755a4", "memory"], "values": [{"value": 12.800926208496094, "step": null, "ts": 1724634097.9761438}]}, "version": 760, "at": 1724634097.9846253}
{"obj": {"type": "LogFloats", "path": ["monitoring", "a9a755a4", "gpu"], "values": [{"value": 22.0, "step": null, "ts": 1724634097.9761438}]}, "version": 761, "at": 1724634097.9846253}
{"obj": {"type": "LogFloats", "path": ["monitoring", "a9a755a4", "gpu_memory"], "values": [{"value": 1.1751136779785156, "step": null, "ts": 1724634097.9761438}]}, "version": 762, "at": 1724634097.9846253}
{"obj": {"type": "LogFloats", "path": ["monitoring", "a9a755a4", "gpu_power"], "values": [{"value": 6.153, "step": null, "ts": 1724634097.9761438}]}, "version": 763, "at": 1724634097.9846253}
{"obj": {"type": "LogStrings", "path": ["monitoring", "a9a755a4", "stdout"], "values": [{"value": "Drone2 moved with speed vector [6, 0, 0] with duration 2", "step": null, "ts": 1724634098.2811146}]}, "version": 764, "at": 1724634098.2811146}
{"obj": {"type": "LogStrings", "path": ["monitoring", "a9a755a4", "stdout"], "values": [{"value": "\n", "step": null, "ts": 1724634098.2811146}]}, "version": 765, "at": 1724634098.2811146}
{"obj": {"type": "LogStrings", "path": ["monitoring", "a9a755a4", "stdout"], "values": [{"value": "drone 2 ", "step": null, "ts": 1724634098.2811146}]}, "version": 766, "at": 1724634098.2811146}
{"obj": {"type": "LogStrings", "path": ["monitoring", "a9a755a4", "stdout"], "values": [{"value": " ", "step": null, "ts": 1724634098.2811146}]}, "version": 767, "at": 1724634098.2811146}
{"obj": {"type": "LogStrings", "path": ["monitoring", "a9a755a4", "stdout"], "values": [{"value": "(6, -4, 0)", "step": null, "ts": 1724634098.2811146}]}, "version": 768, "at": 1724634098.2811146}
{"obj": {"type": "LogStrings", "path": ["monitoring", "a9a755a4", "stdout"], "values": [{"value": "\n", "step": null, "ts": 1724634098.2811146}]}, "version": 769, "at": 1724634098.2811146}
{"obj": {"type": "LogStrings", "path": ["monitoring", "a9a755a4", "stdout"], "values": [{"value": "Drone1 moved with speed vector [0.5483168774445231, 0.22955995271377294, 0] with duration 3", "step": null, "ts": 1724634099.3448114}]}, "version": 770, "at": 1724634099.3448114}
{"obj": {"type": "LogStrings", "path": ["monitoring", "a9a755a4", "stdout"], "values": [{"value": "\n", "step": null, "ts": 1724634099.3458183}]}, "version": 771, "at": 1724634099.3458183}
{"obj": {"type": "LogStrings", "path": ["monitoring", "a9a755a4", "stdout"], "values": [{"value": "rc=0 , rfov=0 , rd=-2.0512361739517413 , rdir = 0.09562358856201172 , robs= 0 , r_v=0 , r_ang= -1.055764272944083", "step": null, "ts": 1724634099.3468163}]}, "version": 772, "at": 1724634099.3468163}
{"obj": {"type": "LogStrings", "path": ["monitoring", "a9a755a4", "stdout"], "values": [{"value": "\n", "step": null, "ts": 1724634099.3468163}]}, "version": 773, "at": 1724634099.3468163}
{"obj": {"type": "LogStrings", "path": ["monitoring", "a9a755a4", "stdout"], "values": [{"value": "next state ", "step": null, "ts": 1724634099.3468163}]}, "version": 774, "at": 1724634099.3468163}
{"obj": {"type": "LogStrings", "path": ["monitoring", "a9a755a4", "stdout"], "values": [{"value": " ", "step": null, "ts": 1724634099.3478181}]}, "version": 775, "at": 1724634099.3478181}
{"obj": {"type": "LogStrings", "path": ["monitoring", "a9a755a4", "stdout"], "values": [{"value": "[0.026457677284876507, -0.04085706472396851, -0.03387239376703898, 0.01262725591659546, -0.020760631561279295, -0.03460523287455241, 0.5572076817238742, 0.3010268119651676, 0.0008249213546514511, 0.001339458536218714, 0.000786784403026104, 0.0014594092192473235, 0.0008833974972367287, 0.0012049135749722705, 14.781179428100586, 14.781179428100586, 14.781179428100586, 14.781179428100586, 14.781179428100586, 14.781179428100586, 14.781179428100586, 14.781179428100586, 14.781179428100586]", "step": null, "ts": 1724634099.3478181}]}, "version": 776, "at": 1724634099.3478181}
{"obj": {"type": "LogStrings", "path": ["monitoring", "a9a755a4", "stdout"], "values": [{"value": "\n", "step": null, "ts": 1724634099.3478181}]}, "version": 777, "at": 1724634099.3478181}
{"obj": {"type": "LogStrings", "path": ["monitoring", "a9a755a4", "stdout"], "values": [{"value": "action ", "step": null, "ts": 1724634099.3478181}]}, "version": 778, "at": 1724634099.3478181}
{"obj": {"type": "LogStrings", "path": ["monitoring", "a9a755a4", "stdout"], "values": [{"value": " ", "step": null, "ts": 1724634099.3488207}]}, "version": 779, "at": 1724634099.3488207}
{"obj": {"type": "LogStrings", "path": ["monitoring", "a9a755a4", "stdout"], "values": [{"value": "226", "step": null, "ts": 1724634099.3488207}]}, "version": 780, "at": 1724634099.3488207}
{"obj": {"type": "LogStrings", "path": ["monitoring", "a9a755a4", "stdout"], "values": [{"value": "\n", "step": null, "ts": 1724634099.3488207}]}, "version": 781, "at": 1724634099.3488207}
{"obj": {"type": "LogStrings", "path": ["monitoring", "a9a755a4", "stdout"], "values": [{"value": "Found 1 cylinders in image", "step": null, "ts": 1724634099.703359}]}, "version": 782, "at": 1724634099.703359}
{"obj": {"type": "LogStrings", "path": ["monitoring", "a9a755a4", "stdout"], "values": [{"value": "\n", "step": null, "ts": 1724634099.7048736}]}, "version": 783, "at": 1724634099.7048736}
{"obj": {"type": "LogStrings", "path": ["monitoring", "a9a755a4", "stdout"], "values": [{"value": "quad_offset = ", "step": null, "ts": 1724634099.7068813}]}, "version": 784, "at": 1724634099.7068813}
{"obj": {"type": "LogStrings", "path": ["monitoring", "a9a755a4", "stdout"], "values": [{"value": " ", "step": null, "ts": 1724634099.7068813}]}, "version": 785, "at": 1724634099.7068813}
{"obj": {"type": "LogStrings", "path": ["monitoring", "a9a755a4", "stdout"], "values": [{"value": "[-1.6666666666666667, 9.999999999999998, 3]", "step": null, "ts": 1724634099.7068813}]}, "version": 786, "at": 1724634099.7068813}
{"obj": {"type": "LogStrings", "path": ["monitoring", "a9a755a4", "stdout"], "values": [{"value": "\n", "step": null, "ts": 1724634099.7068813}]}, "version": 787, "at": 1724634099.7068813}
{"obj": {"type": "LogStrings", "path": ["monitoring", "a9a755a4", "stdout"], "values": [{"value": "a_vp = ", "step": null, "ts": 1724634099.7068813}]}, "version": 788, "at": 1724634099.7068813}
{"obj": {"type": "LogStrings", "path": ["monitoring", "a9a755a4", "stdout"], "values": [{"value": " ", "step": null, "ts": 1724634099.7068813}]}, "version": 789, "at": 1724634099.7068813}
{"obj": {"type": "LogStrings", "path": ["monitoring", "a9a755a4", "stdout"], "values": [{"value": "-2.5325484408334504", "step": null, "ts": 1724634099.7068813}]}, "version": 790, "at": 1724634099.7068813}
{"obj": {"type": "LogStrings", "path": ["monitoring", "a9a755a4", "stdout"], "values": [{"value": "\n", "step": null, "ts": 1724634099.7068813}]}, "version": 791, "at": 1724634099.7068813}
{"obj": {"type": "LogStrings", "path": ["monitoring", "a9a755a4", "stdout"], "values": [{"value": "new_x = ", "step": null, "ts": 1724634099.7068813}]}, "version": 792, "at": 1724634099.7068813}
{"obj": {"type": "LogStrings", "path": ["monitoring", "a9a755a4", "stdout"], "values": [{"value": " ", "step": null, "ts": 1724634099.7068813}]}, "version": 793, "at": 1724634099.7068813}
{"obj": {"type": "LogStrings", "path": ["monitoring", "a9a755a4", "stdout"], "values": [{"value": "-0.26642456188786573", "step": null, "ts": 1724634099.7068813}]}, "version": 794, "at": 1724634099.7068813}
{"obj": {"type": "LogStrings", "path": ["monitoring", "a9a755a4", "stdout"], "values": [{"value": "\n", "step": null, "ts": 1724634099.7068813}]}, "version": 795, "at": 1724634099.7078815}
{"obj": {"type": "LogStrings", "path": ["monitoring", "a9a755a4", "stdout"], "values": [{"value": "new_y = ", "step": null, "ts": 1724634099.7078815}]}, "version": 796, "at": 1724634099.7078815}
{"obj": {"type": "LogStrings", "path": ["monitoring", "a9a755a4", "stdout"], "values": [{"value": " ", "step": null, "ts": 1724634099.7078815}]}, "version": 797, "at": 1724634099.7078815}
{"obj": {"type": "LogStrings", "path": ["monitoring", "a9a755a4", "stdout"], "values": [{"value": "-0.38828160395266886", "step": null, "ts": 1724634099.7078815}]}, "version": 798, "at": 1724634099.7078815}
{"obj": {"type": "LogStrings", "path": ["monitoring", "a9a755a4", "stdout"], "values": [{"value": "\n", "step": null, "ts": 1724634099.7078815}]}, "version": 799, "at": 1724634099.7078815}
{"obj": {"type": "LogStrings", "path": ["monitoring", "a9a755a4", "stdout"], "values": [{"value": "Drone2 moved with speed vector [6, -4, 0] with duration 2", "step": null, "ts": 1724634100.3015373}]}, "version": 800, "at": 1724634100.3015373}
{"obj": {"type": "LogStrings", "path": ["monitoring", "a9a755a4", "stdout"], "values": [{"value": "\n", "step": null, "ts": 1724634100.3015373}]}, "version": 801, "at": 1724634100.3015373}
{"obj": {"type": "LogStrings", "path": ["monitoring", "a9a755a4", "stdout"], "values": [{"value": "drone 2 ", "step": null, "ts": 1724634100.3015373}]}, "version": 802, "at": 1724634100.3015373}
{"obj": {"type": "LogStrings", "path": ["monitoring", "a9a755a4", "stdout"], "values": [{"value": " ", "step": null, "ts": 1724634100.3015373}]}, "version": 803, "at": 1724634100.3015373}
{"obj": {"type": "LogStrings", "path": ["monitoring", "a9a755a4", "stdout"], "values": [{"value": "(9, 0, 0)", "step": null, "ts": 1724634100.3030427}]}, "version": 804, "at": 1724634100.3030427}
{"obj": {"type": "LogStrings", "path": ["monitoring", "a9a755a4", "stdout"], "values": [{"value": "\n", "step": null, "ts": 1724634100.3030427}]}, "version": 805, "at": 1724634100.3030427}
{"obj": {"type": "LogStrings", "path": ["monitoring", "a9a755a4", "stdout"], "values": [{"value": "Drone2 moved with speed vector [9, 0, 0] with duration 2", "step": null, "ts": 1724634102.3212695}]}, "version": 806, "at": 1724634102.3212695}
{"obj": {"type": "LogStrings", "path": ["monitoring", "a9a755a4", "stdout"], "values": [{"value": "\n", "step": null, "ts": 1724634102.3212695}]}, "version": 807, "at": 1724634102.3212695}
{"obj": {"type": "LogStrings", "path": ["monitoring", "a9a755a4", "stdout"], "values": [{"value": "drone 2 ", "step": null, "ts": 1724634102.3212695}]}, "version": 808, "at": 1724634102.3212695}
{"obj": {"type": "LogStrings", "path": ["monitoring", "a9a755a4", "stdout"], "values": [{"value": " ", "step": null, "ts": 1724634102.3212695}]}, "version": 809, "at": 1724634102.3212695}
{"obj": {"type": "LogStrings", "path": ["monitoring", "a9a755a4", "stdout"], "values": [{"value": "(0, 0, 0)", "step": null, "ts": 1724634102.3212695}]}, "version": 810, "at": 1724634102.3212695}
{"obj": {"type": "LogStrings", "path": ["monitoring", "a9a755a4", "stdout"], "values": [{"value": "\n", "step": null, "ts": 1724634102.3212695}]}, "version": 811, "at": 1724634102.3212695}
{"obj": {"type": "LogStrings", "path": ["monitoring", "a9a755a4", "stdout"], "values": [{"value": "Drone1 moved with speed vector [0.6747331088088495, 0.9833419706946428, 0] with duration 3", "step": null, "ts": 1724634102.7163506}]}, "version": 812, "at": 1724634102.7163506}
{"obj": {"type": "LogStrings", "path": ["monitoring", "a9a755a4", "stdout"], "values": [{"value": "\n", "step": null, "ts": 1724634102.7163506}]}, "version": 813, "at": 1724634102.7163506}
{"obj": {"type": "LogStrings", "path": ["monitoring", "a9a755a4", "stdout"], "values": [{"value": "rc=0 , rfov=0 , rd=-2.0290669613223153 , rdir = 0.10790616989135743 , robs= 0 , r_v=0 , r_ang= -1.0559975286833356", "step": null, "ts": 1724634102.717352}]}, "version": 814, "at": 1724634102.717352}
{"obj": {"type": "LogStrings", "path": ["monitoring", "a9a755a4", "stdout"], "values": [{"value": "\n", "step": null, "ts": 1724634102.718353}]}, "version": 815, "at": 1724634102.718353}
{"obj": {"type": "LogStrings", "path": ["monitoring", "a9a755a4", "stdout"], "values": [{"value": "next state ", "step": null, "ts": 1724634102.718353}]}, "version": 816, "at": 1724634102.718353}
{"obj": {"type": "LogStrings", "path": ["monitoring", "a9a755a4", "stdout"], "values": [{"value": " ", "step": null, "ts": 1724634102.7193558}]}, "version": 817, "at": 1724634102.7193558}
{"obj": {"type": "LogStrings", "path": ["monitoring", "a9a755a4", "stdout"], "values": [{"value": "[0.03853674729665121, -0.03741695880889893, -0.033143709103266396, 0.026457677284876507, -0.04085706472396851, -0.03387239376703898, 0.7025424883354494, 0.5572076817238742, 0.0008119904249906541, 0.0013193984679233882, 0.0008249213546514511, 0.001339458536218714, 0.000786784403026104, 0.0014594092192473235, 15.395308494567871, 15.395308494567871, 15.395308494567871, 15.395308494567871, 15.395308494567871, 15.395308494567871, 15.395308494567871, 15.395308494567871, 15.395308494567871]", "step": null, "ts": 1724634102.7193558}]}, "version": 818, "at": 1724634102.7193558}
{"obj": {"type": "LogStrings", "path": ["monitoring", "a9a755a4", "stdout"], "values": [{"value": "\n", "step": null, "ts": 1724634102.7203515}]}, "version": 819, "at": 1724634102.7203515}
{"obj": {"type": "LogStrings", "path": ["monitoring", "a9a755a4", "stdout"], "values": [{"value": "action ", "step": null, "ts": 1724634102.7203515}]}, "version": 820, "at": 1724634102.7203515}
{"obj": {"type": "LogStrings", "path": ["monitoring", "a9a755a4", "stdout"], "values": [{"value": " ", "step": null, "ts": 1724634102.7203515}]}, "version": 821, "at": 1724634102.7203515}
{"obj": {"type": "LogStrings", "path": ["monitoring", "a9a755a4", "stdout"], "values": [{"value": "254", "step": null, "ts": 1724634102.721357}]}, "version": 822, "at": 1724634102.721357}
{"obj": {"type": "LogStrings", "path": ["monitoring", "a9a755a4", "stdout"], "values": [{"value": "\n", "step": null, "ts": 1724634102.721357}]}, "version": 823, "at": 1724634102.721357}
{"obj": {"type": "LogStrings", "path": ["monitoring", "a9a755a4", "stdout"], "values": [{"value": "Found 1 cylinders in image", "step": null, "ts": 1724634103.399957}]}, "version": 824, "at": 1724634103.399957}
{"obj": {"type": "LogStrings", "path": ["monitoring", "a9a755a4", "stdout"], "values": [{"value": "\n", "step": null, "ts": 1724634103.400957}]}, "version": 825, "at": 1724634103.400957}
{"obj": {"type": "LogStrings", "path": ["monitoring", "a9a755a4", "stdout"], "values": [{"value": "quad_offset = ", "step": null, "ts": 1724634103.4019587}]}, "version": 826, "at": 1724634103.4019587}
{"obj": {"type": "LogStrings", "path": ["monitoring", "a9a755a4", "stdout"], "values": [{"value": " ", "step": null, "ts": 1724634103.4029593}]}, "version": 827, "at": 1724634103.4029593}
{"obj": {"type": "LogStrings", "path": ["monitoring", "a9a755a4", "stdout"], "values": [{"value": "[0.3333333333333335, -3.333333333333335, 3]", "step": null, "ts": 1724634103.4029593}]}, "version": 828, "at": 1724634103.4029593}
{"obj": {"type": "LogStrings", "path": ["monitoring", "a9a755a4", "stdout"], "values": [{"value": "\n", "step": null, "ts": 1724634103.4029593}]}, "version": 829, "at": 1724634103.4029593}
{"obj": {"type": "LogStrings", "path": ["monitoring", "a9a755a4", "stdout"], "values": [{"value": "a_vp = ", "step": null, "ts": 1724634103.4029593}]}, "version": 830, "at": 1724634103.4029593}
{"obj": {"type": "LogStrings", "path": ["monitoring", "a9a755a4", "stdout"], "values": [{"value": " ", "step": null, "ts": 1724634103.4029593}]}, "version": 831, "at": 1724634103.4029593}
{"obj": {"type": "LogStrings", "path": ["monitoring", "a9a755a4", "stdout"], "values": [{"value": "1.7175111264754874", "step": null, "ts": 1724634103.4029593}]}, "version": 832, "at": 1724634103.4029593}
{"obj": {"type": "LogStrings", "path": ["monitoring", "a9a755a4", "stdout"], "values": [{"value": "\n", "step": null, "ts": 1724634103.4029593}]}, "version": 833, "at": 1724634103.4029593}
{"obj": {"type": "LogStrings", "path": ["monitoring", "a9a755a4", "stdout"], "values": [{"value": "new_x = ", "step": null, "ts": 1724634103.4029593}]}, "version": 834, "at": 1724634103.4029593}
{"obj": {"type": "LogStrings", "path": ["monitoring", "a9a755a4", "stdout"], "values": [{"value": " ", "step": null, "ts": 1724634103.4029593}]}, "version": 835, "at": 1724634103.4029593}
{"obj": {"type": "LogStrings", "path": ["monitoring", "a9a755a4", "stdout"], "values": [{"value": "-0.32921738787669924", "step": null, "ts": 1724634103.4029593}]}, "version": 836, "at": 1724634103.4029593}
{"obj": {"type": "LogStrings", "path": ["monitoring", "a9a755a4", "stdout"], "values": [{"value": "\n", "step": null, "ts": 1724634103.4029593}]}, "version": 837, "at": 1724634103.4029593}
{"obj": {"type": "LogStrings", "path": ["monitoring", "a9a755a4", "stdout"], "values": [{"value": "new_y = ", "step": null, "ts": 1724634103.404004}]}, "version": 838, "at": 1724634103.404004}
{"obj": {"type": "LogStrings", "path": ["monitoring", "a9a755a4", "stdout"], "values": [{"value": " ", "step": null, "ts": 1724634103.404004}]}, "version": 839, "at": 1724634103.404004}
{"obj": {"type": "LogStrings", "path": ["monitoring", "a9a755a4", "stdout"], "values": [{"value": "-0.3275476540282449", "step": null, "ts": 1724634103.404004}]}, "version": 840, "at": 1724634103.404004}
{"obj": {"type": "LogStrings", "path": ["monitoring", "a9a755a4", "stdout"], "values": [{"value": "\n", "step": null, "ts": 1724634103.404004}]}, "version": 841, "at": 1724634103.404004}
{"obj": {"type": "LogStrings", "path": ["monitoring", "a9a755a4", "stdout"], "values": [{"value": "Drone2 moved with speed vector [0, 0, 0] with duration 2", "step": null, "ts": 1724634104.341649}]}, "version": 842, "at": 1724634104.341649}
{"obj": {"type": "LogStrings", "path": ["monitoring", "a9a755a4", "stdout"], "values": [{"value": "\n", "step": null, "ts": 1724634104.341649}]}, "version": 843, "at": 1724634104.341649}
{"obj": {"type": "LogStrings", "path": ["monitoring", "a9a755a4", "stdout"], "values": [{"value": "after thread target ", "step": null, "ts": 1724634104.341649}]}, "version": 844, "at": 1724634104.341649}
{"obj": {"type": "LogStrings", "path": ["monitoring", "a9a755a4", "stdout"], "values": [{"value": " ", "step": null, "ts": 1724634104.341649}]}, "version": 845, "at": 1724634104.341649}
{"obj": {"type": "LogStrings", "path": ["monitoring", "a9a755a4", "stdout"], "values": [{"value": "1", "step": null, "ts": 1724634104.341649}]}, "version": 846, "at": 1724634104.341649}
{"obj": {"type": "LogStrings", "path": ["monitoring", "a9a755a4", "stdout"], "values": [{"value": "\n", "step": null, "ts": 1724634104.341649}]}, "version": 847, "at": 1724634104.341649}
{"obj": {"type": "LogStrings", "path": ["monitoring", "a9a755a4", "stdout"], "values": [{"value": "Drone1 moved with speed vector [-0.5654345267074272, -0.5625667402444541, 0] with duration 3", "step": null, "ts": 1724634106.4083085}]}, "version": 848, "at": 1724634106.4083085}
{"obj": {"type": "LogStrings", "path": ["monitoring", "a9a755a4", "stdout"], "values": [{"value": "\n", "step": null, "ts": 1724634106.4083085}]}, "version": 849, "at": 1724634106.4083085}
{"obj": {"type": "LogStrings", "path": ["monitoring", "a9a755a4", "stdout"], "values": [{"value": "rc=0 , rfov=0 , rd=-2.0215441322366656 , rdir = 0.10035842895507813 , robs= 0 , r_v=0 , r_ang= -1.0561618696400554", "step": null, "ts": 1724634106.4093091}]}, "version": 850, "at": 1724634106.4093091}
{"obj": {"type": "LogStrings", "path": ["monitoring", "a9a755a4", "stdout"], "values": [{"value": "\n", "step": null, "ts": 1724634106.4103124}]}, "version": 851, "at": 1724634106.4103124}
{"obj": {"type": "LogStrings", "path": ["monitoring", "a9a755a4", "stdout"], "values": [{"value": "next state ", "step": null, "ts": 1724634106.4103124}]}, "version": 852, "at": 1724634106.4103124}
{"obj": {"type": "LogStrings", "path": ["monitoring", "a9a755a4", "stdout"], "values": [{"value": " ", "step": null, "ts": 1724634106.4103124}]}, "version": 853, "at": 1724634106.4103124}
{"obj": {"type": "LogStrings", "path": ["monitoring", "a9a755a4", "stdout"], "values": [{"value": "[0.055855890115102134, -0.014770038922627767, -0.03275076945622762, 0.03853674729665121, -0.03741695880889893, -0.033143709103266396, 0.8102631495187769, 0.7025424883354494, 0.0007577553018927575, 0.0013504392718091424, 0.0008119904249906541, 0.0013193984679233882, 0.0008249213546514511, 0.001339458536218714, 14.763721466064453, 14.763721466064453, 14.763721466064453, 15.017921447753906, 15.017921447753906, 15.017921447753906, 15.017921447753906, 15.017921447753906, 15.017921447753906]", "step": null, "ts": 1724634106.4103124}]}, "version": 854, "at": 1724634106.4103124}
{"obj": {"type": "LogStrings", "path": ["monitoring", "a9a755a4", "stdout"], "values": [{"value": "\n", "step": null, "ts": 1724634106.4103124}]}, "version": 855, "at": 1724634106.4103124}
{"obj": {"type": "LogStrings", "path": ["monitoring", "a9a755a4", "stdout"], "values": [{"value": "after thread drone ", "step": null, "ts": 1724634106.411308}]}, "version": 856, "at": 1724634106.411308}
{"obj": {"type": "LogStrings", "path": ["monitoring", "a9a755a4", "stdout"], "values": [{"value": " ", "step": null, "ts": 1724634106.411308}]}, "version": 857, "at": 1724634106.411308}
{"obj": {"type": "LogStrings", "path": ["monitoring", "a9a755a4", "stdout"], "values": [{"value": "1", "step": null, "ts": 1724634106.411308}]}, "version": 858, "at": 1724634106.411308}
{"obj": {"type": "LogStrings", "path": ["monitoring", "a9a755a4", "stdout"], "values": [{"value": "\n", "step": null, "ts": 1724634106.411308}]}, "version": 859, "at": 1724634106.411308}
{"obj": {"type": "LogStrings", "path": ["monitoring", "a9a755a4", "stdout"], "values": [{"value": "episode ", "step": null, "ts": 1724634106.411308}]}, "version": 860, "at": 1724634106.411308}
{"obj": {"type": "LogStrings", "path": ["monitoring", "a9a755a4", "stdout"], "values": [{"value": " ", "step": null, "ts": 1724634106.411308}]}, "version": 861, "at": 1724634106.411308}
{"obj": {"type": "LogStrings", "path": ["monitoring", "a9a755a4", "stdout"], "values": [{"value": "2", "step": null, "ts": 1724634106.411308}]}, "version": 862, "at": 1724634106.411308}
{"obj": {"type": "LogStrings", "path": ["monitoring", "a9a755a4", "stdout"], "values": [{"value": " ", "step": null, "ts": 1724634106.411308}]}, "version": 863, "at": 1724634106.411308}
{"obj": {"type": "LogStrings", "path": ["monitoring", "a9a755a4", "stdout"], "values": [{"value": "score -15.0", "step": null, "ts": 1724634106.411308}]}, "version": 864, "at": 1724634106.411308}
{"obj": {"type": "LogStrings", "path": ["monitoring", "a9a755a4", "stdout"], "values": [{"value": "\n", "step": null, "ts": 1724634106.411308}]}, "version": 865, "at": 1724634106.411308}
{"obj": {"type": "LogFloats", "path": ["reward"], "values": [{"value": -14.994366031876663, "step": null, "ts": 1724634106.4128127}]}, "version": 866, "at": 1724634106.4128127}
{"obj": {"type": "LogFloats", "path": ["epsilon"], "values": [{"value": 0.994963853090463, "step": null, "ts": 1724634106.4128127}]}, "version": 867, "at": 1724634106.4128127}
{"obj": {"type": "LogStrings", "path": ["monitoring", "a9a755a4", "stdout"], "values": [{"value": "episode ", "step": null, "ts": 1724634106.4128127}]}, "version": 868, "at": 1724634106.4128127}
{"obj": {"type": "LogStrings", "path": ["monitoring", "a9a755a4", "stdout"], "values": [{"value": " ", "step": null, "ts": 1724634106.4128127}]}, "version": 869, "at": 1724634106.4128127}
{"obj": {"type": "LogStrings", "path": ["monitoring", "a9a755a4", "stdout"], "values": [{"value": "3", "step": null, "ts": 1724634106.4128127}]}, "version": 870, "at": 1724634106.4128127}
{"obj": {"type": "LogStrings", "path": ["monitoring", "a9a755a4", "stdout"], "values": [{"value": "\n", "step": null, "ts": 1724634106.4128127}]}, "version": 871, "at": 1724634106.4128127}
{"obj": {"type": "LogStrings", "path": ["monitoring", "a9a755a4", "stdout"], "values": [{"value": "reset", "step": null, "ts": 1724634106.4128127}]}, "version": 872, "at": 1724634106.4128127}
{"obj": {"type": "LogStrings", "path": ["monitoring", "a9a755a4", "stdout"], "values": [{"value": "\n", "step": null, "ts": 1724634106.4128127}]}, "version": 873, "at": 1724634106.4128127}
{"obj": {"type": "LogStrings", "path": ["monitoring", "a9a755a4", "stdout"], "values": [{"value": "Found 1 cylinders in image", "step": null, "ts": 1724634107.4159157}]}, "version": 874, "at": 1724634107.4159157}
{"obj": {"type": "LogStrings", "path": ["monitoring", "a9a755a4", "stdout"], "values": [{"value": "\n", "step": null, "ts": 1724634107.4199243}]}, "version": 875, "at": 1724634107.4199243}
{"obj": {"type": "LogFloats", "path": ["monitoring", "a9a755a4", "cpu"], "values": [{"value": 9.8, "step": null, "ts": 1724634107.9906693}]}, "version": 876, "at": 1724634107.9976892}
{"obj": {"type": "LogFloats", "path": ["monitoring", "a9a755a4", "memory"], "values": [{"value": 12.791519165039062, "step": null, "ts": 1724634107.9906693}]}, "version": 877, "at": 1724634107.998692}
{"obj": {"type": "LogFloats", "path": ["monitoring", "a9a755a4", "gpu"], "values": [{"value": 23.0, "step": null, "ts": 1724634107.9906693}]}, "version": 878, "at": 1724634107.998692}
{"obj": {"type": "LogFloats", "path": ["monitoring", "a9a755a4", "gpu_memory"], "values": [{"value": 1.1751136779785156, "step": null, "ts": 1724634107.9906693}]}, "version": 879, "at": 1724634107.998692}
{"obj": {"type": "LogFloats", "path": ["monitoring", "a9a755a4", "gpu_power"], "values": [{"value": 5.275, "step": null, "ts": 1724634107.9906693}]}, "version": 880, "at": 1724634107.998692}
{"obj": {"type": "LogStrings", "path": ["monitoring", "a9a755a4", "stdout"], "values": [{"value": "Drone1 moved with speed vector [1, 0, 0] with duration 2", "step": null, "ts": 1724634116.3006077}]}, "version": 881, "at": 1724634116.3006077}
{"obj": {"type": "LogStrings", "path": ["monitoring", "a9a755a4", "stdout"], "values": [{"value": "\n", "step": null, "ts": 1724634116.3015754}]}, "version": 882, "at": 1724634116.3015754}
{"obj": {"type": "LogStrings", "path": ["monitoring", "a9a755a4", "stdout"], "values": [{"value": "before threads ", "step": null, "ts": 1724634116.3015754}]}, "version": 883, "at": 1724634116.3015754}
{"obj": {"type": "LogStrings", "path": ["monitoring", "a9a755a4", "stdout"], "values": [{"value": " ", "step": null, "ts": 1724634116.3015754}]}, "version": 884, "at": 1724634116.3015754}
{"obj": {"type": "LogStrings", "path": ["monitoring", "a9a755a4", "stdout"], "values": [{"value": "0", "step": null, "ts": 1724634116.3015754}]}, "version": 885, "at": 1724634116.3015754}
{"obj": {"type": "LogStrings", "path": ["monitoring", "a9a755a4", "stdout"], "values": [{"value": "\n", "step": null, "ts": 1724634116.3015754}]}, "version": 886, "at": 1724634116.3015754}
{"obj": {"type": "LogStrings", "path": ["monitoring", "a9a755a4", "stdout"], "values": [{"value": "drone 2 ", "step": null, "ts": 1724634116.3015754}]}, "version": 887, "at": 1724634116.3015754}
{"obj": {"type": "LogStrings", "path": ["monitoring", "a9a755a4", "stdout"], "values": [{"value": " ", "step": null, "ts": 1724634116.30311}]}, "version": 888, "at": 1724634116.30311}
{"obj": {"type": "LogStrings", "path": ["monitoring", "a9a755a4", "stdout"], "values": [{"value": "(3, 0, 0)", "step": null, "ts": 1724634116.30311}]}, "version": 889, "at": 1724634116.30311}
{"obj": {"type": "LogStrings", "path": ["monitoring", "a9a755a4", "stdout"], "values": [{"value": "\n", "step": null, "ts": 1724634116.3046374}]}, "version": 890, "at": 1724634116.3046374}
{"obj": {"type": "LogStrings", "path": ["monitoring", "a9a755a4", "stdout"], "values": [{"value": "action ", "step": null, "ts": 1724634116.3046374}]}, "version": 891, "at": 1724634116.3046374}
{"obj": {"type": "LogStrings", "path": ["monitoring", "a9a755a4", "stdout"], "values": [{"value": " ", "step": null, "ts": 1724634116.3046374}]}, "version": 892, "at": 1724634116.3046374}
{"obj": {"type": "LogStrings", "path": ["monitoring", "a9a755a4", "stdout"], "values": [{"value": "121", "step": null, "ts": 1724634116.3046374}]}, "version": 893, "at": 1724634116.3046374}
{"obj": {"type": "LogStrings", "path": ["monitoring", "a9a755a4", "stdout"], "values": [{"value": "\n", "step": null, "ts": 1724634116.3046374}]}, "version": 894, "at": 1724634116.3046374}
{"obj": {"type": "LogStrings", "path": ["monitoring", "a9a755a4", "stdout"], "values": [{"value": "Found 1 cylinders in image", "step": null, "ts": 1724634116.8066542}]}, "version": 895, "at": 1724634116.8066542}
{"obj": {"type": "LogStrings", "path": ["monitoring", "a9a755a4", "stdout"], "values": [{"value": "\n", "step": null, "ts": 1724634116.807658}]}, "version": 896, "at": 1724634116.807658}
{"obj": {"type": "LogStrings", "path": ["monitoring", "a9a755a4", "stdout"], "values": [{"value": "quad_offset = ", "step": null, "ts": 1724634116.8096576}]}, "version": 897, "at": 1724634116.8106601}
{"obj": {"type": "LogStrings", "path": ["monitoring", "a9a755a4", "stdout"], "values": [{"value": " ", "step": null, "ts": 1724634116.8106601}]}, "version": 898, "at": 1724634116.8106601}
{"obj": {"type": "LogStrings", "path": ["monitoring", "a9a755a4", "stdout"], "values": [{"value": "[-1.6666666666666667, -23.333333333333332, 2]", "step": null, "ts": 1724634116.8106601}]}, "version": 899, "at": 1724634116.8106601}
{"obj": {"type": "LogStrings", "path": ["monitoring", "a9a755a4", "stdout"], "values": [{"value": "\n", "step": null, "ts": 1724634116.8106601}]}, "version": 900, "at": 1724634116.8106601}
{"obj": {"type": "LogStrings", "path": ["monitoring", "a9a755a4", "stdout"], "values": [{"value": "a_vp = ", "step": null, "ts": 1724634116.8116572}]}, "version": 901, "at": 1724634116.8116572}
{"obj": {"type": "LogStrings", "path": ["monitoring", "a9a755a4", "stdout"], "values": [{"value": " ", "step": null, "ts": 1724634116.8116572}]}, "version": 902, "at": 1724634116.8116572}
{"obj": {"type": "LogStrings", "path": ["monitoring", "a9a755a4", "stdout"], "values": [{"value": "-3.7245266303058377", "step": null, "ts": 1724634116.8116572}]}, "version": 903, "at": 1724634116.8116572}
{"obj": {"type": "LogStrings", "path": ["monitoring", "a9a755a4", "stdout"], "values": [{"value": "\n", "step": null, "ts": 1724634116.8116572}]}, "version": 904, "at": 1724634116.8116572}
{"obj": {"type": "LogStrings", "path": ["monitoring", "a9a755a4", "stdout"], "values": [{"value": "new_x = ", "step": null, "ts": 1724634116.8116572}]}, "version": 905, "at": 1724634116.8116572}
{"obj": {"type": "LogStrings", "path": ["monitoring", "a9a755a4", "stdout"], "values": [{"value": " ", "step": null, "ts": 1724634116.812659}]}, "version": 906, "at": 1724634116.812659}
{"obj": {"type": "LogStrings", "path": ["monitoring", "a9a755a4", "stdout"], "values": [{"value": "-0.079945918780018", "step": null, "ts": 1724634116.812659}]}, "version": 907, "at": 1724634116.812659}
{"obj": {"type": "LogStrings", "path": ["monitoring", "a9a755a4", "stdout"], "values": [{"value": "\n", "step": null, "ts": 1724634116.812659}]}, "version": 908, "at": 1724634116.812659}
{"obj": {"type": "LogStrings", "path": ["monitoring", "a9a755a4", "stdout"], "values": [{"value": "new_y = ", "step": null, "ts": 1724634116.8131676}]}, "version": 909, "at": 1724634116.8131676}
{"obj": {"type": "LogStrings", "path": ["monitoring", "a9a755a4", "stdout"], "values": [{"value": " ", "step": null, "ts": 1724634116.8131676}]}, "version": 910, "at": 1724634116.8131676}
{"obj": {"type": "LogStrings", "path": ["monitoring", "a9a755a4", "stdout"], "values": [{"value": "0.3435884624933185", "step": null, "ts": 1724634116.8131676}]}, "version": 911, "at": 1724634116.8131676}
{"obj": {"type": "LogStrings", "path": ["monitoring", "a9a755a4", "stdout"], "values": [{"value": "\n", "step": null, "ts": 1724634116.813675}]}, "version": 912, "at": 1724634116.813675}
{"obj": {"type": "LogFloats", "path": ["monitoring", "a9a755a4", "cpu"], "values": [{"value": 9.1, "step": null, "ts": 1724634117.999484}]}, "version": 913, "at": 1724634118.007039}
{"obj": {"type": "LogFloats", "path": ["monitoring", "a9a755a4", "memory"], "values": [{"value": 12.791389465332031, "step": null, "ts": 1724634117.999484}]}, "version": 914, "at": 1724634118.00804}
{"obj": {"type": "LogFloats", "path": ["monitoring", "a9a755a4", "gpu"], "values": [{"value": 10.0, "step": null, "ts": 1724634117.999484}]}, "version": 915, "at": 1724634118.00804}
{"obj": {"type": "LogFloats", "path": ["monitoring", "a9a755a4", "gpu_memory"], "values": [{"value": 1.1751136779785156, "step": null, "ts": 1724634117.999484}]}, "version": 916, "at": 1724634118.00804}
{"obj": {"type": "LogFloats", "path": ["monitoring", "a9a755a4", "gpu_power"], "values": [{"value": 6.561, "step": null, "ts": 1724634117.999484}]}, "version": 917, "at": 1724634118.00804}
{"obj": {"type": "LogStrings", "path": ["monitoring", "a9a755a4", "stdout"], "values": [{"value": "Drone2 moved with speed vector [3, 0, 0] with duration 2", "step": null, "ts": 1724634118.3235915}]}, "version": 918, "at": 1724634118.3235915}
{"obj": {"type": "LogStrings", "path": ["monitoring", "a9a755a4", "stdout"], "values": [{"value": "\n", "step": null, "ts": 1724634118.324776}]}, "version": 919, "at": 1724634118.324776}
{"obj": {"type": "LogStrings", "path": ["monitoring", "a9a755a4", "stdout"], "values": [{"value": "drone 2 ", "step": null, "ts": 1724634118.3255963}]}, "version": 920, "at": 1724634118.3255963}
{"obj": {"type": "LogStrings", "path": ["monitoring", "a9a755a4", "stdout"], "values": [{"value": " ", "step": null, "ts": 1724634118.3255963}]}, "version": 921, "at": 1724634118.3255963}
{"obj": {"type": "LogStrings", "path": ["monitoring", "a9a755a4", "stdout"], "values": [{"value": "(3, 2, 0)", "step": null, "ts": 1724634118.3255963}]}, "version": 922, "at": 1724634118.3255963}
{"obj": {"type": "LogStrings", "path": ["monitoring", "a9a755a4", "stdout"], "values": [{"value": "\n", "step": null, "ts": 1724634118.3255963}]}, "version": 923, "at": 1724634118.3255963}
{"obj": {"type": "LogStrings", "path": ["monitoring", "a9a755a4", "stdout"], "values": [{"value": "Drone1 moved with speed vector [0.29776070348044464, -1.2797043784222033, 0] with duration 2", "step": null, "ts": 1724634118.831537}]}, "version": 924, "at": 1724634118.831537}
{"obj": {"type": "LogStrings", "path": ["monitoring", "a9a755a4", "stdout"], "values": [{"value": "\n", "step": null, "ts": 1724634118.831537}]}, "version": 925, "at": 1724634118.831537}
{"obj": {"type": "LogStrings", "path": ["monitoring", "a9a755a4", "stdout"], "values": [{"value": "Collision detected for drone Drone1", "step": null, "ts": 1724634118.8330414}]}, "version": 926, "at": 1724634118.8330414}
{"obj": {"type": "LogStrings", "path": ["monitoring", "a9a755a4", "stdout"], "values": [{"value": "\n", "step": null, "ts": 1724634118.8330414}]}, "version": 927, "at": 1724634118.8330414}
{"obj": {"type": "LogStrings", "path": ["monitoring", "a9a755a4", "stdout"], "values": [{"value": "Nom de l'objet: beam_metal_window_divider_4x1129", "step": null, "ts": 1724634118.8330414}]}, "version": 928, "at": 1724634118.8330414}
{"obj": {"type": "LogStrings", "path": ["monitoring", "a9a755a4", "stdout"], "values": [{"value": "\n", "step": null, "ts": 1724634118.833555}]}, "version": 929, "at": 1724634118.833555}
{"obj": {"type": "LogStrings", "path": ["monitoring", "a9a755a4", "stdout"], "values": [{"value": "rc=-50 , rfov=0 , rd=1.0002458680472843 , rdir = 0.09246446609497071 , robs= 0 , r_v=0 , r_ang= -1.0584496000982058", "step": null, "ts": 1724634118.833555}]}, "version": 930, "at": 1724634118.833555}
{"obj": {"type": "LogStrings", "path": ["monitoring", "a9a755a4", "stdout"], "values": [{"value": "\n", "step": null, "ts": 1724634118.83456}]}, "version": 931, "at": 1724634118.83456}
{"obj": {"type": "LogStrings", "path": ["monitoring", "a9a755a4", "stdout"], "values": [{"value": "next state ", "step": null, "ts": 1724634118.8348603}]}, "version": 932, "at": 1724634118.8348603}
{"obj": {"type": "LogStrings", "path": ["monitoring", "a9a755a4", "stdout"], "values": [{"value": " ", "step": null, "ts": 1724634118.8348603}]}, "version": 933, "at": 1724634118.8348603}
{"obj": {"type": "LogStrings", "path": ["monitoring", "a9a755a4", "stdout"], "values": [{"value": "[0.0006014096240202585, 1.8057182991336925e-14, -0.03532133102416992, 0.0, 0.0, 0.0016203541308641434, 0.10592530810934239, 0.10715464834576387, 0.000781249962747097, 0.0010032593468089163, 0.000781249962747097, 0.0013950414422117634, 0.0007577553018927575, 0.0013504392718091424, 14.623223304748535, 14.623223304748535, 14.623223304748535, 14.623223304748535, 14.623223304748535, 14.623223304748535, 14.623223304748535, 14.623223304748535, 14.623223304748535]", "step": null, "ts": 1724634118.8348603}]}, "version": 934, "at": 1724634118.8348603}
{"obj": {"type": "LogStrings", "path": ["monitoring", "a9a755a4", "stdout"], "values": [{"value": "\n", "step": null, "ts": 1724634118.83559}]}, "version": 935, "at": 1724634118.83559}
{"obj": {"type": "LogStrings", "path": ["monitoring", "a9a755a4", "stdout"], "values": [{"value": "Drone2 moved with speed vector [3, 2, 0] with duration 2", "step": null, "ts": 1724634120.3416615}]}, "version": 936, "at": 1724634120.3416615}
{"obj": {"type": "LogStrings", "path": ["monitoring", "a9a755a4", "stdout"], "values": [{"value": "\n", "step": null, "ts": 1724634120.3416615}]}, "version": 937, "at": 1724634120.3416615}
{"obj": {"type": "LogStrings", "path": ["monitoring", "a9a755a4", "stdout"], "values": [{"value": "drone 2 ", "step": null, "ts": 1724634120.342662}]}, "version": 938, "at": 1724634120.342662}
{"obj": {"type": "LogStrings", "path": ["monitoring", "a9a755a4", "stdout"], "values": [{"value": " ", "step": null, "ts": 1724634120.342662}]}, "version": 939, "at": 1724634120.342662}
{"obj": {"type": "LogStrings", "path": ["monitoring", "a9a755a4", "stdout"], "values": [{"value": "(6, 0, 0)", "step": null, "ts": 1724634120.342662}]}, "version": 940, "at": 1724634120.342662}
{"obj": {"type": "LogStrings", "path": ["monitoring", "a9a755a4", "stdout"], "values": [{"value": "\n", "step": null, "ts": 1724634120.342662}]}, "version": 941, "at": 1724634120.342662}
{"obj": {"type": "LogStrings", "path": ["monitoring", "a9a755a4", "stdout"], "values": [{"value": "Drone2 moved with speed vector [6, 0, 0] with duration 2", "step": null, "ts": 1724634122.3595667}]}, "version": 942, "at": 1724634122.3595667}
{"obj": {"type": "LogStrings", "path": ["monitoring", "a9a755a4", "stdout"], "values": [{"value": "\n", "step": null, "ts": 1724634122.360545}]}, "version": 943, "at": 1724634122.360545}
{"obj": {"type": "LogStrings", "path": ["monitoring", "a9a755a4", "stdout"], "values": [{"value": "drone 2 ", "step": null, "ts": 1724634122.360545}]}, "version": 944, "at": 1724634122.360545}
{"obj": {"type": "LogStrings", "path": ["monitoring", "a9a755a4", "stdout"], "values": [{"value": " ", "step": null, "ts": 1724634122.360545}]}, "version": 945, "at": 1724634122.360545}
{"obj": {"type": "LogStrings", "path": ["monitoring", "a9a755a4", "stdout"], "values": [{"value": "(6, -4, 0)", "step": null, "ts": 1724634122.360545}]}, "version": 946, "at": 1724634122.360545}
{"obj": {"type": "LogStrings", "path": ["monitoring", "a9a755a4", "stdout"], "values": [{"value": "\n", "step": null, "ts": 1724634122.360545}]}, "version": 947, "at": 1724634122.360545}
{"obj": {"type": "LogStrings", "path": ["monitoring", "a9a755a4", "stdout"], "values": [{"value": "Drone2 moved with speed vector [6, -4, 0] with duration 2", "step": null, "ts": 1724634124.3814948}]}, "version": 948, "at": 1724634124.3814948}
{"obj": {"type": "LogStrings", "path": ["monitoring", "a9a755a4", "stdout"], "values": [{"value": "\n", "step": null, "ts": 1724634124.3814948}]}, "version": 949, "at": 1724634124.3814948}
{"obj": {"type": "LogStrings", "path": ["monitoring", "a9a755a4", "stdout"], "values": [{"value": "drone 2 ", "step": null, "ts": 1724634124.3814948}]}, "version": 950, "at": 1724634124.3814948}
{"obj": {"type": "LogStrings", "path": ["monitoring", "a9a755a4", "stdout"], "values": [{"value": " ", "step": null, "ts": 1724634124.3814948}]}, "version": 951, "at": 1724634124.3814948}
{"obj": {"type": "LogStrings", "path": ["monitoring", "a9a755a4", "stdout"], "values": [{"value": "(12, 0, 0)", "step": null, "ts": 1724634124.3814948}]}, "version": 952, "at": 1724634124.3814948}
{"obj": {"type": "LogStrings", "path": ["monitoring", "a9a755a4", "stdout"], "values": [{"value": "\n", "step": null, "ts": 1724634124.3814948}]}, "version": 953, "at": 1724634124.3814948}
{"obj": {"type": "LogStrings", "path": ["monitoring", "a9a755a4", "stdout"], "values": [{"value": "Drone2 moved with speed vector [12, 0, 0] with duration 2", "step": null, "ts": 1724634126.3987713}]}, "version": 954, "at": 1724634126.3987713}
{"obj": {"type": "LogStrings", "path": ["monitoring", "a9a755a4", "stdout"], "values": [{"value": "\n", "step": null, "ts": 1724634126.3996725}]}, "version": 955, "at": 1724634126.3996725}
{"obj": {"type": "LogStrings", "path": ["monitoring", "a9a755a4", "stdout"], "values": [{"value": "drone 2 ", "step": null, "ts": 1724634126.3996725}]}, "version": 956, "at": 1724634126.3996725}
{"obj": {"type": "LogStrings", "path": ["monitoring", "a9a755a4", "stdout"], "values": [{"value": " ", "step": null, "ts": 1724634126.3996725}]}, "version": 957, "at": 1724634126.3996725}
{"obj": {"type": "LogStrings", "path": ["monitoring", "a9a755a4", "stdout"], "values": [{"value": "(3, 2, 0)", "step": null, "ts": 1724634126.3996725}]}, "version": 958, "at": 1724634126.3996725}
{"obj": {"type": "LogStrings", "path": ["monitoring", "a9a755a4", "stdout"], "values": [{"value": "\n", "step": null, "ts": 1724634126.3996725}]}, "version": 959, "at": 1724634126.3996725}
{"obj": {"type": "LogFloats", "path": ["monitoring", "a9a755a4", "cpu"], "values": [{"value": 8.6, "step": null, "ts": 1724634128.0109582}]}, "version": 960, "at": 1724634128.0199833}
{"obj": {"type": "LogFloats", "path": ["monitoring", "a9a755a4", "memory"], "values": [{"value": 12.780426025390625, "step": null, "ts": 1724634128.0109582}]}, "version": 961, "at": 1724634128.0199833}
{"obj": {"type": "LogFloats", "path": ["monitoring", "a9a755a4", "gpu_memory"], "values": [{"value": 1.1741981506347656, "step": null, "ts": 1724634128.0109582}]}, "version": 962, "at": 1724634128.0199833}
{"obj": {"type": "LogFloats", "path": ["monitoring", "a9a755a4", "gpu_power"], "values": [{"value": 6.035, "step": null, "ts": 1724634128.0109582}]}, "version": 963, "at": 1724634128.0199833}
{"obj": {"type": "LogStrings", "path": ["monitoring", "a9a755a4", "stdout"], "values": [{"value": "Drone2 moved with speed vector [3, 2, 0] with duration 2", "step": null, "ts": 1724634128.417753}]}, "version": 964, "at": 1724634128.417753}
{"obj": {"type": "LogStrings", "path": ["monitoring", "a9a755a4", "stdout"], "values": [{"value": "\n", "step": null, "ts": 1724634128.417753}]}, "version": 965, "at": 1724634128.417753}
{"obj": {"type": "LogStrings", "path": ["monitoring", "a9a755a4", "stdout"], "values": [{"value": "drone 2 ", "step": null, "ts": 1724634128.417753}]}, "version": 966, "at": 1724634128.417753}
{"obj": {"type": "LogStrings", "path": ["monitoring", "a9a755a4", "stdout"], "values": [{"value": " ", "step": null, "ts": 1724634128.417753}]}, "version": 967, "at": 1724634128.417753}
{"obj": {"type": "LogStrings", "path": ["monitoring", "a9a755a4", "stdout"], "values": [{"value": "(6, 0, 0)", "step": null, "ts": 1724634128.417753}]}, "version": 968, "at": 1724634128.417753}
{"obj": {"type": "LogStrings", "path": ["monitoring", "a9a755a4", "stdout"], "values": [{"value": "\n", "step": null, "ts": 1724634128.4186652}]}, "version": 969, "at": 1724634128.4186652}
{"obj": {"type": "LogStrings", "path": ["monitoring", "a9a755a4", "stdout"], "values": [{"value": "Drone2 moved with speed vector [6, 0, 0] with duration 2", "step": null, "ts": 1724634130.43707}]}, "version": 970, "at": 1724634130.43707}
{"obj": {"type": "LogStrings", "path": ["monitoring", "a9a755a4", "stdout"], "values": [{"value": "\n", "step": null, "ts": 1724634130.43707}]}, "version": 971, "at": 1724634130.43707}
{"obj": {"type": "LogStrings", "path": ["monitoring", "a9a755a4", "stdout"], "values": [{"value": "drone 2 ", "step": null, "ts": 1724634130.43707}]}, "version": 972, "at": 1724634130.43707}
{"obj": {"type": "LogStrings", "path": ["monitoring", "a9a755a4", "stdout"], "values": [{"value": " ", "step": null, "ts": 1724634130.4380357}]}, "version": 973, "at": 1724634130.4380357}
{"obj": {"type": "LogStrings", "path": ["monitoring", "a9a755a4", "stdout"], "values": [{"value": "(6, -4, 0)", "step": null, "ts": 1724634130.4380357}]}, "version": 974, "at": 1724634130.4380357}
{"obj": {"type": "LogStrings", "path": ["monitoring", "a9a755a4", "stdout"], "values": [{"value": "\n", "step": null, "ts": 1724634130.4380357}]}, "version": 975, "at": 1724634130.4380357}
{"obj": {"type": "LogStrings", "path": ["monitoring", "a9a755a4", "stdout"], "values": [{"value": "Drone2 moved with speed vector [6, -4, 0] with duration 2", "step": null, "ts": 1724634132.4554913}]}, "version": 976, "at": 1724634132.4554913}
{"obj": {"type": "LogStrings", "path": ["monitoring", "a9a755a4", "stdout"], "values": [{"value": "\n", "step": null, "ts": 1724634132.4554913}]}, "version": 977, "at": 1724634132.4554913}
{"obj": {"type": "LogStrings", "path": ["monitoring", "a9a755a4", "stdout"], "values": [{"value": "drone 2 ", "step": null, "ts": 1724634132.4569185}]}, "version": 978, "at": 1724634132.4569185}
{"obj": {"type": "LogStrings", "path": ["monitoring", "a9a755a4", "stdout"], "values": [{"value": " ", "step": null, "ts": 1724634132.4569185}]}, "version": 979, "at": 1724634132.4569185}
{"obj": {"type": "LogStrings", "path": ["monitoring", "a9a755a4", "stdout"], "values": [{"value": "(9, 0, 0)", "step": null, "ts": 1724634132.4569185}]}, "version": 980, "at": 1724634132.4569185}
{"obj": {"type": "LogStrings", "path": ["monitoring", "a9a755a4", "stdout"], "values": [{"value": "\n", "step": null, "ts": 1724634132.4569185}]}, "version": 981, "at": 1724634132.4569185}
{"obj": {"type": "LogStrings", "path": ["monitoring", "a9a755a4", "stdout"], "values": [{"value": "Drone2 moved with speed vector [9, 0, 0] with duration 2", "step": null, "ts": 1724634134.477838}]}, "version": 982, "at": 1724634134.477838}
{"obj": {"type": "LogStrings", "path": ["monitoring", "a9a755a4", "stdout"], "values": [{"value": "\n", "step": null, "ts": 1724634134.477838}]}, "version": 983, "at": 1724634134.477838}
{"obj": {"type": "LogStrings", "path": ["monitoring", "a9a755a4", "stdout"], "values": [{"value": "drone 2 ", "step": null, "ts": 1724634134.4784179}]}, "version": 984, "at": 1724634134.4784179}
{"obj": {"type": "LogStrings", "path": ["monitoring", "a9a755a4", "stdout"], "values": [{"value": " ", "step": null, "ts": 1724634134.4784179}]}, "version": 985, "at": 1724634134.4784179}
{"obj": {"type": "LogStrings", "path": ["monitoring", "a9a755a4", "stdout"], "values": [{"value": "(0, 0, 0)", "step": null, "ts": 1724634134.4784179}]}, "version": 986, "at": 1724634134.4784179}
{"obj": {"type": "LogStrings", "path": ["monitoring", "a9a755a4", "stdout"], "values": [{"value": "\n", "step": null, "ts": 1724634134.4784179}]}, "version": 987, "at": 1724634134.4784179}
{"obj": {"type": "LogStrings", "path": ["monitoring", "a9a755a4", "stdout"], "values": [{"value": "Drone2 moved with speed vector [0, 0, 0] with duration 2", "step": null, "ts": 1724634136.4987817}]}, "version": 988, "at": 1724634136.4987817}
{"obj": {"type": "LogStrings", "path": ["monitoring", "a9a755a4", "stdout"], "values": [{"value": "\n", "step": null, "ts": 1724634136.4996805}]}, "version": 989, "at": 1724634136.4996805}
{"obj": {"type": "LogStrings", "path": ["monitoring", "a9a755a4", "stdout"], "values": [{"value": "after thread target ", "step": null, "ts": 1724634136.4996805}]}, "version": 990, "at": 1724634136.4996805}
{"obj": {"type": "LogStrings", "path": ["monitoring", "a9a755a4", "stdout"], "values": [{"value": " ", "step": null, "ts": 1724634136.4996805}]}, "version": 991, "at": 1724634136.4996805}
{"obj": {"type": "LogStrings", "path": ["monitoring", "a9a755a4", "stdout"], "values": [{"value": "1", "step": null, "ts": 1724634136.5006795}]}, "version": 992, "at": 1724634136.5006795}
{"obj": {"type": "LogStrings", "path": ["monitoring", "a9a755a4", "stdout"], "values": [{"value": "\n", "step": null, "ts": 1724634136.5006795}]}, "version": 993, "at": 1724634136.5006795}
{"obj": {"type": "LogStrings", "path": ["monitoring", "a9a755a4", "stdout"], "values": [{"value": "after thread drone ", "step": null, "ts": 1724634136.5006795}]}, "version": 994, "at": 1724634136.5006795}
{"obj": {"type": "LogStrings", "path": ["monitoring", "a9a755a4", "stdout"], "values": [{"value": " ", "step": null, "ts": 1724634136.5006795}]}, "version": 995, "at": 1724634136.5006795}
{"obj": {"type": "LogStrings", "path": ["monitoring", "a9a755a4", "stdout"], "values": [{"value": "1", "step": null, "ts": 1724634136.5006795}]}, "version": 996, "at": 1724634136.5006795}
{"obj": {"type": "LogStrings", "path": ["monitoring", "a9a755a4", "stdout"], "values": [{"value": "\n", "step": null, "ts": 1724634136.5006795}]}, "version": 997, "at": 1724634136.5006795}
{"obj": {"type": "LogFloats", "path": ["reward"], "values": [{"value": -49.965739265955946, "step": null, "ts": 1724634136.5006795}]}, "version": 998, "at": 1724634136.5006795}
{"obj": {"type": "LogFloats", "path": ["epsilon"], "values": [{"value": 0.9932908370067983, "step": null, "ts": 1724634136.5006795}]}, "version": 999, "at": 1724634136.5006795}
{"obj": {"type": "LogStrings", "path": ["monitoring", "a9a755a4", "stdout"], "values": [{"value": "episode ", "step": null, "ts": 1724634136.5006795}]}, "version": 1000, "at": 1724634136.5006795}
{"obj": {"type": "LogStrings", "path": ["monitoring", "a9a755a4", "stdout"], "values": [{"value": " ", "step": null, "ts": 1724634136.5016801}]}, "version": 1001, "at": 1724634136.5016801}
{"obj": {"type": "LogStrings", "path": ["monitoring", "a9a755a4", "stdout"], "values": [{"value": "4", "step": null, "ts": 1724634136.5016801}]}, "version": 1002, "at": 1724634136.5016801}
{"obj": {"type": "LogStrings", "path": ["monitoring", "a9a755a4", "stdout"], "values": [{"value": "\n", "step": null, "ts": 1724634136.5016801}]}, "version": 1003, "at": 1724634136.5016801}
{"obj": {"type": "LogStrings", "path": ["monitoring", "a9a755a4", "stdout"], "values": [{"value": "reset", "step": null, "ts": 1724634136.5016801}]}, "version": 1004, "at": 1724634136.5016801}
{"obj": {"type": "LogStrings", "path": ["monitoring", "a9a755a4", "stdout"], "values": [{"value": "\n", "step": null, "ts": 1724634136.5026805}]}, "version": 1005, "at": 1724634136.5026805}
{"obj": {"type": "LogStrings", "path": ["monitoring", "a9a755a4", "stdout"], "values": [{"value": "Found 1 cylinders in image", "step": null, "ts": 1724634137.273467}]}, "version": 1006, "at": 1724634137.273467}
{"obj": {"type": "LogStrings", "path": ["monitoring", "a9a755a4", "stdout"], "values": [{"value": "\n", "step": null, "ts": 1724634137.2744803}]}, "version": 1007, "at": 1724634137.2744803}
{"obj": {"type": "LogFloats", "path": ["monitoring", "a9a755a4", "cpu"], "values": [{"value": 8.2, "step": null, "ts": 1724634138.0326157}]}, "version": 1008, "at": 1724634138.0511105}
{"obj": {"type": "LogFloats", "path": ["monitoring", "a9a755a4", "memory"], "values": [{"value": 12.804218292236328, "step": null, "ts": 1724634138.0326157}]}, "version": 1009, "at": 1724634138.0511105}
{"obj": {"type": "LogFloats", "path": ["monitoring", "a9a755a4", "gpu"], "values": [{"value": 23.0, "step": null, "ts": 1724634138.0326157}]}, "version": 1010, "at": 1724634138.0511105}
{"obj": {"type": "LogFloats", "path": ["monitoring", "a9a755a4", "gpu_memory"], "values": [{"value": 1.1751136779785156, "step": null, "ts": 1724634138.0326157}]}, "version": 1011, "at": 1724634138.0511105}
{"obj": {"type": "LogFloats", "path": ["monitoring", "a9a755a4", "gpu_power"], "values": [{"value": 6.135, "step": null, "ts": 1724634138.0326157}]}, "version": 1012, "at": 1724634138.0511105}
{"obj": {"type": "LogStrings", "path": ["monitoring", "a9a755a4", "stdout"], "values": [{"value": "Drone1 moved with speed vector [1, 0, 0] with duration 2", "step": null, "ts": 1724634146.1590497}]}, "version": 1013, "at": 1724634146.1590497}
{"obj": {"type": "LogStrings", "path": ["monitoring", "a9a755a4", "stdout"], "values": [{"value": "\n", "step": null, "ts": 1724634146.1600518}]}, "version": 1014, "at": 1724634146.1600518}
{"obj": {"type": "LogStrings", "path": ["monitoring", "a9a755a4", "stdout"], "values": [{"value": "before threads ", "step": null, "ts": 1724634146.1600518}]}, "version": 1015, "at": 1724634146.1600518}
{"obj": {"type": "LogStrings", "path": ["monitoring", "a9a755a4", "stdout"], "values": [{"value": " ", "step": null, "ts": 1724634146.1600518}]}, "version": 1016, "at": 1724634146.1600518}
{"obj": {"type": "LogStrings", "path": ["monitoring", "a9a755a4", "stdout"], "values": [{"value": "0", "step": null, "ts": 1724634146.1600518}]}, "version": 1017, "at": 1724634146.1600518}
{"obj": {"type": "LogStrings", "path": ["monitoring", "a9a755a4", "stdout"], "values": [{"value": "\n", "step": null, "ts": 1724634146.1600518}]}, "version": 1018, "at": 1724634146.1600518}
{"obj": {"type": "LogStrings", "path": ["monitoring", "a9a755a4", "stdout"], "values": [{"value": "drone 2 ", "step": null, "ts": 1724634146.1600518}]}, "version": 1019, "at": 1724634146.1600518}
{"obj": {"type": "LogStrings", "path": ["monitoring", "a9a755a4", "stdout"], "values": [{"value": " ", "step": null, "ts": 1724634146.1610494}]}, "version": 1020, "at": 1724634146.1610494}
{"obj": {"type": "LogStrings", "path": ["monitoring", "a9a755a4", "stdout"], "values": [{"value": "(3, 0, 0)", "step": null, "ts": 1724634146.1610494}]}, "version": 1021, "at": 1724634146.1610494}
{"obj": {"type": "LogStrings", "path": ["monitoring", "a9a755a4", "stdout"], "values": [{"value": "\n", "step": null, "ts": 1724634146.1610494}]}, "version": 1022, "at": 1724634146.1610494}
{"obj": {"type": "LogStrings", "path": ["monitoring", "a9a755a4", "stdout"], "values": [{"value": "action ", "step": null, "ts": 1724634146.1610494}]}, "version": 1023, "at": 1724634146.1610494}
{"obj": {"type": "LogStrings", "path": ["monitoring", "a9a755a4", "stdout"], "values": [{"value": " ", "step": null, "ts": 1724634146.1610494}]}, "version": 1024, "at": 1724634146.1610494}
{"obj": {"type": "LogStrings", "path": ["monitoring", "a9a755a4", "stdout"], "values": [{"value": "100", "step": null, "ts": 1724634146.1625931}]}, "version": 1025, "at": 1724634146.1625931}
{"obj": {"type": "LogStrings", "path": ["monitoring", "a9a755a4", "stdout"], "values": [{"value": "\n", "step": null, "ts": 1724634146.1625931}]}, "version": 1026, "at": 1724634146.1625931}
{"obj": {"type": "LogStrings", "path": ["monitoring", "a9a755a4", "stdout"], "values": [{"value": "Found 1 cylinders in image", "step": null, "ts": 1724634146.6632183}]}, "version": 1027, "at": 1724634146.6632183}
{"obj": {"type": "LogStrings", "path": ["monitoring", "a9a755a4", "stdout"], "values": [{"value": "\n", "step": null, "ts": 1724634146.6642241}]}, "version": 1028, "at": 1724634146.6642241}
{"obj": {"type": "LogStrings", "path": ["monitoring", "a9a755a4", "stdout"], "values": [{"value": "quad_offset = ", "step": null, "ts": 1724634146.6662326}]}, "version": 1029, "at": 1724634146.6662326}
{"obj": {"type": "LogStrings", "path": ["monitoring", "a9a755a4", "stdout"], "values": [{"value": " ", "step": null, "ts": 1724634146.6662326}]}, "version": 1030, "at": 1724634146.6662326}
{"obj": {"type": "LogStrings", "path": ["monitoring", "a9a755a4", "stdout"], "values": [{"value": "[-3.0, -30.0, 2]", "step": null, "ts": 1724634146.6662326}]}, "version": 1031, "at": 1724634146.6662326}
{"obj": {"type": "LogStrings", "path": ["monitoring", "a9a755a4", "stdout"], "values": [{"value": "\n", "step": null, "ts": 1724634146.66723}]}, "version": 1032, "at": 1724634146.66723}
{"obj": {"type": "LogStrings", "path": ["monitoring", "a9a755a4", "stdout"], "values": [{"value": "a_vp = ", "step": null, "ts": 1724634146.66723}]}, "version": 1033, "at": 1724634146.66723}
{"obj": {"type": "LogStrings", "path": ["monitoring", "a9a755a4", "stdout"], "values": [{"value": " ", "step": null, "ts": 1724634146.66723}]}, "version": 1034, "at": 1724634146.66723}
{"obj": {"type": "LogStrings", "path": ["monitoring", "a9a755a4", "stdout"], "values": [{"value": "-7.564356108356849", "step": null, "ts": 1724634146.66723}]}, "version": 1035, "at": 1724634146.66723}
{"obj": {"type": "LogStrings", "path": ["monitoring", "a9a755a4", "stdout"], "values": [{"value": "\n", "step": null, "ts": 1724634146.66723}]}, "version": 1036, "at": 1724634146.66723}
{"obj": {"type": "LogStrings", "path": ["monitoring", "a9a755a4", "stdout"], "values": [{"value": "new_x = ", "step": null, "ts": 1724634146.66723}]}, "version": 1037, "at": 1724634146.66723}
{"obj": {"type": "LogStrings", "path": ["monitoring", "a9a755a4", "stdout"], "values": [{"value": " ", "step": null, "ts": 1724634146.668243}]}, "version": 1038, "at": 1724634146.668243}
{"obj": {"type": "LogStrings", "path": ["monitoring", "a9a755a4", "stdout"], "values": [{"value": "0.05403230361299945", "step": null, "ts": 1724634146.668243}]}, "version": 1039, "at": 1724634146.668243}
{"obj": {"type": "LogStrings", "path": ["monitoring", "a9a755a4", "stdout"], "values": [{"value": "\n", "step": null, "ts": 1724634146.668243}]}, "version": 1040, "at": 1724634146.668243}
{"obj": {"type": "LogStrings", "path": ["monitoring", "a9a755a4", "stdout"], "values": [{"value": "new_y = ", "step": null, "ts": 1724634146.668243}]}, "version": 1041, "at": 1724634146.668243}
{"obj": {"type": "LogStrings", "path": ["monitoring", "a9a755a4", "stdout"], "values": [{"value": " ", "step": null, "ts": 1724634146.668243}]}, "version": 1042, "at": 1724634146.668243}
{"obj": {"type": "LogStrings", "path": ["monitoring", "a9a755a4", "stdout"], "values": [{"value": "0.3460948007195092", "step": null, "ts": 1724634146.668243}]}, "version": 1043, "at": 1724634146.668243}
{"obj": {"type": "LogStrings", "path": ["monitoring", "a9a755a4", "stdout"], "values": [{"value": "\n", "step": null, "ts": 1724634146.668243}]}, "version": 1044, "at": 1724634146.668243}
{"obj": {"type": "LogFloats", "path": ["monitoring", "a9a755a4", "cpu"], "values": [{"value": 9.2, "step": null, "ts": 1724634148.0603576}]}, "version": 1045, "at": 1724634148.068442}
{"obj": {"type": "LogFloats", "path": ["monitoring", "a9a755a4", "memory"], "values": [{"value": 12.805709838867188, "step": null, "ts": 1724634148.0603576}]}, "version": 1046, "at": 1724634148.068442}
{"obj": {"type": "LogFloats", "path": ["monitoring", "a9a755a4", "gpu"], "values": [{"value": 15.0, "step": null, "ts": 1724634148.0603576}]}, "version": 1047, "at": 1724634148.068442}
{"obj": {"type": "LogFloats", "path": ["monitoring", "a9a755a4", "gpu_memory"], "values": [{"value": 1.1751136779785156, "step": null, "ts": 1724634148.0603576}]}, "version": 1048, "at": 1724634148.0694394}
{"obj": {"type": "LogFloats", "path": ["monitoring", "a9a755a4", "gpu_power"], "values": [{"value": 5.881, "step": null, "ts": 1724634148.0603576}]}, "version": 1049, "at": 1724634148.0694394}
{"obj": {"type": "LogStrings", "path": ["monitoring", "a9a755a4", "stdout"], "values": [{"value": "Drone2 moved with speed vector [3, 0, 0] with duration 2", "step": null, "ts": 1724634148.1862814}]}, "version": 1050, "at": 1724634148.1862814}
{"obj": {"type": "LogStrings", "path": ["monitoring", "a9a755a4", "stdout"], "values": [{"value": "\n", "step": null, "ts": 1724634148.1862814}]}, "version": 1051, "at": 1724634148.1862814}
{"obj": {"type": "LogStrings", "path": ["monitoring", "a9a755a4", "stdout"], "values": [{"value": "drone 2 ", "step": null, "ts": 1724634148.1862814}]}, "version": 1052, "at": 1724634148.1862814}
{"obj": {"type": "LogStrings", "path": ["monitoring", "a9a755a4", "stdout"], "values": [{"value": " ", "step": null, "ts": 1724634148.187282}]}, "version": 1053, "at": 1724634148.187282}
{"obj": {"type": "LogStrings", "path": ["monitoring", "a9a755a4", "stdout"], "values": [{"value": "(3, 2, 0)", "step": null, "ts": 1724634148.187282}]}, "version": 1054, "at": 1724634148.187282}
{"obj": {"type": "LogStrings", "path": ["monitoring", "a9a755a4", "stdout"], "values": [{"value": "\n", "step": null, "ts": 1724634148.187282}]}, "version": 1055, "at": 1724634148.187282}
{"obj": {"type": "LogStrings", "path": ["monitoring", "a9a755a4", "stdout"], "values": [{"value": "Drone1 moved with speed vector [-0.4087195858835842, -2.617984319893166, 0] with duration 2", "step": null, "ts": 1724634148.6926963}]}, "version": 1056, "at": 1724634148.6926963}
{"obj": {"type": "LogStrings", "path": ["monitoring", "a9a755a4", "stdout"], "values": [{"value": "\n", "step": null, "ts": 1724634148.6932003}]}, "version": 1057, "at": 1724634148.6932003}
{"obj": {"type": "LogStrings", "path": ["monitoring", "a9a755a4", "stdout"], "values": [{"value": "Collision detected for drone Drone1", "step": null, "ts": 1724634148.6937034}]}, "version": 1058, "at": 1724634148.6937034}
{"obj": {"type": "LogStrings", "path": ["monitoring", "a9a755a4", "stdout"], "values": [{"value": "\n", "step": null, "ts": 1724634148.6937034}]}, "version": 1059, "at": 1724634148.6937034}
{"obj": {"type": "LogStrings", "path": ["monitoring", "a9a755a4", "stdout"], "values": [{"value": "Nom de l'objet: beam_metal_window_divider_4x1129", "step": null, "ts": 1724634148.6937034}]}, "version": 1060, "at": 1724634148.6937034}
{"obj": {"type": "LogStrings", "path": ["monitoring", "a9a755a4", "stdout"], "values": [{"value": "\n", "step": null, "ts": 1724634148.6937034}]}, "version": 1061, "at": 1724634148.6937034}
{"obj": {"type": "LogStrings", "path": ["monitoring", "a9a755a4", "stdout"], "values": [{"value": "rc=-50 , rfov=0 , rd=1.0002494100624852 , rdir = 0.10088029861450197 , robs= 0 , r_v=0 , r_ang= -1.0584527614985306", "step": null, "ts": 1724634148.6947076}]}, "version": 1062, "at": 1724634148.6947076}
{"obj": {"type": "LogStrings", "path": ["monitoring", "a9a755a4", "stdout"], "values": [{"value": "\n", "step": null, "ts": 1724634148.6947076}]}, "version": 1063, "at": 1724634148.6947076}
{"obj": {"type": "LogStrings", "path": ["monitoring", "a9a755a4", "stdout"], "values": [{"value": "next state ", "step": null, "ts": 1724634148.6947076}]}, "version": 1064, "at": 1724634148.6947076}
{"obj": {"type": "LogStrings", "path": ["monitoring", "a9a755a4", "stdout"], "values": [{"value": " ", "step": null, "ts": 1724634148.6947076}]}, "version": 1065, "at": 1724634148.6947076}
{"obj": {"type": "LogStrings", "path": ["monitoring", "a9a755a4", "stdout"], "values": [{"value": "[0.0006014096240202585, 1.389024745918066e-13, -0.03532102902730306, 0.0, 0.0, 0.0016207172224919002, 0.10590759803333732, 0.10715464834576387, 0.00078125, 0.0010028121206495497, 0.000781249962747097, 0.0013950416188181184, 0.000781249962747097, 0.0010032593468089163, 15.044014930725098, 15.044014930725098, 15.044014930725098, 15.044014930725098, 15.044014930725098, 15.044014930725098, 15.044014930725098, 15.044014930725098, 15.044014930725098]", "step": null, "ts": 1724634148.6947076}]}, "version": 1066, "at": 1724634148.6947076}
{"obj": {"type": "LogStrings", "path": ["monitoring", "a9a755a4", "stdout"], "values": [{"value": "\n", "step": null, "ts": 1724634148.6947076}]}, "version": 1067, "at": 1724634148.6947076}
{"obj": {"type": "LogStrings", "path": ["monitoring", "a9a755a4", "stdout"], "values": [{"value": "Drone2 moved with speed vector [3, 2, 0] with duration 2", "step": null, "ts": 1724634150.2071698}]}, "version": 1068, "at": 1724634150.2071698}
{"obj": {"type": "LogStrings", "path": ["monitoring", "a9a755a4", "stdout"], "values": [{"value": "\n", "step": null, "ts": 1724634150.2071698}]}, "version": 1069, "at": 1724634150.2071698}
{"obj": {"type": "LogStrings", "path": ["monitoring", "a9a755a4", "stdout"], "values": [{"value": "drone 2 ", "step": null, "ts": 1724634150.2071698}]}, "version": 1070, "at": 1724634150.2071698}
{"obj": {"type": "LogStrings", "path": ["monitoring", "a9a755a4", "stdout"], "values": [{"value": " ", "step": null, "ts": 1724634150.2071698}]}, "version": 1071, "at": 1724634150.2071698}
{"obj": {"type": "LogStrings", "path": ["monitoring", "a9a755a4", "stdout"], "values": [{"value": "(6, 0, 0)", "step": null, "ts": 1724634150.2071698}]}, "version": 1072, "at": 1724634150.2071698}
{"obj": {"type": "LogStrings", "path": ["monitoring", "a9a755a4", "stdout"], "values": [{"value": "\n", "step": null, "ts": 1724634150.2071698}]}, "version": 1073, "at": 1724634150.2071698}
{"obj": {"type": "LogStrings", "path": ["monitoring", "a9a755a4", "stdout"], "values": [{"value": "Drone2 moved with speed vector [6, 0, 0] with duration 2", "step": null, "ts": 1724634152.2283173}]}, "version": 1074, "at": 1724634152.2283173}
{"obj": {"type": "LogStrings", "path": ["monitoring", "a9a755a4", "stdout"], "values": [{"value": "\n", "step": null, "ts": 1724634152.2283173}]}, "version": 1075, "at": 1724634152.2283173}
{"obj": {"type": "LogStrings", "path": ["monitoring", "a9a755a4", "stdout"], "values": [{"value": "drone 2 ", "step": null, "ts": 1724634152.2283173}]}, "version": 1076, "at": 1724634152.2283173}
{"obj": {"type": "LogStrings", "path": ["monitoring", "a9a755a4", "stdout"], "values": [{"value": " ", "step": null, "ts": 1724634152.2283173}]}, "version": 1077, "at": 1724634152.2283173}
{"obj": {"type": "LogStrings", "path": ["monitoring", "a9a755a4", "stdout"], "values": [{"value": "(6, -4, 0)", "step": null, "ts": 1724634152.2292755}]}, "version": 1078, "at": 1724634152.2292755}
{"obj": {"type": "LogStrings", "path": ["monitoring", "a9a755a4", "stdout"], "values": [{"value": "\n", "step": null, "ts": 1724634152.2292755}]}, "version": 1079, "at": 1724634152.2292755}
{"obj": {"type": "LogStrings", "path": ["monitoring", "a9a755a4", "stdout"], "values": [{"value": "Drone2 moved with speed vector [6, -4, 0] with duration 2", "step": null, "ts": 1724634154.2455697}]}, "version": 1080, "at": 1724634154.2455697}
{"obj": {"type": "LogStrings", "path": ["monitoring", "a9a755a4", "stdout"], "values": [{"value": "\n", "step": null, "ts": 1724634154.2465703}]}, "version": 1081, "at": 1724634154.2465703}
{"obj": {"type": "LogStrings", "path": ["monitoring", "a9a755a4", "stdout"], "values": [{"value": "drone 2 ", "step": null, "ts": 1724634154.2465703}]}, "version": 1082, "at": 1724634154.2465703}
{"obj": {"type": "LogStrings", "path": ["monitoring", "a9a755a4", "stdout"], "values": [{"value": " ", "step": null, "ts": 1724634154.2465703}]}, "version": 1083, "at": 1724634154.247573}
{"obj": {"type": "LogStrings", "path": ["monitoring", "a9a755a4", "stdout"], "values": [{"value": "(12, 0, 0)", "step": null, "ts": 1724634154.247573}]}, "version": 1084, "at": 1724634154.247573}
{"obj": {"type": "LogStrings", "path": ["monitoring", "a9a755a4", "stdout"], "values": [{"value": "\n", "step": null, "ts": 1724634154.247573}]}, "version": 1085, "at": 1724634154.247573}
{"obj": {"type": "LogStrings", "path": ["monitoring", "a9a755a4", "stdout"], "values": [{"value": "Drone2 moved with speed vector [12, 0, 0] with duration 2", "step": null, "ts": 1724634156.2645326}]}, "version": 1086, "at": 1724634156.2645326}
{"obj": {"type": "LogStrings", "path": ["monitoring", "a9a755a4", "stdout"], "values": [{"value": "\n", "step": null, "ts": 1724634156.265633}]}, "version": 1087, "at": 1724634156.265633}
{"obj": {"type": "LogStrings", "path": ["monitoring", "a9a755a4", "stdout"], "values": [{"value": "drone 2 ", "step": null, "ts": 1724634156.265633}]}, "version": 1088, "at": 1724634156.265633}
{"obj": {"type": "LogStrings", "path": ["monitoring", "a9a755a4", "stdout"], "values": [{"value": " ", "step": null, "ts": 1724634156.265633}]}, "version": 1089, "at": 1724634156.265633}
{"obj": {"type": "LogStrings", "path": ["monitoring", "a9a755a4", "stdout"], "values": [{"value": "(3, 2, 0)", "step": null, "ts": 1724634156.265633}]}, "version": 1090, "at": 1724634156.265633}
{"obj": {"type": "LogStrings", "path": ["monitoring", "a9a755a4", "stdout"], "values": [{"value": "\n", "step": null, "ts": 1724634156.2665782}]}, "version": 1091, "at": 1724634156.2665782}
{"obj": {"type": "LogFloats", "path": ["monitoring", "a9a755a4", "cpu"], "values": [{"value": 8.5, "step": null, "ts": 1724634158.0703113}]}, "version": 1092, "at": 1724634158.0801387}
{"obj": {"type": "LogFloats", "path": ["monitoring", "a9a755a4", "memory"], "values": [{"value": 12.783828735351562, "step": null, "ts": 1724634158.0703113}]}, "version": 1093, "at": 1724634158.0806444}
{"obj": {"type": "LogFloats", "path": ["monitoring", "a9a755a4", "gpu_memory"], "values": [{"value": 1.1741981506347656, "step": null, "ts": 1724634158.0703113}]}, "version": 1094, "at": 1724634158.0806444}
{"obj": {"type": "LogFloats", "path": ["monitoring", "a9a755a4", "gpu_power"], "values": [{"value": 5.37, "step": null, "ts": 1724634158.0703113}]}, "version": 1095, "at": 1724634158.0806444}
{"obj": {"type": "LogStrings", "path": ["monitoring", "a9a755a4", "stdout"], "values": [{"value": "Drone2 moved with speed vector [3, 2, 0] with duration 2", "step": null, "ts": 1724634158.285334}]}, "version": 1096, "at": 1724634158.285334}
{"obj": {"type": "LogStrings", "path": ["monitoring", "a9a755a4", "stdout"], "values": [{"value": "\n", "step": null, "ts": 1724634158.285334}]}, "version": 1097, "at": 1724634158.285334}
{"obj": {"type": "LogStrings", "path": ["monitoring", "a9a755a4", "stdout"], "values": [{"value": "drone 2 ", "step": null, "ts": 1724634158.285334}]}, "version": 1098, "at": 1724634158.285334}
{"obj": {"type": "LogStrings", "path": ["monitoring", "a9a755a4", "stdout"], "values": [{"value": " ", "step": null, "ts": 1724634158.2863388}]}, "version": 1099, "at": 1724634158.2863388}
{"obj": {"type": "LogStrings", "path": ["monitoring", "a9a755a4", "stdout"], "values": [{"value": "(6, 0, 0)", "step": null, "ts": 1724634158.2863388}]}, "version": 1100, "at": 1724634158.2863388}
{"obj": {"type": "LogStrings", "path": ["monitoring", "a9a755a4", "stdout"], "values": [{"value": "\n", "step": null, "ts": 1724634158.2873366}]}, "version": 1101, "at": 1724634158.2873366}
{"obj": {"type": "LogStrings", "path": ["monitoring", "a9a755a4", "stdout"], "values": [{"value": "Drone2 moved with speed vector [6, 0, 0] with duration 2", "step": null, "ts": 1724634160.306156}]}, "version": 1102, "at": 1724634160.306156}
{"obj": {"type": "LogStrings", "path": ["monitoring", "a9a755a4", "stdout"], "values": [{"value": "\n", "step": null, "ts": 1724634160.306156}]}, "version": 1103, "at": 1724634160.306156}
{"obj": {"type": "LogStrings", "path": ["monitoring", "a9a755a4", "stdout"], "values": [{"value": "drone 2 ", "step": null, "ts": 1724634160.306156}]}, "version": 1104, "at": 1724634160.306156}
{"obj": {"type": "LogStrings", "path": ["monitoring", "a9a755a4", "stdout"], "values": [{"value": " ", "step": null, "ts": 1724634160.307154}]}, "version": 1105, "at": 1724634160.307154}
{"obj": {"type": "LogStrings", "path": ["monitoring", "a9a755a4", "stdout"], "values": [{"value": "(6, -4, 0)", "step": null, "ts": 1724634160.307154}]}, "version": 1106, "at": 1724634160.307154}
{"obj": {"type": "LogStrings", "path": ["monitoring", "a9a755a4", "stdout"], "values": [{"value": "\n", "step": null, "ts": 1724634160.307154}]}, "version": 1107, "at": 1724634160.307154}
{"obj": {"type": "LogStrings", "path": ["monitoring", "a9a755a4", "stdout"], "values": [{"value": "Drone2 moved with speed vector [6, -4, 0] with duration 2", "step": null, "ts": 1724634162.325349}]}, "version": 1108, "at": 1724634162.325349}
{"obj": {"type": "LogStrings", "path": ["monitoring", "a9a755a4", "stdout"], "values": [{"value": "\n", "step": null, "ts": 1724634162.326426}]}, "version": 1109, "at": 1724634162.326426}
{"obj": {"type": "LogStrings", "path": ["monitoring", "a9a755a4", "stdout"], "values": [{"value": "drone 2 ", "step": null, "ts": 1724634162.326426}]}, "version": 1110, "at": 1724634162.326426}
{"obj": {"type": "LogStrings", "path": ["monitoring", "a9a755a4", "stdout"], "values": [{"value": " ", "step": null, "ts": 1724634162.326426}]}, "version": 1111, "at": 1724634162.326426}
{"obj": {"type": "LogStrings", "path": ["monitoring", "a9a755a4", "stdout"], "values": [{"value": "(9, 0, 0)", "step": null, "ts": 1724634162.326426}]}, "version": 1112, "at": 1724634162.326426}
{"obj": {"type": "LogStrings", "path": ["monitoring", "a9a755a4", "stdout"], "values": [{"value": "\n", "step": null, "ts": 1724634162.3273492}]}, "version": 1113, "at": 1724634162.3273492}
{"obj": {"type": "LogStrings", "path": ["monitoring", "a9a755a4", "stdout"], "values": [{"value": "Drone2 moved with speed vector [9, 0, 0] with duration 2", "step": null, "ts": 1724634164.345223}]}, "version": 1114, "at": 1724634164.345223}
{"obj": {"type": "LogStrings", "path": ["monitoring", "a9a755a4", "stdout"], "values": [{"value": "\n", "step": null, "ts": 1724634164.3462217}]}, "version": 1115, "at": 1724634164.3462217}
{"obj": {"type": "LogStrings", "path": ["monitoring", "a9a755a4", "stdout"], "values": [{"value": "drone 2 ", "step": null, "ts": 1724634164.3462217}]}, "version": 1116, "at": 1724634164.3462217}
{"obj": {"type": "LogStrings", "path": ["monitoring", "a9a755a4", "stdout"], "values": [{"value": " ", "step": null, "ts": 1724634164.3472698}]}, "version": 1117, "at": 1724634164.3472698}
{"obj": {"type": "LogStrings", "path": ["monitoring", "a9a755a4", "stdout"], "values": [{"value": "(0, 0, 0)", "step": null, "ts": 1724634164.3472698}]}, "version": 1118, "at": 1724634164.3472698}
{"obj": {"type": "LogStrings", "path": ["monitoring", "a9a755a4", "stdout"], "values": [{"value": "\n", "step": null, "ts": 1724634164.3472698}]}, "version": 1119, "at": 1724634164.3472698}
{"obj": {"type": "LogStrings", "path": ["monitoring", "a9a755a4", "stdout"], "values": [{"value": "Drone2 moved with speed vector [0, 0, 0] with duration 2", "step": null, "ts": 1724634166.3644898}]}, "version": 1120, "at": 1724634166.3644898}
{"obj": {"type": "LogStrings", "path": ["monitoring", "a9a755a4", "stdout"], "values": [{"value": "\n", "step": null, "ts": 1724634166.3647907}]}, "version": 1121, "at": 1724634166.3647907}
{"obj": {"type": "LogStrings", "path": ["monitoring", "a9a755a4", "stdout"], "values": [{"value": "after thread target ", "step": null, "ts": 1724634166.3647907}]}, "version": 1122, "at": 1724634166.3647907}
{"obj": {"type": "LogStrings", "path": ["monitoring", "a9a755a4", "stdout"], "values": [{"value": " ", "step": null, "ts": 1724634166.3647907}]}, "version": 1123, "at": 1724634166.3647907}
{"obj": {"type": "LogStrings", "path": ["monitoring", "a9a755a4", "stdout"], "values": [{"value": "1", "step": null, "ts": 1724634166.3647907}]}, "version": 1124, "at": 1724634166.3647907}
{"obj": {"type": "LogStrings", "path": ["monitoring", "a9a755a4", "stdout"], "values": [{"value": "\n", "step": null, "ts": 1724634166.3647907}]}, "version": 1125, "at": 1724634166.3647907}
{"obj": {"type": "LogStrings", "path": ["monitoring", "a9a755a4", "stdout"], "values": [{"value": "after thread drone ", "step": null, "ts": 1724634166.3647907}]}, "version": 1126, "at": 1724634166.3657897}
{"obj": {"type": "LogStrings", "path": ["monitoring", "a9a755a4", "stdout"], "values": [{"value": " ", "step": null, "ts": 1724634166.3657897}]}, "version": 1127, "at": 1724634166.3657897}
{"obj": {"type": "LogStrings", "path": ["monitoring", "a9a755a4", "stdout"], "values": [{"value": "1", "step": null, "ts": 1724634166.3657897}]}, "version": 1128, "at": 1724634166.3657897}
{"obj": {"type": "LogStrings", "path": ["monitoring", "a9a755a4", "stdout"], "values": [{"value": "\n", "step": null, "ts": 1724634166.3657897}]}, "version": 1129, "at": 1724634166.3657897}
{"obj": {"type": "LogStrings", "path": ["monitoring", "a9a755a4", "stdout"], "values": [{"value": "episode ", "step": null, "ts": 1724634166.3657897}]}, "version": 1130, "at": 1724634166.3657897}
{"obj": {"type": "LogStrings", "path": ["monitoring", "a9a755a4", "stdout"], "values": [{"value": " ", "step": null, "ts": 1724634166.3657897}]}, "version": 1131, "at": 1724634166.3657897}
{"obj": {"type": "LogStrings", "path": ["monitoring", "a9a755a4", "stdout"], "values": [{"value": "4", "step": null, "ts": 1724634166.3657897}]}, "version": 1132, "at": 1724634166.3657897}
{"obj": {"type": "LogStrings", "path": ["monitoring", "a9a755a4", "stdout"], "values": [{"value": " ", "step": null, "ts": 1724634166.3657897}]}, "version": 1133, "at": 1724634166.3657897}
{"obj": {"type": "LogStrings", "path": ["monitoring", "a9a755a4", "stdout"], "values": [{"value": "score -50.0", "step": null, "ts": 1724634166.3657897}]}, "version": 1134, "at": 1724634166.3657897}
{"obj": {"type": "LogStrings", "path": ["monitoring", "a9a755a4", "stdout"], "values": [{"value": "\n", "step": null, "ts": 1724634166.3657897}]}, "version": 1135, "at": 1724634166.3657897}
{"obj": {"type": "LogFloats", "path": ["reward"], "values": [{"value": -49.95732305282154, "step": null, "ts": 1724634166.3667881}]}, "version": 1136, "at": 1724634166.3667881}
{"obj": {"type": "LogFloats", "path": ["epsilon"], "values": [{"value": 0.991620662634337, "step": null, "ts": 1724634166.3667881}]}, "version": 1137, "at": 1724634166.3667881}
{"obj": {"type": "LogStrings", "path": ["monitoring", "a9a755a4", "stdout"], "values": [{"value": "episode ", "step": null, "ts": 1724634166.3667881}]}, "version": 1138, "at": 1724634166.3667881}
{"obj": {"type": "LogStrings", "path": ["monitoring", "a9a755a4", "stdout"], "values": [{"value": " ", "step": null, "ts": 1724634166.3667881}]}, "version": 1139, "at": 1724634166.3667881}
{"obj": {"type": "LogStrings", "path": ["monitoring", "a9a755a4", "stdout"], "values": [{"value": "5", "step": null, "ts": 1724634166.3677924}]}, "version": 1140, "at": 1724634166.3677924}
{"obj": {"type": "LogStrings", "path": ["monitoring", "a9a755a4", "stdout"], "values": [{"value": "\n", "step": null, "ts": 1724634166.3677924}]}, "version": 1141, "at": 1724634166.3677924}
{"obj": {"type": "LogStrings", "path": ["monitoring", "a9a755a4", "stdout"], "values": [{"value": "reset", "step": null, "ts": 1724634166.3677924}]}, "version": 1142, "at": 1724634166.3677924}
{"obj": {"type": "LogStrings", "path": ["monitoring", "a9a755a4", "stdout"], "values": [{"value": "\n", "step": null, "ts": 1724634166.3677924}]}, "version": 1143, "at": 1724634166.3677924}
{"obj": {"type": "LogStrings", "path": ["monitoring", "a9a755a4", "stdout"], "values": [{"value": "Found 1 cylinders in image", "step": null, "ts": 1724634167.1122274}]}, "version": 1144, "at": 1724634167.1122274}
{"obj": {"type": "LogStrings", "path": ["monitoring", "a9a755a4", "stdout"], "values": [{"value": "\n", "step": null, "ts": 1724634167.113402}]}, "version": 1145, "at": 1724634167.113402}
{"obj": {"type": "LogFloats", "path": ["monitoring", "a9a755a4", "cpu"], "values": [{"value": 11.1, "step": null, "ts": 1724634168.092627}]}, "version": 1146, "at": 1724634168.1011343}
{"obj": {"type": "LogFloats", "path": ["monitoring", "a9a755a4", "memory"], "values": [{"value": 12.590721130371094, "step": null, "ts": 1724634168.092627}]}, "version": 1147, "at": 1724634168.1011343}
{"obj": {"type": "LogFloats", "path": ["monitoring", "a9a755a4", "gpu"], "values": [{"value": 2.0, "step": null, "ts": 1724634168.092627}]}, "version": 1148, "at": 1724634168.1011343}
{"obj": {"type": "LogFloats", "path": ["monitoring", "a9a755a4", "gpu_memory"], "values": [{"value": 1.1751136779785156, "step": null, "ts": 1724634168.092627}]}, "version": 1149, "at": 1724634168.1011343}
{"obj": {"type": "LogFloats", "path": ["monitoring", "a9a755a4", "gpu_power"], "values": [{"value": 5.201, "step": null, "ts": 1724634168.092627}]}, "version": 1150, "at": 1724634168.1011343}
{"obj": {"type": "LogStrings", "path": ["monitoring", "a9a755a4", "stdout"], "values": [{"value": "Drone1 moved with speed vector [1, 0, 0] with duration 2", "step": null, "ts": 1724634176.003072}]}, "version": 1151, "at": 1724634176.003072}
{"obj": {"type": "LogStrings", "path": ["monitoring", "a9a755a4", "stdout"], "values": [{"value": "\n", "step": null, "ts": 1724634176.003072}]}, "version": 1152, "at": 1724634176.003072}
{"obj": {"type": "LogStrings", "path": ["monitoring", "a9a755a4", "stdout"], "values": [{"value": "before threads ", "step": null, "ts": 1724634176.0043166}]}, "version": 1153, "at": 1724634176.0043166}
{"obj": {"type": "LogStrings", "path": ["monitoring", "a9a755a4", "stdout"], "values": [{"value": " ", "step": null, "ts": 1724634176.0043166}]}, "version": 1154, "at": 1724634176.0043166}
{"obj": {"type": "LogStrings", "path": ["monitoring", "a9a755a4", "stdout"], "values": [{"value": "0", "step": null, "ts": 1724634176.0043166}]}, "version": 1155, "at": 1724634176.0043166}
{"obj": {"type": "LogStrings", "path": ["monitoring", "a9a755a4", "stdout"], "values": [{"value": "\n", "step": null, "ts": 1724634176.0043166}]}, "version": 1156, "at": 1724634176.0043166}
{"obj": {"type": "LogStrings", "path": ["monitoring", "a9a755a4", "stdout"], "values": [{"value": "drone 2 ", "step": null, "ts": 1724634176.0043166}]}, "version": 1157, "at": 1724634176.0043166}
{"obj": {"type": "LogStrings", "path": ["monitoring", "a9a755a4", "stdout"], "values": [{"value": " ", "step": null, "ts": 1724634176.0050812}]}, "version": 1158, "at": 1724634176.0050812}
{"obj": {"type": "LogStrings", "path": ["monitoring", "a9a755a4", "stdout"], "values": [{"value": "(3, 0, 0)", "step": null, "ts": 1724634176.0060785}]}, "version": 1159, "at": 1724634176.0060785}
{"obj": {"type": "LogStrings", "path": ["monitoring", "a9a755a4", "stdout"], "values": [{"value": "action ", "step": null, "ts": 1724634176.0070775}]}, "version": 1160, "at": 1724634176.0070775}
{"obj": {"type": "LogStrings", "path": ["monitoring", "a9a755a4", "stdout"], "values": [{"value": " ", "step": null, "ts": 1724634176.0070775}]}, "version": 1161, "at": 1724634176.0070775}
{"obj": {"type": "LogStrings", "path": ["monitoring", "a9a755a4", "stdout"], "values": [{"value": "264", "step": null, "ts": 1724634176.0070775}]}, "version": 1162, "at": 1724634176.0070775}
{"obj": {"type": "LogStrings", "path": ["monitoring", "a9a755a4", "stdout"], "values": [{"value": "\n", "step": null, "ts": 1724634176.008077}]}, "version": 1163, "at": 1724634176.008077}
{"obj": {"type": "LogStrings", "path": ["monitoring", "a9a755a4", "stdout"], "values": [{"value": "\n", "step": null, "ts": 1724634176.008077}]}, "version": 1164, "at": 1724634176.008077}
{"obj": {"type": "LogStrings", "path": ["monitoring", "a9a755a4", "stdout"], "values": [{"value": "Found 1 cylinders in image", "step": null, "ts": 1724634176.5064304}]}, "version": 1165, "at": 1724634176.5064304}
{"obj": {"type": "LogStrings", "path": ["monitoring", "a9a755a4", "stdout"], "values": [{"value": "\n", "step": null, "ts": 1724634176.5074332}]}, "version": 1166, "at": 1724634176.5074332}
{"obj": {"type": "LogStrings", "path": ["monitoring", "a9a755a4", "stdout"], "values": [{"value": "quad_offset = ", "step": null, "ts": 1724634176.510436}]}, "version": 1167, "at": 1724634176.510436}
{"obj": {"type": "LogStrings", "path": ["monitoring", "a9a755a4", "stdout"], "values": [{"value": " ", "step": null, "ts": 1724634176.5114367}]}, "version": 1168, "at": 1724634176.5114367}
{"obj": {"type": "LogStrings", "path": ["monitoring", "a9a755a4", "stdout"], "values": [{"value": "[0.9999999999999998, -3.333333333333335, 3]", "step": null, "ts": 1724634176.5114367}]}, "version": 1169, "at": 1724634176.5114367}
{"obj": {"type": "LogStrings", "path": ["monitoring", "a9a755a4", "stdout"], "values": [{"value": "\n", "step": null, "ts": 1724634176.5114367}]}, "version": 1170, "at": 1724634176.5114367}
{"obj": {"type": "LogStrings", "path": ["monitoring", "a9a755a4", "stdout"], "values": [{"value": "a_vp = ", "step": null, "ts": 1724634176.5124347}]}, "version": 1171, "at": 1724634176.5124347}
{"obj": {"type": "LogStrings", "path": ["monitoring", "a9a755a4", "stdout"], "values": [{"value": " ", "step": null, "ts": 1724634176.5124347}]}, "version": 1172, "at": 1724634176.5124347}
{"obj": {"type": "LogStrings", "path": ["monitoring", "a9a755a4", "stdout"], "values": [{"value": "3.895932004094799", "step": null, "ts": 1724634176.5129414}]}, "version": 1173, "at": 1724634176.5129414}
{"obj": {"type": "LogStrings", "path": ["monitoring", "a9a755a4", "stdout"], "values": [{"value": "\n", "step": null, "ts": 1724634176.5129414}]}, "version": 1174, "at": 1724634176.5129414}
{"obj": {"type": "LogStrings", "path": ["monitoring", "a9a755a4", "stdout"], "values": [{"value": "new_x = ", "step": null, "ts": 1724634176.5129414}]}, "version": 1175, "at": 1724634176.5129414}
{"obj": {"type": "LogStrings", "path": ["monitoring", "a9a755a4", "stdout"], "values": [{"value": " ", "step": null, "ts": 1724634176.5129414}]}, "version": 1176, "at": 1724634176.5129414}
{"obj": {"type": "LogStrings", "path": ["monitoring", "a9a755a4", "stdout"], "values": [{"value": "-0.33898264302333087", "step": null, "ts": 1724634176.5129414}]}, "version": 1177, "at": 1724634176.5129414}
{"obj": {"type": "LogStrings", "path": ["monitoring", "a9a755a4", "stdout"], "values": [{"value": "\n", "step": null, "ts": 1724634176.5129414}]}, "version": 1178, "at": 1724634176.5129414}
{"obj": {"type": "LogStrings", "path": ["monitoring", "a9a755a4", "stdout"], "values": [{"value": "new_y = ", "step": null, "ts": 1724634176.5129414}]}, "version": 1179, "at": 1724634176.5129414}
{"obj": {"type": "LogStrings", "path": ["monitoring", "a9a755a4", "stdout"], "values": [{"value": " ", "step": null, "ts": 1724634176.5134473}]}, "version": 1180, "at": 1724634176.5134473}
{"obj": {"type": "LogStrings", "path": ["monitoring", "a9a755a4", "stdout"], "values": [{"value": "0.06580517698047057", "step": null, "ts": 1724634176.5134473}]}, "version": 1181, "at": 1724634176.5134473}
{"obj": {"type": "LogStrings", "path": ["monitoring", "a9a755a4", "stdout"], "values": [{"value": "\n", "step": null, "ts": 1724634176.5134473}]}, "version": 1182, "at": 1724634176.5134473}
{"obj": {"type": "LogStrings", "path": ["monitoring", "a9a755a4", "stdout"], "values": [{"value": "Drone2 moved with speed vector [3, 0, 0] with duration 2", "step": null, "ts": 1724634178.0787873}]}, "version": 1183, "at": 1724634178.0787873}
{"obj": {"type": "LogStrings", "path": ["monitoring", "a9a755a4", "stdout"], "values": [{"value": "\n", "step": null, "ts": 1724634178.0787873}]}, "version": 1184, "at": 1724634178.0787873}
{"obj": {"type": "LogStrings", "path": ["monitoring", "a9a755a4", "stdout"], "values": [{"value": "drone 2 ", "step": null, "ts": 1724634178.0787873}]}, "version": 1185, "at": 1724634178.0787873}
{"obj": {"type": "LogStrings", "path": ["monitoring", "a9a755a4", "stdout"], "values": [{"value": " ", "step": null, "ts": 1724634178.079786}]}, "version": 1186, "at": 1724634178.079786}
{"obj": {"type": "LogStrings", "path": ["monitoring", "a9a755a4", "stdout"], "values": [{"value": "(3, 2, 0)", "step": null, "ts": 1724634178.079786}]}, "version": 1187, "at": 1724634178.079786}
{"obj": {"type": "LogStrings", "path": ["monitoring", "a9a755a4", "stdout"], "values": [{"value": "\n", "step": null, "ts": 1724634178.079786}]}, "version": 1188, "at": 1724634178.079786}
{"obj": {"type": "LogFloats", "path": ["monitoring", "a9a755a4", "cpu"], "values": [{"value": 12.2, "step": null, "ts": 1724634178.1157956}]}, "version": 1189, "at": 1724634178.1248112}
{"obj": {"type": "LogFloats", "path": ["monitoring", "a9a755a4", "memory"], "values": [{"value": 12.795570373535156, "step": null, "ts": 1724634178.1157956}]}, "version": 1190, "at": 1724634178.1248112}
{"obj": {"type": "LogFloats", "path": ["monitoring", "a9a755a4", "gpu"], "values": [{"value": 22.0, "step": null, "ts": 1724634178.1157956}]}, "version": 1191, "at": 1724634178.1248112}
{"obj": {"type": "LogFloats", "path": ["monitoring", "a9a755a4", "gpu_memory"], "values": [{"value": 1.1751136779785156, "step": null, "ts": 1724634178.1157956}]}, "version": 1192, "at": 1724634178.1248112}
{"obj": {"type": "LogFloats", "path": ["monitoring", "a9a755a4", "gpu_power"], "values": [{"value": 5.832, "step": null, "ts": 1724634178.1157956}]}, "version": 1193, "at": 1724634178.1258109}
{"obj": {"type": "LogStrings", "path": ["monitoring", "a9a755a4", "stdout"], "values": [{"value": "Drone1 moved with speed vector [-1.3206533277872372, 0.25637249503333764, 0] with duration 3", "step": null, "ts": 1724634179.5650678}]}, "version": 1194, "at": 1724634179.5650678}
{"obj": {"type": "LogStrings", "path": ["monitoring", "a9a755a4", "stdout"], "values": [{"value": "\n", "step": null, "ts": 1724634179.5650678}]}, "version": 1195, "at": 1724634179.5650678}
{"obj": {"type": "LogStrings", "path": ["monitoring", "a9a755a4", "stdout"], "values": [{"value": "Collision detected for drone Drone1", "step": null, "ts": 1724634179.5660694}]}, "version": 1196, "at": 1724634179.5660694}
{"obj": {"type": "LogStrings", "path": ["monitoring", "a9a755a4", "stdout"], "values": [{"value": "\n", "step": null, "ts": 1724634179.5660694}]}, "version": 1197, "at": 1724634179.5660694}
{"obj": {"type": "LogStrings", "path": ["monitoring", "a9a755a4", "stdout"], "values": [{"value": "Nom de l'objet: beam_metal_window_divider_4x1129", "step": null, "ts": 1724634179.5660694}]}, "version": 1198, "at": 1724634179.5660694}
{"obj": {"type": "LogStrings", "path": ["monitoring", "a9a755a4", "stdout"], "values": [{"value": "\n", "step": null, "ts": 1724634179.5660694}]}, "version": 1199, "at": 1724634179.5660694}
{"obj": {"type": "LogStrings", "path": ["monitoring", "a9a755a4", "stdout"], "values": [{"value": "rc=-50 , rfov=0 , rd=1.0002520474835883 , rdir = 0.09246446609497071 , robs= 0 , r_v=0 , r_ang= -1.058453042415154", "step": null, "ts": 1724634179.5670686}]}, "version": 1200, "at": 1724634179.5670686}
{"obj": {"type": "LogStrings", "path": ["monitoring", "a9a755a4", "stdout"], "values": [{"value": "\n", "step": null, "ts": 1724634179.5670686}]}, "version": 1201, "at": 1724634179.5670686}
{"obj": {"type": "LogStrings", "path": ["monitoring", "a9a755a4", "stdout"], "values": [{"value": "next state ", "step": null, "ts": 1724634179.5670686}]}, "version": 1202, "at": 1724634179.5670686}
{"obj": {"type": "LogStrings", "path": ["monitoring", "a9a755a4", "stdout"], "values": [{"value": " ", "step": null, "ts": 1724634179.5670686}]}, "version": 1203, "at": 1724634179.5670686}
{"obj": {"type": "LogStrings", "path": ["monitoring", "a9a755a4", "stdout"], "values": [{"value": "[0.0005840191617608071, 1.3312100264710008e-13, -0.035320937633514404, 0.0, 0.0, 0.0016208617637554804, 0.10589441092782266, 0.10715464834576387, 0.00078125, 0.0010027723842196995, 0.000781249962747097, 0.0013950414422117634, 0.00078125, 0.0010028121206495497, 14.623223304748535, 14.623223304748535, 14.623223304748535, 14.623223304748535, 14.623223304748535, 14.623223304748535, 14.623223304748535, 14.623223304748535, 14.623223304748535]", "step": null, "ts": 1724634179.5670686}]}, "version": 1204, "at": 1724634179.5670686}
{"obj": {"type": "LogStrings", "path": ["monitoring", "a9a755a4", "stdout"], "values": [{"value": "\n", "step": null, "ts": 1724634179.5670686}]}, "version": 1205, "at": 1724634179.5670686}
{"obj": {"type": "LogStrings", "path": ["monitoring", "a9a755a4", "stdout"], "values": [{"value": "Drone2 moved with speed vector [3, 2, 0] with duration 2", "step": null, "ts": 1724634180.0970583}]}, "version": 1206, "at": 1724634180.0970583}
{"obj": {"type": "LogStrings", "path": ["monitoring", "a9a755a4", "stdout"], "values": [{"value": "\n", "step": null, "ts": 1724634180.0970583}]}, "version": 1207, "at": 1724634180.0970583}
{"obj": {"type": "LogStrings", "path": ["monitoring", "a9a755a4", "stdout"], "values": [{"value": "drone 2 ", "step": null, "ts": 1724634180.0970583}]}, "version": 1208, "at": 1724634180.0970583}
{"obj": {"type": "LogStrings", "path": ["monitoring", "a9a755a4", "stdout"], "values": [{"value": " ", "step": null, "ts": 1724634180.0970583}]}, "version": 1209, "at": 1724634180.0970583}
{"obj": {"type": "LogStrings", "path": ["monitoring", "a9a755a4", "stdout"], "values": [{"value": "(6, 0, 0)", "step": null, "ts": 1724634180.0970583}]}, "version": 1210, "at": 1724634180.0970583}
{"obj": {"type": "LogStrings", "path": ["monitoring", "a9a755a4", "stdout"], "values": [{"value": "\n", "step": null, "ts": 1724634180.0970583}]}, "version": 1211, "at": 1724634180.0970583}
{"obj": {"type": "LogStrings", "path": ["monitoring", "a9a755a4", "stdout"], "values": [{"value": "Drone2 moved with speed vector [6, 0, 0] with duration 2", "step": null, "ts": 1724634182.1203606}]}, "version": 1212, "at": 1724634182.1203606}
{"obj": {"type": "LogStrings", "path": ["monitoring", "a9a755a4", "stdout"], "values": [{"value": "\n", "step": null, "ts": 1724634182.1213622}]}, "version": 1213, "at": 1724634182.1213622}
{"obj": {"type": "LogStrings", "path": ["monitoring", "a9a755a4", "stdout"], "values": [{"value": "drone 2 ", "step": null, "ts": 1724634182.1223624}]}, "version": 1214, "at": 1724634182.1223624}
{"obj": {"type": "LogStrings", "path": ["monitoring", "a9a755a4", "stdout"], "values": [{"value": " ", "step": null, "ts": 1724634182.1223624}]}, "version": 1215, "at": 1724634182.1223624}
{"obj": {"type": "LogStrings", "path": ["monitoring", "a9a755a4", "stdout"], "values": [{"value": "(6, -4, 0)", "step": null, "ts": 1724634182.1223624}]}, "version": 1216, "at": 1724634182.1223624}
{"obj": {"type": "LogStrings", "path": ["monitoring", "a9a755a4", "stdout"], "values": [{"value": "\n", "step": null, "ts": 1724634182.1223624}]}, "version": 1217, "at": 1724634182.1223624}
{"obj": {"type": "LogStrings", "path": ["monitoring", "a9a755a4", "stdout"], "values": [{"value": "Drone2 moved with speed vector [6, -4, 0] with duration 2", "step": null, "ts": 1724634184.1399677}]}, "version": 1218, "at": 1724634184.1399677}
{"obj": {"type": "LogStrings", "path": ["monitoring", "a9a755a4", "stdout"], "values": [{"value": "\n", "step": null, "ts": 1724634184.1399677}]}, "version": 1219, "at": 1724634184.1399677}
{"obj": {"type": "LogStrings", "path": ["monitoring", "a9a755a4", "stdout"], "values": [{"value": "drone 2 ", "step": null, "ts": 1724634184.140968}]}, "version": 1220, "at": 1724634184.140968}
{"obj": {"type": "LogStrings", "path": ["monitoring", "a9a755a4", "stdout"], "values": [{"value": " ", "step": null, "ts": 1724634184.140968}]}, "version": 1221, "at": 1724634184.140968}
{"obj": {"type": "LogStrings", "path": ["monitoring", "a9a755a4", "stdout"], "values": [{"value": "(12, 0, 0)", "step": null, "ts": 1724634184.140968}]}, "version": 1222, "at": 1724634184.140968}
{"obj": {"type": "LogStrings", "path": ["monitoring", "a9a755a4", "stdout"], "values": [{"value": "\n", "step": null, "ts": 1724634184.140968}]}, "version": 1223, "at": 1724634184.140968}
{"obj": {"type": "LogStrings", "path": ["monitoring", "a9a755a4", "stdout"], "values": [{"value": "Drone2 moved with speed vector [12, 0, 0] with duration 2", "step": null, "ts": 1724634186.1854274}]}, "version": 1224, "at": 1724634186.1854274}
{"obj": {"type": "LogStrings", "path": ["monitoring", "a9a755a4", "stdout"], "values": [{"value": "\n", "step": null, "ts": 1724634186.1854274}]}, "version": 1225, "at": 1724634186.1854274}
{"obj": {"type": "LogStrings", "path": ["monitoring", "a9a755a4", "stdout"], "values": [{"value": "drone 2 ", "step": null, "ts": 1724634186.1854274}]}, "version": 1226, "at": 1724634186.1854274}
{"obj": {"type": "LogStrings", "path": ["monitoring", "a9a755a4", "stdout"], "values": [{"value": " ", "step": null, "ts": 1724634186.1854274}]}, "version": 1227, "at": 1724634186.1854274}
{"obj": {"type": "LogStrings", "path": ["monitoring", "a9a755a4", "stdout"], "values": [{"value": "(3, 2, 0)", "step": null, "ts": 1724634186.186416}]}, "version": 1228, "at": 1724634186.186416}
{"obj": {"type": "LogStrings", "path": ["monitoring", "a9a755a4", "stdout"], "values": [{"value": "\n", "step": null, "ts": 1724634186.186416}]}, "version": 1229, "at": 1724634186.186416}
{"obj": {"type": "LogFloats", "path": ["monitoring", "a9a755a4", "cpu"], "values": [{"value": 10.4, "step": null, "ts": 1724634188.1288757}]}, "version": 1230, "at": 1724634188.1381106}
{"obj": {"type": "LogFloats", "path": ["monitoring", "a9a755a4", "memory"], "values": [{"value": 12.715255737304688, "step": null, "ts": 1724634188.1288757}]}, "version": 1231, "at": 1724634188.1381106}
{"obj": {"type": "LogFloats", "path": ["monitoring", "a9a755a4", "gpu"], "values": [{"value": 22.0, "step": null, "ts": 1724634188.1288757}]}, "version": 1232, "at": 1724634188.1381106}
{"obj": {"type": "LogFloats", "path": ["monitoring", "a9a755a4", "gpu_memory"], "values": [{"value": 1.1741981506347656, "step": null, "ts": 1724634188.1288757}]}, "version": 1233, "at": 1724634188.1392045}
{"obj": {"type": "LogFloats", "path": ["monitoring", "a9a755a4", "gpu_power"], "values": [{"value": 5.682, "step": null, "ts": 1724634188.1288757}]}, "version": 1234, "at": 1724634188.1392045}
{"obj": {"type": "LogStrings", "path": ["monitoring", "a9a755a4", "stdout"], "values": [{"value": "Drone2 moved with speed vector [3, 2, 0] with duration 2", "step": null, "ts": 1724634188.2051485}]}, "version": 1235, "at": 1724634188.2061484}
{"obj": {"type": "LogStrings", "path": ["monitoring", "a9a755a4", "stdout"], "values": [{"value": "\n", "step": null, "ts": 1724634188.2061484}]}, "version": 1236, "at": 1724634188.2061484}
{"obj": {"type": "LogStrings", "path": ["monitoring", "a9a755a4", "stdout"], "values": [{"value": "drone 2 ", "step": null, "ts": 1724634188.2061484}]}, "version": 1237, "at": 1724634188.2061484}
{"obj": {"type": "LogStrings", "path": ["monitoring", "a9a755a4", "stdout"], "values": [{"value": " ", "step": null, "ts": 1724634188.2061484}]}, "version": 1238, "at": 1724634188.2061484}
{"obj": {"type": "LogStrings", "path": ["monitoring", "a9a755a4", "stdout"], "values": [{"value": "(6, 0, 0)", "step": null, "ts": 1724634188.2061484}]}, "version": 1239, "at": 1724634188.2061484}
{"obj": {"type": "LogStrings", "path": ["monitoring", "a9a755a4", "stdout"], "values": [{"value": "\n", "step": null, "ts": 1724634188.2076523}]}, "version": 1240, "at": 1724634188.2076523}
{"obj": {"type": "LogStrings", "path": ["monitoring", "a9a755a4", "stdout"], "values": [{"value": "Drone2 moved with speed vector [6, 0, 0] with duration 2", "step": null, "ts": 1724634190.224623}]}, "version": 1241, "at": 1724634190.224623}
{"obj": {"type": "LogStrings", "path": ["monitoring", "a9a755a4", "stdout"], "values": [{"value": "\n", "step": null, "ts": 1724634190.224623}]}, "version": 1242, "at": 1724634190.224623}
{"obj": {"type": "LogStrings", "path": ["monitoring", "a9a755a4", "stdout"], "values": [{"value": "drone 2 ", "step": null, "ts": 1724634190.225623}]}, "version": 1243, "at": 1724634190.225623}
{"obj": {"type": "LogStrings", "path": ["monitoring", "a9a755a4", "stdout"], "values": [{"value": " ", "step": null, "ts": 1724634190.225623}]}, "version": 1244, "at": 1724634190.225623}
{"obj": {"type": "LogStrings", "path": ["monitoring", "a9a755a4", "stdout"], "values": [{"value": "(6, -4, 0)", "step": null, "ts": 1724634190.225623}]}, "version": 1245, "at": 1724634190.225623}
{"obj": {"type": "LogStrings", "path": ["monitoring", "a9a755a4", "stdout"], "values": [{"value": "\n", "step": null, "ts": 1724634190.225623}]}, "version": 1246, "at": 1724634190.225623}
{"obj": {"type": "LogStrings", "path": ["monitoring", "a9a755a4", "stdout"], "values": [{"value": "Drone2 moved with speed vector [6, -4, 0] with duration 2", "step": null, "ts": 1724634192.2433686}]}, "version": 1247, "at": 1724634192.2433686}
{"obj": {"type": "LogStrings", "path": ["monitoring", "a9a755a4", "stdout"], "values": [{"value": "\n", "step": null, "ts": 1724634192.24434}]}, "version": 1248, "at": 1724634192.24434}
{"obj": {"type": "LogStrings", "path": ["monitoring", "a9a755a4", "stdout"], "values": [{"value": "drone 2 ", "step": null, "ts": 1724634192.24434}]}, "version": 1249, "at": 1724634192.24434}
{"obj": {"type": "LogStrings", "path": ["monitoring", "a9a755a4", "stdout"], "values": [{"value": " ", "step": null, "ts": 1724634192.2448804}]}, "version": 1250, "at": 1724634192.2448804}
{"obj": {"type": "LogStrings", "path": ["monitoring", "a9a755a4", "stdout"], "values": [{"value": "(9, 0, 0)", "step": null, "ts": 1724634192.2448804}]}, "version": 1251, "at": 1724634192.2448804}
{"obj": {"type": "LogStrings", "path": ["monitoring", "a9a755a4", "stdout"], "values": [{"value": "\n", "step": null, "ts": 1724634192.2448804}]}, "version": 1252, "at": 1724634192.2448804}
{"obj": {"type": "LogStrings", "path": ["monitoring", "a9a755a4", "stdout"], "values": [{"value": "Drone2 moved with speed vector [9, 0, 0] with duration 2", "step": null, "ts": 1724634194.2620196}]}, "version": 1253, "at": 1724634194.2620196}
{"obj": {"type": "LogStrings", "path": ["monitoring", "a9a755a4", "stdout"], "values": [{"value": "\n", "step": null, "ts": 1724634194.2620196}]}, "version": 1254, "at": 1724634194.2620196}
{"obj": {"type": "LogStrings", "path": ["monitoring", "a9a755a4", "stdout"], "values": [{"value": "drone 2 ", "step": null, "ts": 1724634194.2620196}]}, "version": 1255, "at": 1724634194.2620196}
{"obj": {"type": "LogStrings", "path": ["monitoring", "a9a755a4", "stdout"], "values": [{"value": " ", "step": null, "ts": 1724634194.2620196}]}, "version": 1256, "at": 1724634194.2620196}
{"obj": {"type": "LogStrings", "path": ["monitoring", "a9a755a4", "stdout"], "values": [{"value": "(0, 0, 0)", "step": null, "ts": 1724634194.2632833}]}, "version": 1257, "at": 1724634194.2632833}
{"obj": {"type": "LogStrings", "path": ["monitoring", "a9a755a4", "stdout"], "values": [{"value": "\n", "step": null, "ts": 1724634194.2632833}]}, "version": 1258, "at": 1724634194.2632833}
{"obj": {"type": "LogStrings", "path": ["monitoring", "a9a755a4", "stdout"], "values": [{"value": "Drone2 moved with speed vector [0, 0, 0] with duration 2", "step": null, "ts": 1724634196.2841842}]}, "version": 1259, "at": 1724634196.2841842}
{"obj": {"type": "LogStrings", "path": ["monitoring", "a9a755a4", "stdout"], "values": [{"value": "\n", "step": null, "ts": 1724634196.2841842}]}, "version": 1260, "at": 1724634196.2841842}
{"obj": {"type": "LogStrings", "path": ["monitoring", "a9a755a4", "stdout"], "values": [{"value": "after thread target ", "step": null, "ts": 1724634196.2851827}]}, "version": 1261, "at": 1724634196.2851827}
{"obj": {"type": "LogStrings", "path": ["monitoring", "a9a755a4", "stdout"], "values": [{"value": " ", "step": null, "ts": 1724634196.2851827}]}, "version": 1262, "at": 1724634196.2851827}
{"obj": {"type": "LogStrings", "path": ["monitoring", "a9a755a4", "stdout"], "values": [{"value": "1", "step": null, "ts": 1724634196.2851827}]}, "version": 1263, "at": 1724634196.2851827}
{"obj": {"type": "LogStrings", "path": ["monitoring", "a9a755a4", "stdout"], "values": [{"value": "\n", "step": null, "ts": 1724634196.2851827}]}, "version": 1264, "at": 1724634196.2851827}
{"obj": {"type": "LogStrings", "path": ["monitoring", "a9a755a4", "stdout"], "values": [{"value": "after thread drone ", "step": null, "ts": 1724634196.2851827}]}, "version": 1265, "at": 1724634196.2851827}
{"obj": {"type": "LogStrings", "path": ["monitoring", "a9a755a4", "stdout"], "values": [{"value": " ", "step": null, "ts": 1724634196.2851827}]}, "version": 1266, "at": 1724634196.2851827}
{"obj": {"type": "LogStrings", "path": ["monitoring", "a9a755a4", "stdout"], "values": [{"value": "1", "step": null, "ts": 1724634196.2851827}]}, "version": 1267, "at": 1724634196.2851827}
{"obj": {"type": "LogStrings", "path": ["monitoring", "a9a755a4", "stdout"], "values": [{"value": "\n", "step": null, "ts": 1724634196.2851827}]}, "version": 1268, "at": 1724634196.2851827}
{"obj": {"type": "LogFloats", "path": ["reward"], "values": [{"value": -49.965736528836594, "step": null, "ts": 1724634196.2861824}]}, "version": 1269, "at": 1724634196.2861824}
{"obj": {"type": "LogFloats", "path": ["epsilon"], "values": [{"value": 0.989953325146274, "step": null, "ts": 1724634196.2861824}]}, "version": 1270, "at": 1724634196.2861824}
{"obj": {"type": "LogStrings", "path": ["monitoring", "a9a755a4", "stdout"], "values": [{"value": "episode ", "step": null, "ts": 1724634196.2861824}]}, "version": 1271, "at": 1724634196.2861824}
{"obj": {"type": "LogStrings", "path": ["monitoring", "a9a755a4", "stdout"], "values": [{"value": " ", "step": null, "ts": 1724634196.2861824}]}, "version": 1272, "at": 1724634196.2861824}
{"obj": {"type": "LogStrings", "path": ["monitoring", "a9a755a4", "stdout"], "values": [{"value": "6", "step": null, "ts": 1724634196.2861824}]}, "version": 1273, "at": 1724634196.2861824}
{"obj": {"type": "LogStrings", "path": ["monitoring", "a9a755a4", "stdout"], "values": [{"value": "\n", "step": null, "ts": 1724634196.2871897}]}, "version": 1274, "at": 1724634196.2871897}
{"obj": {"type": "LogStrings", "path": ["monitoring", "a9a755a4", "stdout"], "values": [{"value": "reset", "step": null, "ts": 1724634196.2871897}]}, "version": 1275, "at": 1724634196.2871897}
{"obj": {"type": "LogStrings", "path": ["monitoring", "a9a755a4", "stdout"], "values": [{"value": "\n", "step": null, "ts": 1724634196.2871897}]}, "version": 1276, "at": 1724634196.2871897}
{"obj": {"type": "LogStrings", "path": ["monitoring", "a9a755a4", "stdout"], "values": [{"value": "Found 1 cylinders in image", "step": null, "ts": 1724634196.9941118}]}, "version": 1277, "at": 1724634196.9941118}
{"obj": {"type": "LogStrings", "path": ["monitoring", "a9a755a4", "stdout"], "values": [{"value": "\n", "step": null, "ts": 1724634196.9956853}]}, "version": 1278, "at": 1724634196.9956853}
{"obj": {"type": "LogFloats", "path": ["monitoring", "a9a755a4", "cpu"], "values": [{"value": 9.3, "step": null, "ts": 1724634198.1530333}]}, "version": 1279, "at": 1724634198.160591}
{"obj": {"type": "LogFloats", "path": ["monitoring", "a9a755a4", "memory"], "values": [{"value": 12.824974060058594, "step": null, "ts": 1724634198.1530333}]}, "version": 1280, "at": 1724634198.160591}
{"obj": {"type": "LogFloats", "path": ["monitoring", "a9a755a4", "gpu"], "values": [{"value": 13.0, "step": null, "ts": 1724634198.1530333}]}, "version": 1281, "at": 1724634198.160591}
{"obj": {"type": "LogFloats", "path": ["monitoring", "a9a755a4", "gpu_memory"], "values": [{"value": 1.1751136779785156, "step": null, "ts": 1724634198.1530333}]}, "version": 1282, "at": 1724634198.160591}
{"obj": {"type": "LogFloats", "path": ["monitoring", "a9a755a4", "gpu_power"], "values": [{"value": 6.204, "step": null, "ts": 1724634198.1530333}]}, "version": 1283, "at": 1724634198.160591}
{"obj": {"type": "LogStrings", "path": ["monitoring", "a9a755a4", "stdout"], "values": [{"value": "Drone1 moved with speed vector [1, 0, 0] with duration 2", "step": null, "ts": 1724634205.8752344}]}, "version": 1284, "at": 1724634205.8752344}
{"obj": {"type": "LogStrings", "path": ["monitoring", "a9a755a4", "stdout"], "values": [{"value": "\n", "step": null, "ts": 1724634205.8752344}]}, "version": 1285, "at": 1724634205.8752344}
{"obj": {"type": "LogStrings", "path": ["monitoring", "a9a755a4", "stdout"], "values": [{"value": "before threads ", "step": null, "ts": 1724634205.8752344}]}, "version": 1286, "at": 1724634205.8752344}
{"obj": {"type": "LogStrings", "path": ["monitoring", "a9a755a4", "stdout"], "values": [{"value": " ", "step": null, "ts": 1724634205.8752344}]}, "version": 1287, "at": 1724634205.8752344}
{"obj": {"type": "LogStrings", "path": ["monitoring", "a9a755a4", "stdout"], "values": [{"value": "0", "step": null, "ts": 1724634205.8752344}]}, "version": 1288, "at": 1724634205.8752344}
{"obj": {"type": "LogStrings", "path": ["monitoring", "a9a755a4", "stdout"], "values": [{"value": "\n", "step": null, "ts": 1724634205.8762352}]}, "version": 1289, "at": 1724634205.8762352}
{"obj": {"type": "LogStrings", "path": ["monitoring", "a9a755a4", "stdout"], "values": [{"value": "drone 2 ", "step": null, "ts": 1724634205.8762352}]}, "version": 1290, "at": 1724634205.8762352}
{"obj": {"type": "LogStrings", "path": ["monitoring", "a9a755a4", "stdout"], "values": [{"value": " ", "step": null, "ts": 1724634205.8762352}]}, "version": 1291, "at": 1724634205.8762352}
{"obj": {"type": "LogStrings", "path": ["monitoring", "a9a755a4", "stdout"], "values": [{"value": "(3, 0, 0)", "step": null, "ts": 1724634205.877237}]}, "version": 1292, "at": 1724634205.877237}
{"obj": {"type": "LogStrings", "path": ["monitoring", "a9a755a4", "stdout"], "values": [{"value": "\n", "step": null, "ts": 1724634205.877237}]}, "version": 1293, "at": 1724634205.877237}
{"obj": {"type": "LogStrings", "path": ["monitoring", "a9a755a4", "stdout"], "values": [{"value": "action ", "step": null, "ts": 1724634205.8782346}]}, "version": 1294, "at": 1724634205.8782346}
{"obj": {"type": "LogStrings", "path": ["monitoring", "a9a755a4", "stdout"], "values": [{"value": " ", "step": null, "ts": 1724634205.8782346}]}, "version": 1295, "at": 1724634205.8782346}
{"obj": {"type": "LogStrings", "path": ["monitoring", "a9a755a4", "stdout"], "values": [{"value": "241", "step": null, "ts": 1724634205.8782346}]}, "version": 1296, "at": 1724634205.8782346}
{"obj": {"type": "LogStrings", "path": ["monitoring", "a9a755a4", "stdout"], "values": [{"value": "\n", "step": null, "ts": 1724634205.8782346}]}, "version": 1297, "at": 1724634205.8782346}
{"obj": {"type": "LogStrings", "path": ["monitoring", "a9a755a4", "stdout"], "values": [{"value": "Found 1 cylinders in image", "step": null, "ts": 1724634206.3549612}]}, "version": 1298, "at": 1724634206.3549612}
{"obj": {"type": "LogStrings", "path": ["monitoring", "a9a755a4", "stdout"], "values": [{"value": "\n", "step": null, "ts": 1724634206.3569634}]}, "version": 1299, "at": 1724634206.3569634}
{"obj": {"type": "LogStrings", "path": ["monitoring", "a9a755a4", "stdout"], "values": [{"value": "quad_offset = ", "step": null, "ts": 1724634206.3599665}]}, "version": 1300, "at": 1724634206.3599665}
{"obj": {"type": "LogStrings", "path": ["monitoring", "a9a755a4", "stdout"], "values": [{"value": " ", "step": null, "ts": 1724634206.3599665}]}, "version": 1301, "at": 1724634206.3599665}
{"obj": {"type": "LogStrings", "path": ["monitoring", "a9a755a4", "stdout"], "values": [{"value": "[-0.3333333333333335, -23.333333333333332, 3]", "step": null, "ts": 1724634206.3599665}]}, "version": 1302, "at": 1724634206.3599665}
{"obj": {"type": "LogStrings", "path": ["monitoring", "a9a755a4", "stdout"], "values": [{"value": "\n", "step": null, "ts": 1724634206.3609648}]}, "version": 1303, "at": 1724634206.3609648}
{"obj": {"type": "LogStrings", "path": ["monitoring", "a9a755a4", "stdout"], "values": [{"value": "a_vp = ", "step": null, "ts": 1724634206.3609648}]}, "version": 1304, "at": 1724634206.3609648}
{"obj": {"type": "LogStrings", "path": ["monitoring", "a9a755a4", "stdout"], "values": [{"value": " ", "step": null, "ts": 1724634206.3609648}]}, "version": 1305, "at": 1724634206.3619695}
{"obj": {"type": "LogStrings", "path": ["monitoring", "a9a755a4", "stdout"], "values": [{"value": "-0.001686119511981851", "step": null, "ts": 1724634206.3619695}]}, "version": 1306, "at": 1724634206.3619695}
{"obj": {"type": "LogStrings", "path": ["monitoring", "a9a755a4", "stdout"], "values": [{"value": "\n", "step": null, "ts": 1724634206.3619695}]}, "version": 1307, "at": 1724634206.3624816}
{"obj": {"type": "LogStrings", "path": ["monitoring", "a9a755a4", "stdout"], "values": [{"value": "new_x = ", "step": null, "ts": 1724634206.3624816}]}, "version": 1308, "at": 1724634206.3624816}
{"obj": {"type": "LogStrings", "path": ["monitoring", "a9a755a4", "stdout"], "values": [{"value": " ", "step": null, "ts": 1724634206.3624816}]}, "version": 1309, "at": 1724634206.3624816}
{"obj": {"type": "LogStrings", "path": ["monitoring", "a9a755a4", "stdout"], "values": [{"value": "-0.0754146166862083", "step": null, "ts": 1724634206.3624816}]}, "version": 1310, "at": 1724634206.3624816}
{"obj": {"type": "LogStrings", "path": ["monitoring", "a9a755a4", "stdout"], "values": [{"value": "\n", "step": null, "ts": 1724634206.3624816}]}, "version": 1311, "at": 1724634206.3624816}
{"obj": {"type": "LogStrings", "path": ["monitoring", "a9a755a4", "stdout"], "values": [{"value": "new_y = ", "step": null, "ts": 1724634206.3624816}]}, "version": 1312, "at": 1724634206.3624816}
{"obj": {"type": "LogStrings", "path": ["monitoring", "a9a755a4", "stdout"], "values": [{"value": " ", "step": null, "ts": 1724634206.3629904}]}, "version": 1313, "at": 1724634206.3629904}
{"obj": {"type": "LogStrings", "path": ["monitoring", "a9a755a4", "stdout"], "values": [{"value": "0.3241140080926542", "step": null, "ts": 1724634206.3629904}]}, "version": 1314, "at": 1724634206.3629904}
{"obj": {"type": "LogStrings", "path": ["monitoring", "a9a755a4", "stdout"], "values": [{"value": "\n", "step": null, "ts": 1724634206.3629904}]}, "version": 1315, "at": 1724634206.3629904}
{"obj": {"type": "LogStrings", "path": ["monitoring", "a9a755a4", "stdout"], "values": [{"value": "Drone2 moved with speed vector [3, 0, 0] with duration 2", "step": null, "ts": 1724634207.9074738}]}, "version": 1316, "at": 1724634207.9074738}
{"obj": {"type": "LogStrings", "path": ["monitoring", "a9a755a4", "stdout"], "values": [{"value": "\n", "step": null, "ts": 1724634207.9074738}]}, "version": 1317, "at": 1724634207.9074738}
{"obj": {"type": "LogStrings", "path": ["monitoring", "a9a755a4", "stdout"], "values": [{"value": "drone 2 ", "step": null, "ts": 1724634207.9074738}]}, "version": 1318, "at": 1724634207.9074738}
{"obj": {"type": "LogStrings", "path": ["monitoring", "a9a755a4", "stdout"], "values": [{"value": " ", "step": null, "ts": 1724634207.9074738}]}, "version": 1319, "at": 1724634207.9074738}
{"obj": {"type": "LogStrings", "path": ["monitoring", "a9a755a4", "stdout"], "values": [{"value": "(3, 2, 0)", "step": null, "ts": 1724634207.9083688}]}, "version": 1320, "at": 1724634207.9083688}
{"obj": {"type": "LogStrings", "path": ["monitoring", "a9a755a4", "stdout"], "values": [{"value": "\n", "step": null, "ts": 1724634207.9083688}]}, "version": 1321, "at": 1724634207.9083688}
{"obj": {"type": "LogFloats", "path": ["monitoring", "a9a755a4", "cpu"], "values": [{"value": 10.4, "step": null, "ts": 1724634208.1720417}]}, "version": 1322, "at": 1724634208.185569}
{"obj": {"type": "LogFloats", "path": ["monitoring", "a9a755a4", "memory"], "values": [{"value": 12.79458999633789, "step": null, "ts": 1724634208.1720417}]}, "version": 1323, "at": 1724634208.185569}
{"obj": {"type": "LogFloats", "path": ["monitoring", "a9a755a4", "gpu_memory"], "values": [{"value": 1.1751136779785156, "step": null, "ts": 1724634208.1720417}]}, "version": 1324, "at": 1724634208.185569}
{"obj": {"type": "LogFloats", "path": ["monitoring", "a9a755a4", "gpu_power"], "values": [{"value": 6.286, "step": null, "ts": 1724634208.1720417}]}, "version": 1325, "at": 1724634208.185569}
{"obj": {"type": "LogStrings", "path": ["monitoring", "a9a755a4", "stdout"], "values": [{"value": "Drone1 moved with speed vector [0.0001271580566832479, -0.0005464949531516679, 0] with duration 3", "step": null, "ts": 1724634209.3797872}]}, "version": 1326, "at": 1724634209.3797872}
{"obj": {"type": "LogStrings", "path": ["monitoring", "a9a755a4", "stdout"], "values": [{"value": "\n", "step": null, "ts": 1724634209.3797872}]}, "version": 1327, "at": 1724634209.3797872}
{"obj": {"type": "LogStrings", "path": ["monitoring", "a9a755a4", "stdout"], "values": [{"value": "Collision detected for drone Drone1", "step": null, "ts": 1724634209.3807871}]}, "version": 1328, "at": 1724634209.3807871}
{"obj": {"type": "LogStrings", "path": ["monitoring", "a9a755a4", "stdout"], "values": [{"value": "\n", "step": null, "ts": 1724634209.3807871}]}, "version": 1329, "at": 1724634209.3807871}
{"obj": {"type": "LogStrings", "path": ["monitoring", "a9a755a4", "stdout"], "values": [{"value": "Nom de l'objet: beam_metal_window_divider_4x1129", "step": null, "ts": 1724634209.3807871}]}, "version": 1330, "at": 1724634209.3807871}
{"obj": {"type": "LogStrings", "path": ["monitoring", "a9a755a4", "stdout"], "values": [{"value": "\n", "step": null, "ts": 1724634209.3807871}]}, "version": 1331, "at": 1724634209.3807871}
{"obj": {"type": "LogStrings", "path": ["monitoring", "a9a755a4", "stdout"], "values": [{"value": "rc=-50 , rfov=0 , rd=1.0002591750014043 , rdir = 0.10088029861450197 , robs= 0 , r_v=-0.0978971542517899 , r_ang= -1.0584548683734774", "step": null, "ts": 1724634209.3807871}]}, "version": 1332, "at": 1724634209.3807871}
{"obj": {"type": "LogStrings", "path": ["monitoring", "a9a755a4", "stdout"], "values": [{"value": "\n", "step": null, "ts": 1724634209.3807871}]}, "version": 1333, "at": 1724634209.3807871}
{"obj": {"type": "LogStrings", "path": ["monitoring", "a9a755a4", "stdout"], "values": [{"value": "next state ", "step": null, "ts": 1724634209.3807871}]}, "version": 1334, "at": 1724634209.3807871}
{"obj": {"type": "LogStrings", "path": ["monitoring", "a9a755a4", "stdout"], "values": [{"value": " ", "step": null, "ts": 1724634209.3807871}]}, "version": 1335, "at": 1724634209.3807871}
{"obj": {"type": "LogStrings", "path": ["monitoring", "a9a755a4", "stdout"], "values": [{"value": "[0.000533348632355531, 1.1675356861862164e-13, -0.035321164131164554, 0.0, 0.0, 0.0016207172224919002, 0.10585877333874254, 0.10715464834576387, 0.00078125, 0.0010025140974256727, 0.000781249962747097, 0.0013950416188181184, 0.00078125, 0.0010027723842196995, 15.044014930725098, 15.044014930725098, 15.044014930725098, 15.044014930725098, 15.044014930725098, 15.044014930725098, 15.044014930725098, 15.044014930725098, 15.044014930725098]", "step": null, "ts": 1724634209.3807871}]}, "version": 1336, "at": 1724634209.3807871}
{"obj": {"type": "LogStrings", "path": ["monitoring", "a9a755a4", "stdout"], "values": [{"value": "\n", "step": null, "ts": 1724634209.3822901}]}, "version": 1337, "at": 1724634209.3822901}
{"obj": {"type": "LogStrings", "path": ["monitoring", "a9a755a4", "stdout"], "values": [{"value": "Drone2 moved with speed vector [3, 2, 0] with duration 2", "step": null, "ts": 1724634209.932762}]}, "version": 1338, "at": 1724634209.9337668}
{"obj": {"type": "LogStrings", "path": ["monitoring", "a9a755a4", "stdout"], "values": [{"value": "\n", "step": null, "ts": 1724634209.9337668}]}, "version": 1339, "at": 1724634209.9337668}
{"obj": {"type": "LogStrings", "path": ["monitoring", "a9a755a4", "stdout"], "values": [{"value": "drone 2 ", "step": null, "ts": 1724634209.9337668}]}, "version": 1340, "at": 1724634209.9337668}
{"obj": {"type": "LogStrings", "path": ["monitoring", "a9a755a4", "stdout"], "values": [{"value": " ", "step": null, "ts": 1724634209.9337668}]}, "version": 1341, "at": 1724634209.9337668}
{"obj": {"type": "LogStrings", "path": ["monitoring", "a9a755a4", "stdout"], "values": [{"value": "(6, 0, 0)", "step": null, "ts": 1724634209.9337668}]}, "version": 1342, "at": 1724634209.9337668}
{"obj": {"type": "LogStrings", "path": ["monitoring", "a9a755a4", "stdout"], "values": [{"value": "\n", "step": null, "ts": 1724634209.9337668}]}, "version": 1343, "at": 1724634209.9337668}
{"obj": {"type": "LogStrings", "path": ["monitoring", "a9a755a4", "stdout"], "values": [{"value": "Drone2 moved with speed vector [6, 0, 0] with duration 2", "step": null, "ts": 1724634211.9551477}]}, "version": 1344, "at": 1724634211.9551477}
{"obj": {"type": "LogStrings", "path": ["monitoring", "a9a755a4", "stdout"], "values": [{"value": "\n", "step": null, "ts": 1724634211.9551477}]}, "version": 1345, "at": 1724634211.9551477}
{"obj": {"type": "LogStrings", "path": ["monitoring", "a9a755a4", "stdout"], "values": [{"value": "drone 2 ", "step": null, "ts": 1724634211.9551477}]}, "version": 1346, "at": 1724634211.9551477}
{"obj": {"type": "LogStrings", "path": ["monitoring", "a9a755a4", "stdout"], "values": [{"value": " ", "step": null, "ts": 1724634211.9551477}]}, "version": 1347, "at": 1724634211.9551477}
{"obj": {"type": "LogStrings", "path": ["monitoring", "a9a755a4", "stdout"], "values": [{"value": "(6, -4, 0)", "step": null, "ts": 1724634211.9551477}]}, "version": 1348, "at": 1724634211.9551477}
{"obj": {"type": "LogStrings", "path": ["monitoring", "a9a755a4", "stdout"], "values": [{"value": "\n", "step": null, "ts": 1724634211.9551477}]}, "version": 1349, "at": 1724634211.9551477}
{"obj": {"type": "LogStrings", "path": ["monitoring", "a9a755a4", "stdout"], "values": [{"value": "Drone2 moved with speed vector [6, -4, 0] with duration 2", "step": null, "ts": 1724634213.9740522}]}, "version": 1350, "at": 1724634213.9740522}
{"obj": {"type": "LogStrings", "path": ["monitoring", "a9a755a4", "stdout"], "values": [{"value": "\n", "step": null, "ts": 1724634213.974951}]}, "version": 1351, "at": 1724634213.974951}
{"obj": {"type": "LogStrings", "path": ["monitoring", "a9a755a4", "stdout"], "values": [{"value": "drone 2 ", "step": null, "ts": 1724634213.974951}]}, "version": 1352, "at": 1724634213.974951}
{"obj": {"type": "LogStrings", "path": ["monitoring", "a9a755a4", "stdout"], "values": [{"value": " ", "step": null, "ts": 1724634213.974951}]}, "version": 1353, "at": 1724634213.974951}
{"obj": {"type": "LogStrings", "path": ["monitoring", "a9a755a4", "stdout"], "values": [{"value": "(12, 0, 0)", "step": null, "ts": 1724634213.974951}]}, "version": 1354, "at": 1724634213.974951}
{"obj": {"type": "LogStrings", "path": ["monitoring", "a9a755a4", "stdout"], "values": [{"value": "\n", "step": null, "ts": 1724634213.974951}]}, "version": 1355, "at": 1724634213.974951}
{"obj": {"type": "LogStrings", "path": ["monitoring", "a9a755a4", "stdout"], "values": [{"value": "Drone2 moved with speed vector [12, 0, 0] with duration 2", "step": null, "ts": 1724634215.9931047}]}, "version": 1356, "at": 1724634215.9931047}
{"obj": {"type": "LogStrings", "path": ["monitoring", "a9a755a4", "stdout"], "values": [{"value": "\n", "step": null, "ts": 1724634215.9931047}]}, "version": 1357, "at": 1724634215.9931047}
{"obj": {"type": "LogStrings", "path": ["monitoring", "a9a755a4", "stdout"], "values": [{"value": "drone 2 ", "step": null, "ts": 1724634215.9931047}]}, "version": 1358, "at": 1724634215.9931047}
{"obj": {"type": "LogStrings", "path": ["monitoring", "a9a755a4", "stdout"], "values": [{"value": " ", "step": null, "ts": 1724634215.9931047}]}, "version": 1359, "at": 1724634215.9931047}
{"obj": {"type": "LogStrings", "path": ["monitoring", "a9a755a4", "stdout"], "values": [{"value": "(3, 2, 0)", "step": null, "ts": 1724634215.9931047}]}, "version": 1360, "at": 1724634215.9931047}
{"obj": {"type": "LogStrings", "path": ["monitoring", "a9a755a4", "stdout"], "values": [{"value": "\n", "step": null, "ts": 1724634215.9941173}]}, "version": 1361, "at": 1724634215.9941173}
{"obj": {"type": "LogStrings", "path": ["monitoring", "a9a755a4", "stdout"], "values": [{"value": "Drone2 moved with speed vector [3, 2, 0] with duration 2", "step": null, "ts": 1724634218.0128841}]}, "version": 1362, "at": 1724634218.0128841}
{"obj": {"type": "LogStrings", "path": ["monitoring", "a9a755a4", "stdout"], "values": [{"value": "\n", "step": null, "ts": 1724634218.0128841}]}, "version": 1363, "at": 1724634218.0128841}
{"obj": {"type": "LogStrings", "path": ["monitoring", "a9a755a4", "stdout"], "values": [{"value": "drone 2 ", "step": null, "ts": 1724634218.0128841}]}, "version": 1364, "at": 1724634218.0128841}
{"obj": {"type": "LogStrings", "path": ["monitoring", "a9a755a4", "stdout"], "values": [{"value": " ", "step": null, "ts": 1724634218.0128841}]}, "version": 1365, "at": 1724634218.0128841}
{"obj": {"type": "LogStrings", "path": ["monitoring", "a9a755a4", "stdout"], "values": [{"value": "(6, 0, 0)", "step": null, "ts": 1724634218.0138886}]}, "version": 1366, "at": 1724634218.0138886}
{"obj": {"type": "LogStrings", "path": ["monitoring", "a9a755a4", "stdout"], "values": [{"value": "\n", "step": null, "ts": 1724634218.0138886}]}, "version": 1367, "at": 1724634218.0138886}
{"obj": {"type": "LogFloats", "path": ["monitoring", "a9a755a4", "cpu"], "values": [{"value": 8.7, "step": null, "ts": 1724634218.1990364}]}, "version": 1368, "at": 1724634218.21132}
{"obj": {"type": "LogFloats", "path": ["monitoring", "a9a755a4", "memory"], "values": [{"value": 12.823143005371094, "step": null, "ts": 1724634218.1990364}]}, "version": 1369, "at": 1724634218.21132}
{"obj": {"type": "LogFloats", "path": ["monitoring", "a9a755a4", "gpu_memory"], "values": [{"value": 1.1741981506347656, "step": null, "ts": 1724634218.1990364}]}, "version": 1370, "at": 1724634218.21132}
{"obj": {"type": "LogFloats", "path": ["monitoring", "a9a755a4", "gpu_power"], "values": [{"value": 6.863, "step": null, "ts": 1724634218.1990364}]}, "version": 1371, "at": 1724634218.21132}
{"obj": {"type": "LogStrings", "path": ["monitoring", "a9a755a4", "stdout"], "values": [{"value": "Drone2 moved with speed vector [6, 0, 0] with duration 2", "step": null, "ts": 1724634220.033354}]}, "version": 1372, "at": 1724634220.033354}
{"obj": {"type": "LogStrings", "path": ["monitoring", "a9a755a4", "stdout"], "values": [{"value": "\n", "step": null, "ts": 1724634220.033632}]}, "version": 1373, "at": 1724634220.033632}
{"obj": {"type": "LogStrings", "path": ["monitoring", "a9a755a4", "stdout"], "values": [{"value": "drone 2 ", "step": null, "ts": 1724634220.033632}]}, "version": 1374, "at": 1724634220.033632}
{"obj": {"type": "LogStrings", "path": ["monitoring", "a9a755a4", "stdout"], "values": [{"value": " ", "step": null, "ts": 1724634220.033632}]}, "version": 1375, "at": 1724634220.033632}
{"obj": {"type": "LogStrings", "path": ["monitoring", "a9a755a4", "stdout"], "values": [{"value": "(6, -4, 0)", "step": null, "ts": 1724634220.033632}]}, "version": 1376, "at": 1724634220.033632}
{"obj": {"type": "LogStrings", "path": ["monitoring", "a9a755a4", "stdout"], "values": [{"value": "\n", "step": null, "ts": 1724634220.033632}]}, "version": 1377, "at": 1724634220.033632}
{"obj": {"type": "LogStrings", "path": ["monitoring", "a9a755a4", "stdout"], "values": [{"value": "Drone2 moved with speed vector [6, -4, 0] with duration 2", "step": null, "ts": 1724634222.0512605}]}, "version": 1378, "at": 1724634222.0512605}
{"obj": {"type": "LogStrings", "path": ["monitoring", "a9a755a4", "stdout"], "values": [{"value": "\n", "step": null, "ts": 1724634222.052154}]}, "version": 1379, "at": 1724634222.052154}
{"obj": {"type": "LogStrings", "path": ["monitoring", "a9a755a4", "stdout"], "values": [{"value": "drone 2 ", "step": null, "ts": 1724634222.052154}]}, "version": 1380, "at": 1724634222.052154}
{"obj": {"type": "LogStrings", "path": ["monitoring", "a9a755a4", "stdout"], "values": [{"value": " ", "step": null, "ts": 1724634222.05266}]}, "version": 1381, "at": 1724634222.05266}
{"obj": {"type": "LogStrings", "path": ["monitoring", "a9a755a4", "stdout"], "values": [{"value": "(9, 0, 0)", "step": null, "ts": 1724634222.05266}]}, "version": 1382, "at": 1724634222.05266}
{"obj": {"type": "LogStrings", "path": ["monitoring", "a9a755a4", "stdout"], "values": [{"value": "\n", "step": null, "ts": 1724634222.05266}]}, "version": 1383, "at": 1724634222.05266}
{"obj": {"type": "LogStrings", "path": ["monitoring", "a9a755a4", "stdout"], "values": [{"value": "Drone2 moved with speed vector [9, 0, 0] with duration 2", "step": null, "ts": 1724634224.0722566}]}, "version": 1384, "at": 1724634224.0722566}
{"obj": {"type": "LogStrings", "path": ["monitoring", "a9a755a4", "stdout"], "values": [{"value": "\n", "step": null, "ts": 1724634224.0727599}]}, "version": 1385, "at": 1724634224.0727599}
{"obj": {"type": "LogStrings", "path": ["monitoring", "a9a755a4", "stdout"], "values": [{"value": "drone 2 ", "step": null, "ts": 1724634224.0727599}]}, "version": 1386, "at": 1724634224.0727599}
{"obj": {"type": "LogStrings", "path": ["monitoring", "a9a755a4", "stdout"], "values": [{"value": " ", "step": null, "ts": 1724634224.0727599}]}, "version": 1387, "at": 1724634224.0727599}
{"obj": {"type": "LogStrings", "path": ["monitoring", "a9a755a4", "stdout"], "values": [{"value": "(0, 0, 0)", "step": null, "ts": 1724634224.0727599}]}, "version": 1388, "at": 1724634224.0727599}
{"obj": {"type": "LogStrings", "path": ["monitoring", "a9a755a4", "stdout"], "values": [{"value": "\n", "step": null, "ts": 1724634224.0727599}]}, "version": 1389, "at": 1724634224.0727599}
{"obj": {"type": "LogStrings", "path": ["monitoring", "a9a755a4", "stdout"], "values": [{"value": "Drone2 moved with speed vector [0, 0, 0] with duration 2", "step": null, "ts": 1724634226.0905008}]}, "version": 1390, "at": 1724634226.0905008}
{"obj": {"type": "LogStrings", "path": ["monitoring", "a9a755a4", "stdout"], "values": [{"value": "\n", "step": null, "ts": 1724634226.0905008}]}, "version": 1391, "at": 1724634226.0905008}
{"obj": {"type": "LogStrings", "path": ["monitoring", "a9a755a4", "stdout"], "values": [{"value": "after thread target ", "step": null, "ts": 1724634226.0920076}]}, "version": 1392, "at": 1724634226.0920076}
{"obj": {"type": "LogStrings", "path": ["monitoring", "a9a755a4", "stdout"], "values": [{"value": " ", "step": null, "ts": 1724634226.0920076}]}, "version": 1393, "at": 1724634226.0920076}
{"obj": {"type": "LogStrings", "path": ["monitoring", "a9a755a4", "stdout"], "values": [{"value": "1", "step": null, "ts": 1724634226.0920076}]}, "version": 1394, "at": 1724634226.0920076}
{"obj": {"type": "LogStrings", "path": ["monitoring", "a9a755a4", "stdout"], "values": [{"value": "\n", "step": null, "ts": 1724634226.0920076}]}, "version": 1395, "at": 1724634226.0920076}
{"obj": {"type": "LogStrings", "path": ["monitoring", "a9a755a4", "stdout"], "values": [{"value": "after thread drone ", "step": null, "ts": 1724634226.0920076}]}, "version": 1396, "at": 1724634226.0920076}
{"obj": {"type": "LogStrings", "path": ["monitoring", "a9a755a4", "stdout"], "values": [{"value": " ", "step": null, "ts": 1724634226.0920076}]}, "version": 1397, "at": 1724634226.0920076}
{"obj": {"type": "LogStrings", "path": ["monitoring", "a9a755a4", "stdout"], "values": [{"value": "1", "step": null, "ts": 1724634226.0920076}]}, "version": 1398, "at": 1724634226.0920076}
{"obj": {"type": "LogStrings", "path": ["monitoring", "a9a755a4", "stdout"], "values": [{"value": "\n", "step": null, "ts": 1724634226.0920076}]}, "version": 1399, "at": 1724634226.0920076}
{"obj": {"type": "LogStrings", "path": ["monitoring", "a9a755a4", "stdout"], "values": [{"value": "episode ", "step": null, "ts": 1724634226.0920076}]}, "version": 1400, "at": 1724634226.0920076}
{"obj": {"type": "LogStrings", "path": ["monitoring", "a9a755a4", "stdout"], "values": [{"value": " ", "step": null, "ts": 1724634226.0930145}]}, "version": 1401, "at": 1724634226.0930145}
{"obj": {"type": "LogStrings", "path": ["monitoring", "a9a755a4", "stdout"], "values": [{"value": "6", "step": null, "ts": 1724634226.0930145}]}, "version": 1402, "at": 1724634226.0930145}
{"obj": {"type": "LogStrings", "path": ["monitoring", "a9a755a4", "stdout"], "values": [{"value": " ", "step": null, "ts": 1724634226.0930145}]}, "version": 1403, "at": 1724634226.0930145}
{"obj": {"type": "LogStrings", "path": ["monitoring", "a9a755a4", "stdout"], "values": [{"value": "score -50.1", "step": null, "ts": 1724634226.0930145}]}, "version": 1404, "at": 1724634226.0930145}
{"obj": {"type": "LogStrings", "path": ["monitoring", "a9a755a4", "stdout"], "values": [{"value": "\n", "step": null, "ts": 1724634226.0930145}]}, "version": 1405, "at": 1724634226.0930145}
{"obj": {"type": "LogFloats", "path": ["reward"], "values": [{"value": -50.05521254900937, "step": null, "ts": 1724634226.0930145}]}, "version": 1406, "at": 1724634226.0930145}
{"obj": {"type": "LogFloats", "path": ["epsilon"], "values": [{"value": 0.9882888197240026, "step": null, "ts": 1724634226.0940347}]}, "version": 1407, "at": 1724634226.0940347}
{"obj": {"type": "LogStrings", "path": ["monitoring", "a9a755a4", "stdout"], "values": [{"value": "episode ", "step": null, "ts": 1724634226.0943396}]}, "version": 1408, "at": 1724634226.0943396}
{"obj": {"type": "LogStrings", "path": ["monitoring", "a9a755a4", "stdout"], "values": [{"value": " ", "step": null, "ts": 1724634226.0943396}]}, "version": 1409, "at": 1724634226.0943396}
{"obj": {"type": "LogStrings", "path": ["monitoring", "a9a755a4", "stdout"], "values": [{"value": "7", "step": null, "ts": 1724634226.0943396}]}, "version": 1410, "at": 1724634226.0943396}
{"obj": {"type": "LogStrings", "path": ["monitoring", "a9a755a4", "stdout"], "values": [{"value": "\n", "step": null, "ts": 1724634226.0943396}]}, "version": 1411, "at": 1724634226.0943396}
{"obj": {"type": "LogStrings", "path": ["monitoring", "a9a755a4", "stdout"], "values": [{"value": "reset", "step": null, "ts": 1724634226.0943396}]}, "version": 1412, "at": 1724634226.0943396}
{"obj": {"type": "LogStrings", "path": ["monitoring", "a9a755a4", "stdout"], "values": [{"value": "\n", "step": null, "ts": 1724634226.0953372}]}, "version": 1413, "at": 1724634226.0953372}
{"obj": {"type": "LogStrings", "path": ["monitoring", "a9a755a4", "stdout"], "values": [{"value": "Found 1 cylinders in image", "step": null, "ts": 1724634226.8020139}]}, "version": 1414, "at": 1724634226.8020139}
{"obj": {"type": "LogStrings", "path": ["monitoring", "a9a755a4", "stdout"], "values": [{"value": "\n", "step": null, "ts": 1724634226.8043282}]}, "version": 1415, "at": 1724634226.8043282}
{"obj": {"type": "LogFloats", "path": ["monitoring", "a9a755a4", "cpu"], "values": [{"value": 10.1, "step": null, "ts": 1724634228.2120378}]}, "version": 1416, "at": 1724634228.2197587}
{"obj": {"type": "LogFloats", "path": ["monitoring", "a9a755a4", "memory"], "values": [{"value": 12.808273315429688, "step": null, "ts": 1724634228.2120378}]}, "version": 1417, "at": 1724634228.2206562}
{"obj": {"type": "LogFloats", "path": ["monitoring", "a9a755a4", "gpu"], "values": [{"value": 23.0, "step": null, "ts": 1724634228.2120378}]}, "version": 1418, "at": 1724634228.2206562}
{"obj": {"type": "LogFloats", "path": ["monitoring", "a9a755a4", "gpu_memory"], "values": [{"value": 1.1751136779785156, "step": null, "ts": 1724634228.2120378}]}, "version": 1419, "at": 1724634228.2206562}
{"obj": {"type": "LogFloats", "path": ["monitoring", "a9a755a4", "gpu_power"], "values": [{"value": 7.302, "step": null, "ts": 1724634228.2120378}]}, "version": 1420, "at": 1724634228.2206562}
{"obj": {"type": "LogStrings", "path": ["monitoring", "a9a755a4", "stdout"], "values": [{"value": "Drone1 moved with speed vector [1, 0, 0] with duration 2", "step": null, "ts": 1724634235.702946}]}, "version": 1421, "at": 1724634235.702946}
{"obj": {"type": "LogStrings", "path": ["monitoring", "a9a755a4", "stdout"], "values": [{"value": "\n", "step": null, "ts": 1724634235.702946}]}, "version": 1422, "at": 1724634235.702946}
{"obj": {"type": "LogStrings", "path": ["monitoring", "a9a755a4", "stdout"], "values": [{"value": "before threads ", "step": null, "ts": 1724634235.702946}]}, "version": 1423, "at": 1724634235.702946}
{"obj": {"type": "LogStrings", "path": ["monitoring", "a9a755a4", "stdout"], "values": [{"value": " ", "step": null, "ts": 1724634235.7039506}]}, "version": 1424, "at": 1724634235.7039506}
{"obj": {"type": "LogStrings", "path": ["monitoring", "a9a755a4", "stdout"], "values": [{"value": "0", "step": null, "ts": 1724634235.7039506}]}, "version": 1425, "at": 1724634235.7039506}
{"obj": {"type": "LogStrings", "path": ["monitoring", "a9a755a4", "stdout"], "values": [{"value": "\n", "step": null, "ts": 1724634235.7039506}]}, "version": 1426, "at": 1724634235.7039506}
{"obj": {"type": "LogStrings", "path": ["monitoring", "a9a755a4", "stdout"], "values": [{"value": "drone 2 ", "step": null, "ts": 1724634235.7049491}]}, "version": 1427, "at": 1724634235.7049491}
{"obj": {"type": "LogStrings", "path": ["monitoring", "a9a755a4", "stdout"], "values": [{"value": " ", "step": null, "ts": 1724634235.7049491}]}, "version": 1428, "at": 1724634235.7049491}
{"obj": {"type": "LogStrings", "path": ["monitoring", "a9a755a4", "stdout"], "values": [{"value": "(3, 0, 0)", "step": null, "ts": 1724634235.7069523}]}, "version": 1429, "at": 1724634235.7069523}
{"obj": {"type": "LogStrings", "path": ["monitoring", "a9a755a4", "stdout"], "values": [{"value": "\n", "step": null, "ts": 1724634235.7069523}]}, "version": 1430, "at": 1724634235.7069523}
{"obj": {"type": "LogStrings", "path": ["monitoring", "a9a755a4", "stdout"], "values": [{"value": "action ", "step": null, "ts": 1724634235.7079551}]}, "version": 1431, "at": 1724634235.7079551}
{"obj": {"type": "LogStrings", "path": ["monitoring", "a9a755a4", "stdout"], "values": [{"value": " ", "step": null, "ts": 1724634235.7089703}]}, "version": 1432, "at": 1724634235.7089703}
{"obj": {"type": "LogStrings", "path": ["monitoring", "a9a755a4", "stdout"], "values": [{"value": "19", "step": null, "ts": 1724634235.7089703}]}, "version": 1433, "at": 1724634235.7089703}
{"obj": {"type": "LogStrings", "path": ["monitoring", "a9a755a4", "stdout"], "values": [{"value": "\n", "step": null, "ts": 1724634235.7089703}]}, "version": 1434, "at": 1724634235.7089703}
{"obj": {"type": "LogStrings", "path": ["monitoring", "a9a755a4", "stdout"], "values": [{"value": "Found 1 cylinders in image", "step": null, "ts": 1724634236.192803}]}, "version": 1435, "at": 1724634236.192803}
{"obj": {"type": "LogStrings", "path": ["monitoring", "a9a755a4", "stdout"], "values": [{"value": "\n", "step": null, "ts": 1724634236.1938071}]}, "version": 1436, "at": 1724634236.1938071}
{"obj": {"type": "LogStrings", "path": ["monitoring", "a9a755a4", "stdout"], "values": [{"value": "quad_offset = ", "step": null, "ts": 1724634236.1968112}]}, "version": 1437, "at": 1724634236.1968112}
{"obj": {"type": "LogStrings", "path": ["monitoring", "a9a755a4", "stdout"], "values": [{"value": " ", "step": null, "ts": 1724634236.1968112}]}, "version": 1438, "at": 1724634236.1968112}
{"obj": {"type": "LogStrings", "path": ["monitoring", "a9a755a4", "stdout"], "values": [{"value": "[-2.3333333333333335, 30.0, 1]", "step": null, "ts": 1724634236.1968112}]}, "version": 1439, "at": 1724634236.1968112}
{"obj": {"type": "LogStrings", "path": ["monitoring", "a9a755a4", "stdout"], "values": [{"value": "\n", "step": null, "ts": 1724634236.1968112}]}, "version": 1440, "at": 1724634236.1968112}
{"obj": {"type": "LogStrings", "path": ["monitoring", "a9a755a4", "stdout"], "values": [{"value": "a_vp = ", "step": null, "ts": 1724634236.1968112}]}, "version": 1441, "at": 1724634236.1968112}
{"obj": {"type": "LogStrings", "path": ["monitoring", "a9a755a4", "stdout"], "values": [{"value": " ", "step": null, "ts": 1724634236.197815}]}, "version": 1442, "at": 1724634236.197815}
{"obj": {"type": "LogStrings", "path": ["monitoring", "a9a755a4", "stdout"], "values": [{"value": "-5.907348361846472", "step": null, "ts": 1724634236.197815}]}, "version": 1443, "at": 1724634236.197815}
{"obj": {"type": "LogStrings", "path": ["monitoring", "a9a755a4", "stdout"], "values": [{"value": "\n", "step": null, "ts": 1724634236.197815}]}, "version": 1444, "at": 1724634236.197815}
{"obj": {"type": "LogStrings", "path": ["monitoring", "a9a755a4", "stdout"], "values": [{"value": "new_x = ", "step": null, "ts": 1724634236.197815}]}, "version": 1445, "at": 1724634236.1988115}
{"obj": {"type": "LogStrings", "path": ["monitoring", "a9a755a4", "stdout"], "values": [{"value": " ", "step": null, "ts": 1724634236.1988115}]}, "version": 1446, "at": 1724634236.1988115}
{"obj": {"type": "LogStrings", "path": ["monitoring", "a9a755a4", "stdout"], "values": [{"value": "0.0521067643935187", "step": null, "ts": 1724634236.1988115}]}, "version": 1447, "at": 1724634236.1988115}
{"obj": {"type": "LogStrings", "path": ["monitoring", "a9a755a4", "stdout"], "values": [{"value": "\n", "step": null, "ts": 1724634236.1988115}]}, "version": 1448, "at": 1724634236.1988115}
{"obj": {"type": "LogStrings", "path": ["monitoring", "a9a755a4", "stdout"], "values": [{"value": "new_y = ", "step": null, "ts": 1724634236.1988115}]}, "version": 1449, "at": 1724634236.1988115}
{"obj": {"type": "LogStrings", "path": ["monitoring", "a9a755a4", "stdout"], "values": [{"value": " ", "step": null, "ts": 1724634236.1988115}]}, "version": 1450, "at": 1724634236.1988115}
{"obj": {"type": "LogStrings", "path": ["monitoring", "a9a755a4", "stdout"], "values": [{"value": "-0.33376108340619176", "step": null, "ts": 1724634236.1988115}]}, "version": 1451, "at": 1724634236.1988115}
{"obj": {"type": "LogStrings", "path": ["monitoring", "a9a755a4", "stdout"], "values": [{"value": "\n", "step": null, "ts": 1724634236.1988115}]}, "version": 1452, "at": 1724634236.1988115}
{"obj": {"type": "LogStrings", "path": ["monitoring", "a9a755a4", "stdout"], "values": [{"value": "Drone1 moved with speed vector [-0.3078128092811727, 1.9716429893076706, 0] with duration 1", "step": null, "ts": 1724634237.2227323}]}, "version": 1453, "at": 1724634237.2227323}
{"obj": {"type": "LogStrings", "path": ["monitoring", "a9a755a4", "stdout"], "values": [{"value": "\n", "step": null, "ts": 1724634237.2237427}]}, "version": 1454, "at": 1724634237.2237427}
{"obj": {"type": "LogStrings", "path": ["monitoring", "a9a755a4", "stdout"], "values": [{"value": "Collision detected for drone Drone1", "step": null, "ts": 1724634237.2237427}]}, "version": 1455, "at": 1724634237.2237427}
{"obj": {"type": "LogStrings", "path": ["monitoring", "a9a755a4", "stdout"], "values": [{"value": "\n", "step": null, "ts": 1724634237.2247505}]}, "version": 1456, "at": 1724634237.2247505}
{"obj": {"type": "LogStrings", "path": ["monitoring", "a9a755a4", "stdout"], "values": [{"value": "Nom de l'objet: beam_metal_window_divider_4x1129", "step": null, "ts": 1724634237.2247505}]}, "version": 1457, "at": 1724634237.2247505}
{"obj": {"type": "LogStrings", "path": ["monitoring", "a9a755a4", "stdout"], "values": [{"value": "\n", "step": null, "ts": 1724634237.2257502}]}, "version": 1458, "at": 1724634237.2257502}
{"obj": {"type": "LogStrings", "path": ["monitoring", "a9a755a4", "stdout"], "values": [{"value": "rc=-50 , rfov=0 , rd=1.00025495277047 , rdir = 0.10088029861450197 , robs= 0 , r_v=0 , r_ang= -1.0584540439904178", "step": null, "ts": 1724634237.2257502}]}, "version": 1459, "at": 1724634237.2257502}
{"obj": {"type": "LogStrings", "path": ["monitoring", "a9a755a4", "stdout"], "values": [{"value": "\n", "step": null, "ts": 1724634237.2257502}]}, "version": 1460, "at": 1724634237.2257502}
{"obj": {"type": "LogStrings", "path": ["monitoring", "a9a755a4", "stdout"], "values": [{"value": "next state ", "step": null, "ts": 1724634237.2257502}]}, "version": 1461, "at": 1724634237.2257502}
{"obj": {"type": "LogStrings", "path": ["monitoring", "a9a755a4", "stdout"], "values": [{"value": " ", "step": null, "ts": 1724634237.2257502}]}, "version": 1462, "at": 1724634237.2257502}
{"obj": {"type": "LogStrings", "path": ["monitoring", "a9a755a4", "stdout"], "values": [{"value": "[0.000558401457965374, 1.5082250588773865e-14, -0.0353215495745341, 0.0, 0.0, 0.00162027341624101, 0.10587988449341369, 0.10715464834576387, 0.000781249962747097, 0.0010026307459230777, 0.000781249962747097, 0.0013950525095433365, 0.00078125, 0.0010025140974256727, 15.044014930725098, 15.044014930725098, 15.044014930725098, 15.044014930725098, 15.044014930725098, 15.044014930725098, 15.044014930725098, 15.044014930725098, 15.044014930725098]", "step": null, "ts": 1724634237.2257502}]}, "version": 1463, "at": 1724634237.2257502}
{"obj": {"type": "LogStrings", "path": ["monitoring", "a9a755a4", "stdout"], "values": [{"value": "\n", "step": null, "ts": 1724634237.2267487}]}, "version": 1464, "at": 1724634237.2267487}
{"obj": {"type": "LogStrings", "path": ["monitoring", "a9a755a4", "stdout"], "values": [{"value": "Drone2 moved with speed vector [3, 0, 0] with duration 2", "step": null, "ts": 1724634237.742544}]}, "version": 1465, "at": 1724634237.742544}
{"obj": {"type": "LogStrings", "path": ["monitoring", "a9a755a4", "stdout"], "values": [{"value": "\n", "step": null, "ts": 1724634237.742544}]}, "version": 1466, "at": 1724634237.742544}
{"obj": {"type": "LogStrings", "path": ["monitoring", "a9a755a4", "stdout"], "values": [{"value": "drone 2 ", "step": null, "ts": 1724634237.7435505}]}, "version": 1467, "at": 1724634237.7435505}
{"obj": {"type": "LogStrings", "path": ["monitoring", "a9a755a4", "stdout"], "values": [{"value": " ", "step": null, "ts": 1724634237.7435505}]}, "version": 1468, "at": 1724634237.7435505}
{"obj": {"type": "LogStrings", "path": ["monitoring", "a9a755a4", "stdout"], "values": [{"value": "(3, 2, 0)", "step": null, "ts": 1724634237.7445977}]}, "version": 1469, "at": 1724634237.7445977}
{"obj": {"type": "LogStrings", "path": ["monitoring", "a9a755a4", "stdout"], "values": [{"value": "\n", "step": null, "ts": 1724634237.7445977}]}, "version": 1470, "at": 1724634237.7445977}
{"obj": {"type": "LogFloats", "path": ["monitoring", "a9a755a4", "cpu"], "values": [{"value": 11.3, "step": null, "ts": 1724634238.228759}]}, "version": 1471, "at": 1724634238.2407603}
{"obj": {"type": "LogFloats", "path": ["monitoring", "a9a755a4", "memory"], "values": [{"value": 12.814613342285156, "step": null, "ts": 1724634238.228759}]}, "version": 1472, "at": 1724634238.2407603}
{"obj": {"type": "LogFloats", "path": ["monitoring", "a9a755a4", "gpu_memory"], "values": [{"value": 1.1751136779785156, "step": null, "ts": 1724634238.228759}]}, "version": 1473, "at": 1724634238.2407603}
{"obj": {"type": "LogFloats", "path": ["monitoring", "a9a755a4", "gpu_power"], "values": [{"value": 5.414, "step": null, "ts": 1724634238.228759}]}, "version": 1474, "at": 1724634238.2407603}
{"obj": {"type": "LogStrings", "path": ["monitoring", "a9a755a4", "stdout"], "values": [{"value": "Drone2 moved with speed vector [3, 2, 0] with duration 2", "step": null, "ts": 1724634239.7639382}]}, "version": 1475, "at": 1724634239.7639382}
{"obj": {"type": "LogStrings", "path": ["monitoring", "a9a755a4", "stdout"], "values": [{"value": "\n", "step": null, "ts": 1724634239.7639382}]}, "version": 1476, "at": 1724634239.7639382}
{"obj": {"type": "LogStrings", "path": ["monitoring", "a9a755a4", "stdout"], "values": [{"value": "drone 2 ", "step": null, "ts": 1724634239.7649398}]}, "version": 1477, "at": 1724634239.7649398}
{"obj": {"type": "LogStrings", "path": ["monitoring", "a9a755a4", "stdout"], "values": [{"value": " ", "step": null, "ts": 1724634239.7649398}]}, "version": 1478, "at": 1724634239.7649398}
{"obj": {"type": "LogStrings", "path": ["monitoring", "a9a755a4", "stdout"], "values": [{"value": "(6, 0, 0)", "step": null, "ts": 1724634239.7649398}]}, "version": 1479, "at": 1724634239.7649398}
{"obj": {"type": "LogStrings", "path": ["monitoring", "a9a755a4", "stdout"], "values": [{"value": "\n", "step": null, "ts": 1724634239.7649398}]}, "version": 1480, "at": 1724634239.7649398}
{"obj": {"type": "LogStrings", "path": ["monitoring", "a9a755a4", "stdout"], "values": [{"value": "Drone2 moved with speed vector [6, 0, 0] with duration 2", "step": null, "ts": 1724634241.7828858}]}, "version": 1481, "at": 1724634241.7828858}
{"obj": {"type": "LogStrings", "path": ["monitoring", "a9a755a4", "stdout"], "values": [{"value": "\n", "step": null, "ts": 1724634241.7828858}]}, "version": 1482, "at": 1724634241.7840915}
{"obj": {"type": "LogStrings", "path": ["monitoring", "a9a755a4", "stdout"], "values": [{"value": "drone 2 ", "step": null, "ts": 1724634241.7840915}]}, "version": 1483, "at": 1724634241.7840915}
{"obj": {"type": "LogStrings", "path": ["monitoring", "a9a755a4", "stdout"], "values": [{"value": " ", "step": null, "ts": 1724634241.7840915}]}, "version": 1484, "at": 1724634241.7840915}
{"obj": {"type": "LogStrings", "path": ["monitoring", "a9a755a4", "stdout"], "values": [{"value": "(6, -4, 0)", "step": null, "ts": 1724634241.7840915}]}, "version": 1485, "at": 1724634241.7840915}
{"obj": {"type": "LogStrings", "path": ["monitoring", "a9a755a4", "stdout"], "values": [{"value": "\n", "step": null, "ts": 1724634241.7840915}]}, "version": 1486, "at": 1724634241.7840915}
{"obj": {"type": "LogStrings", "path": ["monitoring", "a9a755a4", "stdout"], "values": [{"value": "Drone2 moved with speed vector [6, -4, 0] with duration 2", "step": null, "ts": 1724634243.8047485}]}, "version": 1487, "at": 1724634243.8047485}
{"obj": {"type": "LogStrings", "path": ["monitoring", "a9a755a4", "stdout"], "values": [{"value": "\n", "step": null, "ts": 1724634243.8057313}]}, "version": 1488, "at": 1724634243.8057313}
{"obj": {"type": "LogStrings", "path": ["monitoring", "a9a755a4", "stdout"], "values": [{"value": "drone 2 ", "step": null, "ts": 1724634243.8057313}]}, "version": 1489, "at": 1724634243.8057313}
{"obj": {"type": "LogStrings", "path": ["monitoring", "a9a755a4", "stdout"], "values": [{"value": " ", "step": null, "ts": 1724634243.8057313}]}, "version": 1490, "at": 1724634243.8057313}
{"obj": {"type": "LogStrings", "path": ["monitoring", "a9a755a4", "stdout"], "values": [{"value": "(12, 0, 0)", "step": null, "ts": 1724634243.8057313}]}, "version": 1491, "at": 1724634243.8057313}
{"obj": {"type": "LogStrings", "path": ["monitoring", "a9a755a4", "stdout"], "values": [{"value": "\n", "step": null, "ts": 1724634243.8057313}]}, "version": 1492, "at": 1724634243.8057313}
{"obj": {"type": "LogStrings", "path": ["monitoring", "a9a755a4", "stdout"], "values": [{"value": "Drone2 moved with speed vector [12, 0, 0] with duration 2", "step": null, "ts": 1724634245.8236396}]}, "version": 1493, "at": 1724634245.8236396}
{"obj": {"type": "LogStrings", "path": ["monitoring", "a9a755a4", "stdout"], "values": [{"value": "\n", "step": null, "ts": 1724634245.8236396}]}, "version": 1494, "at": 1724634245.8236396}
{"obj": {"type": "LogStrings", "path": ["monitoring", "a9a755a4", "stdout"], "values": [{"value": "drone 2 ", "step": null, "ts": 1724634245.8236396}]}, "version": 1495, "at": 1724634245.8236396}
{"obj": {"type": "LogStrings", "path": ["monitoring", "a9a755a4", "stdout"], "values": [{"value": " ", "step": null, "ts": 1724634245.8236396}]}, "version": 1496, "at": 1724634245.8236396}
{"obj": {"type": "LogStrings", "path": ["monitoring", "a9a755a4", "stdout"], "values": [{"value": "(3, 2, 0)", "step": null, "ts": 1724634245.8246396}]}, "version": 1497, "at": 1724634245.8246396}
{"obj": {"type": "LogStrings", "path": ["monitoring", "a9a755a4", "stdout"], "values": [{"value": "\n", "step": null, "ts": 1724634245.8246396}]}, "version": 1498, "at": 1724634245.8246396}
{"obj": {"type": "LogStrings", "path": ["monitoring", "a9a755a4", "stdout"], "values": [{"value": "Drone2 moved with speed vector [3, 2, 0] with duration 2", "step": null, "ts": 1724634247.8428476}]}, "version": 1499, "at": 1724634247.8428476}
{"obj": {"type": "LogStrings", "path": ["monitoring", "a9a755a4", "stdout"], "values": [{"value": "\n", "step": null, "ts": 1724634247.843888}]}, "version": 1500, "at": 1724634247.843888}
{"obj": {"type": "LogStrings", "path": ["monitoring", "a9a755a4", "stdout"], "values": [{"value": "drone 2 ", "step": null, "ts": 1724634247.843888}]}, "version": 1501, "at": 1724634247.843888}
{"obj": {"type": "LogStrings", "path": ["monitoring", "a9a755a4", "stdout"], "values": [{"value": " ", "step": null, "ts": 1724634247.843888}]}, "version": 1502, "at": 1724634247.843888}
{"obj": {"type": "LogStrings", "path": ["monitoring", "a9a755a4", "stdout"], "values": [{"value": "(6, 0, 0)", "step": null, "ts": 1724634247.843888}]}, "version": 1503, "at": 1724634247.843888}
{"obj": {"type": "LogStrings", "path": ["monitoring", "a9a755a4", "stdout"], "values": [{"value": "\n", "step": null, "ts": 1724634247.8448777}]}, "version": 1504, "at": 1724634247.8448777}
{"obj": {"type": "LogFloats", "path": ["monitoring", "a9a755a4", "cpu"], "values": [{"value": 10.3, "step": null, "ts": 1724634248.2526944}]}, "version": 1505, "at": 1724634248.263155}
{"obj": {"type": "LogFloats", "path": ["monitoring", "a9a755a4", "memory"], "values": [{"value": 12.81500244140625, "step": null, "ts": 1724634248.2526944}]}, "version": 1506, "at": 1724634248.263155}
{"obj": {"type": "LogFloats", "path": ["monitoring", "a9a755a4", "gpu"], "values": [{"value": 6.0, "step": null, "ts": 1724634248.2526944}]}, "version": 1507, "at": 1724634248.263155}
{"obj": {"type": "LogFloats", "path": ["monitoring", "a9a755a4", "gpu_memory"], "values": [{"value": 1.1741981506347656, "step": null, "ts": 1724634248.2526944}]}, "version": 1508, "at": 1724634248.263755}
{"obj": {"type": "LogFloats", "path": ["monitoring", "a9a755a4", "gpu_power"], "values": [{"value": 5.763, "step": null, "ts": 1724634248.2526944}]}, "version": 1509, "at": 1724634248.263755}
{"obj": {"type": "LogStrings", "path": ["monitoring", "a9a755a4", "stdout"], "values": [{"value": "Drone2 moved with speed vector [6, 0, 0] with duration 2", "step": null, "ts": 1724634249.8600013}]}, "version": 1510, "at": 1724634249.8600013}
{"obj": {"type": "LogStrings", "path": ["monitoring", "a9a755a4", "stdout"], "values": [{"value": "\n", "step": null, "ts": 1724634249.8600013}]}, "version": 1511, "at": 1724634249.8600013}
{"obj": {"type": "LogStrings", "path": ["monitoring", "a9a755a4", "stdout"], "values": [{"value": "drone 2 ", "step": null, "ts": 1724634249.861001}]}, "version": 1512, "at": 1724634249.861001}
{"obj": {"type": "LogStrings", "path": ["monitoring", "a9a755a4", "stdout"], "values": [{"value": " ", "step": null, "ts": 1724634249.861001}]}, "version": 1513, "at": 1724634249.8620002}
{"obj": {"type": "LogStrings", "path": ["monitoring", "a9a755a4", "stdout"], "values": [{"value": "(6, -4, 0)", "step": null, "ts": 1724634249.8620002}]}, "version": 1514, "at": 1724634249.8620002}
{"obj": {"type": "LogStrings", "path": ["monitoring", "a9a755a4", "stdout"], "values": [{"value": "\n", "step": null, "ts": 1724634249.8620002}]}, "version": 1515, "at": 1724634249.8620002}
{"obj": {"type": "LogStrings", "path": ["monitoring", "a9a755a4", "stdout"], "values": [{"value": "Drone2 moved with speed vector [6, -4, 0] with duration 2", "step": null, "ts": 1724634251.8844972}]}, "version": 1516, "at": 1724634251.8844972}
{"obj": {"type": "LogStrings", "path": ["monitoring", "a9a755a4", "stdout"], "values": [{"value": "\n", "step": null, "ts": 1724634251.8844972}]}, "version": 1517, "at": 1724634251.8844972}
{"obj": {"type": "LogStrings", "path": ["monitoring", "a9a755a4", "stdout"], "values": [{"value": "drone 2 ", "step": null, "ts": 1724634251.8844972}]}, "version": 1518, "at": 1724634251.8844972}
{"obj": {"type": "LogStrings", "path": ["monitoring", "a9a755a4", "stdout"], "values": [{"value": " ", "step": null, "ts": 1724634251.8844972}]}, "version": 1519, "at": 1724634251.8844972}
{"obj": {"type": "LogStrings", "path": ["monitoring", "a9a755a4", "stdout"], "values": [{"value": "(9, 0, 0)", "step": null, "ts": 1724634251.8844972}]}, "version": 1520, "at": 1724634251.8844972}
{"obj": {"type": "LogStrings", "path": ["monitoring", "a9a755a4", "stdout"], "values": [{"value": "\n", "step": null, "ts": 1724634251.8854973}]}, "version": 1521, "at": 1724634251.8854973}
{"obj": {"type": "LogStrings", "path": ["monitoring", "a9a755a4", "stdout"], "values": [{"value": "Drone2 moved with speed vector [9, 0, 0] with duration 2", "step": null, "ts": 1724634253.901929}]}, "version": 1522, "at": 1724634253.901929}
{"obj": {"type": "LogStrings", "path": ["monitoring", "a9a755a4", "stdout"], "values": [{"value": "\n", "step": null, "ts": 1724634253.901929}]}, "version": 1523, "at": 1724634253.901929}
{"obj": {"type": "LogStrings", "path": ["monitoring", "a9a755a4", "stdout"], "values": [{"value": "drone 2 ", "step": null, "ts": 1724634253.902514}]}, "version": 1524, "at": 1724634253.902514}
{"obj": {"type": "LogStrings", "path": ["monitoring", "a9a755a4", "stdout"], "values": [{"value": " ", "step": null, "ts": 1724634253.902514}]}, "version": 1525, "at": 1724634253.902514}
{"obj": {"type": "LogStrings", "path": ["monitoring", "a9a755a4", "stdout"], "values": [{"value": "(0, 0, 0)", "step": null, "ts": 1724634253.902514}]}, "version": 1526, "at": 1724634253.902514}
{"obj": {"type": "LogStrings", "path": ["monitoring", "a9a755a4", "stdout"], "values": [{"value": "\n", "step": null, "ts": 1724634253.902514}]}, "version": 1527, "at": 1724634253.902514}
{"obj": {"type": "LogStrings", "path": ["monitoring", "a9a755a4", "stdout"], "values": [{"value": "Drone2 moved with speed vector [0, 0, 0] with duration 2", "step": null, "ts": 1724634255.9299617}]}, "version": 1528, "at": 1724634255.9299617}
{"obj": {"type": "LogStrings", "path": ["monitoring", "a9a755a4", "stdout"], "values": [{"value": "\n", "step": null, "ts": 1724634255.930859}]}, "version": 1529, "at": 1724634255.930859}
{"obj": {"type": "LogStrings", "path": ["monitoring", "a9a755a4", "stdout"], "values": [{"value": "after thread target ", "step": null, "ts": 1724634255.930859}]}, "version": 1530, "at": 1724634255.930859}
{"obj": {"type": "LogStrings", "path": ["monitoring", "a9a755a4", "stdout"], "values": [{"value": " ", "step": null, "ts": 1724634255.930859}]}, "version": 1531, "at": 1724634255.930859}
{"obj": {"type": "LogStrings", "path": ["monitoring", "a9a755a4", "stdout"], "values": [{"value": "1", "step": null, "ts": 1724634255.930859}]}, "version": 1532, "at": 1724634255.930859}
{"obj": {"type": "LogStrings", "path": ["monitoring", "a9a755a4", "stdout"], "values": [{"value": "\n", "step": null, "ts": 1724634255.930859}]}, "version": 1533, "at": 1724634255.930859}
{"obj": {"type": "LogStrings", "path": ["monitoring", "a9a755a4", "stdout"], "values": [{"value": "after thread drone ", "step": null, "ts": 1724634255.930859}]}, "version": 1534, "at": 1724634255.930859}
{"obj": {"type": "LogStrings", "path": ["monitoring", "a9a755a4", "stdout"], "values": [{"value": " ", "step": null, "ts": 1724634255.930859}]}, "version": 1535, "at": 1724634255.930859}
{"obj": {"type": "LogStrings", "path": ["monitoring", "a9a755a4", "stdout"], "values": [{"value": "1", "step": null, "ts": 1724634255.930859}]}, "version": 1536, "at": 1724634255.930859}
{"obj": {"type": "LogStrings", "path": ["monitoring", "a9a755a4", "stdout"], "values": [{"value": "\n", "step": null, "ts": 1724634255.9318588}]}, "version": 1537, "at": 1724634255.9318588}
{"obj": {"type": "LogFloats", "path": ["reward"], "values": [{"value": -49.95731879260545, "step": null, "ts": 1724634255.9343977}]}, "version": 1538, "at": 1724634255.9343977}
{"obj": {"type": "LogFloats", "path": ["epsilon"], "values": [{"value": 0.9866271415571011, "step": null, "ts": 1724634255.9343977}]}, "version": 1539, "at": 1724634255.9343977}
{"obj": {"type": "LogStrings", "path": ["monitoring", "a9a755a4", "stdout"], "values": [{"value": "episode ", "step": null, "ts": 1724634255.9343977}]}, "version": 1540, "at": 1724634255.9343977}
{"obj": {"type": "LogStrings", "path": ["monitoring", "a9a755a4", "stdout"], "values": [{"value": " ", "step": null, "ts": 1724634255.9343977}]}, "version": 1541, "at": 1724634255.9343977}
{"obj": {"type": "LogStrings", "path": ["monitoring", "a9a755a4", "stdout"], "values": [{"value": "8", "step": null, "ts": 1724634255.9343977}]}, "version": 1542, "at": 1724634255.9343977}
{"obj": {"type": "LogStrings", "path": ["monitoring", "a9a755a4", "stdout"], "values": [{"value": "\n", "step": null, "ts": 1724634255.9343977}]}, "version": 1543, "at": 1724634255.9343977}
{"obj": {"type": "LogStrings", "path": ["monitoring", "a9a755a4", "stdout"], "values": [{"value": "reset", "step": null, "ts": 1724634255.9353983}]}, "version": 1544, "at": 1724634255.9353983}
{"obj": {"type": "LogStrings", "path": ["monitoring", "a9a755a4", "stdout"], "values": [{"value": "\n", "step": null, "ts": 1724634255.9353983}]}, "version": 1545, "at": 1724634255.9353983}
{"obj": {"type": "LogStrings", "path": ["monitoring", "a9a755a4", "stdout"], "values": [{"value": "Found 1 cylinders in image", "step": null, "ts": 1724634256.6979895}]}, "version": 1546, "at": 1724634256.6979895}
{"obj": {"type": "LogStrings", "path": ["monitoring", "a9a755a4", "stdout"], "values": [{"value": "\n", "step": null, "ts": 1724634256.7000194}]}, "version": 1547, "at": 1724634256.7000194}
{"obj": {"type": "LogFloats", "path": ["monitoring", "a9a755a4", "cpu"], "values": [{"value": 9.9, "step": null, "ts": 1724634258.2784388}]}, "version": 1548, "at": 1724634258.2854714}
{"obj": {"type": "LogFloats", "path": ["monitoring", "a9a755a4", "memory"], "values": [{"value": 12.826030731201172, "step": null, "ts": 1724634258.2784388}]}, "version": 1549, "at": 1724634258.2854714}
{"obj": {"type": "LogFloats", "path": ["monitoring", "a9a755a4", "gpu"], "values": [{"value": 23.0, "step": null, "ts": 1724634258.2784388}]}, "version": 1550, "at": 1724634258.2854714}
{"obj": {"type": "LogFloats", "path": ["monitoring", "a9a755a4", "gpu_memory"], "values": [{"value": 1.1751136779785156, "step": null, "ts": 1724634258.2784388}]}, "version": 1551, "at": 1724634258.2854714}
{"obj": {"type": "LogFloats", "path": ["monitoring", "a9a755a4", "gpu_power"], "values": [{"value": 5.358, "step": null, "ts": 1724634258.2784388}]}, "version": 1552, "at": 1724634258.2864716}
{"obj": {"type": "LogStrings", "path": ["monitoring", "a9a755a4", "stdout"], "values": [{"value": "Drone1 moved with speed vector [1, 0, 0] with duration 2", "step": null, "ts": 1724634265.5793626}]}, "version": 1553, "at": 1724634265.5793626}
{"obj": {"type": "LogStrings", "path": ["monitoring", "a9a755a4", "stdout"], "values": [{"value": "\n", "step": null, "ts": 1724634265.5793626}]}, "version": 1554, "at": 1724634265.5793626}
{"obj": {"type": "LogStrings", "path": ["monitoring", "a9a755a4", "stdout"], "values": [{"value": "before threads ", "step": null, "ts": 1724634265.5803647}]}, "version": 1555, "at": 1724634265.5803647}
{"obj": {"type": "LogStrings", "path": ["monitoring", "a9a755a4", "stdout"], "values": [{"value": " ", "step": null, "ts": 1724634265.5803647}]}, "version": 1556, "at": 1724634265.5803647}
{"obj": {"type": "LogStrings", "path": ["monitoring", "a9a755a4", "stdout"], "values": [{"value": "0", "step": null, "ts": 1724634265.5803647}]}, "version": 1557, "at": 1724634265.5803647}
{"obj": {"type": "LogStrings", "path": ["monitoring", "a9a755a4", "stdout"], "values": [{"value": "\n", "step": null, "ts": 1724634265.5803647}]}, "version": 1558, "at": 1724634265.5803647}
{"obj": {"type": "LogStrings", "path": ["monitoring", "a9a755a4", "stdout"], "values": [{"value": "drone 2 ", "step": null, "ts": 1724634265.5803647}]}, "version": 1559, "at": 1724634265.5803647}
{"obj": {"type": "LogStrings", "path": ["monitoring", "a9a755a4", "stdout"], "values": [{"value": " ", "step": null, "ts": 1724634265.5818696}]}, "version": 1560, "at": 1724634265.5818696}
{"obj": {"type": "LogStrings", "path": ["monitoring", "a9a755a4", "stdout"], "values": [{"value": "(3, 0, 0)", "step": null, "ts": 1724634265.582401}]}, "version": 1561, "at": 1724634265.582401}
{"obj": {"type": "LogStrings", "path": ["monitoring", "a9a755a4", "stdout"], "values": [{"value": "\n", "step": null, "ts": 1724634265.582401}]}, "version": 1562, "at": 1724634265.582401}
{"obj": {"type": "LogStrings", "path": ["monitoring", "a9a755a4", "stdout"], "values": [{"value": "action ", "step": null, "ts": 1724634265.583515}]}, "version": 1563, "at": 1724634265.583515}
{"obj": {"type": "LogStrings", "path": ["monitoring", "a9a755a4", "stdout"], "values": [{"value": " ", "step": null, "ts": 1724634265.583515}]}, "version": 1564, "at": 1724634265.583515}
{"obj": {"type": "LogStrings", "path": ["monitoring", "a9a755a4", "stdout"], "values": [{"value": "121", "step": null, "ts": 1724634265.583515}]}, "version": 1565, "at": 1724634265.583515}
{"obj": {"type": "LogStrings", "path": ["monitoring", "a9a755a4", "stdout"], "values": [{"value": "\n", "step": null, "ts": 1724634265.584519}]}, "version": 1566, "at": 1724634265.584519}
{"obj": {"type": "LogStrings", "path": ["monitoring", "a9a755a4", "stdout"], "values": [{"value": "Found 1 cylinders in image", "step": null, "ts": 1724634266.1087103}]}, "version": 1567, "at": 1724634266.1087103}
{"obj": {"type": "LogStrings", "path": ["monitoring", "a9a755a4", "stdout"], "values": [{"value": "\n", "step": null, "ts": 1724634266.1097116}]}, "version": 1568, "at": 1724634266.1097116}
{"obj": {"type": "LogStrings", "path": ["monitoring", "a9a755a4", "stdout"], "values": [{"value": "quad_offset = ", "step": null, "ts": 1724634266.1137347}]}, "version": 1569, "at": 1724634266.1137347}
{"obj": {"type": "LogStrings", "path": ["monitoring", "a9a755a4", "stdout"], "values": [{"value": " ", "step": null, "ts": 1724634266.1141183}]}, "version": 1570, "at": 1724634266.1141183}
{"obj": {"type": "LogStrings", "path": ["monitoring", "a9a755a4", "stdout"], "values": [{"value": "[-1.6666666666666667, -23.333333333333332, 2]", "step": null, "ts": 1724634266.1141183}]}, "version": 1571, "at": 1724634266.1141183}
{"obj": {"type": "LogStrings", "path": ["monitoring", "a9a755a4", "stdout"], "values": [{"value": "\n", "step": null, "ts": 1724634266.1141183}]}, "version": 1572, "at": 1724634266.1141183}
{"obj": {"type": "LogStrings", "path": ["monitoring", "a9a755a4", "stdout"], "values": [{"value": "a_vp = ", "step": null, "ts": 1724634266.1147454}]}, "version": 1573, "at": 1724634266.1147454}
{"obj": {"type": "LogStrings", "path": ["monitoring", "a9a755a4", "stdout"], "values": [{"value": " ", "step": null, "ts": 1724634266.1147454}]}, "version": 1574, "at": 1724634266.1147454}
{"obj": {"type": "LogStrings", "path": ["monitoring", "a9a755a4", "stdout"], "values": [{"value": "-3.4754945570109443", "step": null, "ts": 1724634266.1147454}]}, "version": 1575, "at": 1724634266.1147454}
{"obj": {"type": "LogStrings", "path": ["monitoring", "a9a755a4", "stdout"], "values": [{"value": "\n", "step": null, "ts": 1724634266.1147454}]}, "version": 1576, "at": 1724634266.1147454}
{"obj": {"type": "LogStrings", "path": ["monitoring", "a9a755a4", "stdout"], "values": [{"value": "new_x = ", "step": null, "ts": 1724634266.1147454}]}, "version": 1577, "at": 1724634266.1147454}
{"obj": {"type": "LogStrings", "path": ["monitoring", "a9a755a4", "stdout"], "values": [{"value": " ", "step": null, "ts": 1724634266.1157463}]}, "version": 1578, "at": 1724634266.1157463}
{"obj": {"type": "LogStrings", "path": ["monitoring", "a9a755a4", "stdout"], "values": [{"value": "-0.08439327593864204", "step": null, "ts": 1724634266.1157463}]}, "version": 1579, "at": 1724634266.1157463}
{"obj": {"type": "LogStrings", "path": ["monitoring", "a9a755a4", "stdout"], "values": [{"value": "\n", "step": null, "ts": 1724634266.1157463}]}, "version": 1580, "at": 1724634266.1157463}
{"obj": {"type": "LogStrings", "path": ["monitoring", "a9a755a4", "stdout"], "values": [{"value": "new_y = ", "step": null, "ts": 1724634266.1157463}]}, "version": 1581, "at": 1724634266.1157463}
{"obj": {"type": "LogStrings", "path": ["monitoring", "a9a755a4", "stdout"], "values": [{"value": " ", "step": null, "ts": 1724634266.1157463}]}, "version": 1582, "at": 1724634266.1157463}
{"obj": {"type": "LogStrings", "path": ["monitoring", "a9a755a4", "stdout"], "values": [{"value": "0.3627021412205412", "step": null, "ts": 1724634266.1157463}]}, "version": 1583, "at": 1724634266.1157463}
{"obj": {"type": "LogStrings", "path": ["monitoring", "a9a755a4", "stdout"], "values": [{"value": "\n", "step": null, "ts": 1724634266.1157463}]}, "version": 1584, "at": 1724634266.1157463}
{"obj": {"type": "LogStrings", "path": ["monitoring", "a9a755a4", "stdout"], "values": [{"value": "Drone2 moved with speed vector [3, 0, 0] with duration 2", "step": null, "ts": 1724634267.6025913}]}, "version": 1585, "at": 1724634267.6025913}
{"obj": {"type": "LogStrings", "path": ["monitoring", "a9a755a4", "stdout"], "values": [{"value": "\n", "step": null, "ts": 1724634267.6036031}]}, "version": 1586, "at": 1724634267.6036031}
{"obj": {"type": "LogStrings", "path": ["monitoring", "a9a755a4", "stdout"], "values": [{"value": "drone 2 ", "step": null, "ts": 1724634267.6036031}]}, "version": 1587, "at": 1724634267.6036031}
{"obj": {"type": "LogStrings", "path": ["monitoring", "a9a755a4", "stdout"], "values": [{"value": " ", "step": null, "ts": 1724634267.6036031}]}, "version": 1588, "at": 1724634267.6036031}
{"obj": {"type": "LogStrings", "path": ["monitoring", "a9a755a4", "stdout"], "values": [{"value": "(3, 2, 0)", "step": null, "ts": 1724634267.6036031}]}, "version": 1589, "at": 1724634267.6036031}
{"obj": {"type": "LogStrings", "path": ["monitoring", "a9a755a4", "stdout"], "values": [{"value": "\n", "step": null, "ts": 1724634267.6036031}]}, "version": 1590, "at": 1724634267.6036031}
{"obj": {"type": "LogStrings", "path": ["monitoring", "a9a755a4", "stdout"], "values": [{"value": "Drone1 moved with speed vector [0.2933083711730731, -1.2605693176282058, 0] with duration 2", "step": null, "ts": 1724634268.1316836}]}, "version": 1591, "at": 1724634268.1316836}
{"obj": {"type": "LogStrings", "path": ["monitoring", "a9a755a4", "stdout"], "values": [{"value": "\n", "step": null, "ts": 1724634268.1322653}]}, "version": 1592, "at": 1724634268.1322653}
{"obj": {"type": "LogStrings", "path": ["monitoring", "a9a755a4", "stdout"], "values": [{"value": "Collision detected for drone Drone1", "step": null, "ts": 1724634268.1322653}]}, "version": 1593, "at": 1724634268.1322653}
{"obj": {"type": "LogStrings", "path": ["monitoring", "a9a755a4", "stdout"], "values": [{"value": "\n", "step": null, "ts": 1724634268.1322653}]}, "version": 1594, "at": 1724634268.1322653}
{"obj": {"type": "LogStrings", "path": ["monitoring", "a9a755a4", "stdout"], "values": [{"value": "Nom de l'objet: beam_metal_window_divider_4x1129", "step": null, "ts": 1724634268.1322653}]}, "version": 1595, "at": 1724634268.1322653}
{"obj": {"type": "LogStrings", "path": ["monitoring", "a9a755a4", "stdout"], "values": [{"value": "\n", "step": null, "ts": 1724634268.1322653}]}, "version": 1596, "at": 1724634268.1322653}
{"obj": {"type": "LogStrings", "path": ["monitoring", "a9a755a4", "stdout"], "values": [{"value": "rc=-50 , rfov=0 , rd=1.0002339630861827 , rdir = 0.09246446609497071 , robs= 0 , r_v=0 , r_ang= -1.0584395788222911", "step": null, "ts": 1724634268.1332743}]}, "version": 1597, "at": 1724634268.1332743}
{"obj": {"type": "LogStrings", "path": ["monitoring", "a9a755a4", "stdout"], "values": [{"value": "\n", "step": null, "ts": 1724634268.1332743}]}, "version": 1598, "at": 1724634268.1332743}
{"obj": {"type": "LogStrings", "path": ["monitoring", "a9a755a4", "stdout"], "values": [{"value": "next state ", "step": null, "ts": 1724634268.1332743}]}, "version": 1599, "at": 1724634268.1342728}
{"obj": {"type": "LogStrings", "path": ["monitoring", "a9a755a4", "stdout"], "values": [{"value": " ", "step": null, "ts": 1724634268.1342728}]}, "version": 1600, "at": 1724634268.1342728}
{"obj": {"type": "LogStrings", "path": ["monitoring", "a9a755a4", "stdout"], "values": [{"value": "[0.0006734422718485196, 2.2105443922097272e-14, -0.03532110850016276, 0.0, 0.0, 0.00162027341624101, 0.10598483291485117, 0.10715464834576387, 0.00078125, 0.0010046768482820487, 0.000781249962747097, 0.0013950416188181184, 0.000781249962747097, 0.0010026307459230777, 14.623223304748535, 14.623223304748535, 14.623223304748535, 14.623223304748535, 14.623223304748535, 14.623223304748535, 14.623223304748535, 14.623223304748535, 14.623223304748535]", "step": null, "ts": 1724634268.1342728}]}, "version": 1601, "at": 1724634268.1342728}
{"obj": {"type": "LogStrings", "path": ["monitoring", "a9a755a4", "stdout"], "values": [{"value": "\n", "step": null, "ts": 1724634268.1342728}]}, "version": 1602, "at": 1724634268.1342728}
{"obj": {"type": "LogFloats", "path": ["monitoring", "a9a755a4", "cpu"], "values": [{"value": 11.0, "step": null, "ts": 1724634268.2934446}]}, "version": 1603, "at": 1724634268.3003733}
{"obj": {"type": "LogFloats", "path": ["monitoring", "a9a755a4", "memory"], "values": [{"value": 12.893180847167969, "step": null, "ts": 1724634268.2934446}]}, "version": 1604, "at": 1724634268.3003733}
{"obj": {"type": "LogFloats", "path": ["monitoring", "a9a755a4", "gpu"], "values": [{"value": 22.0, "step": null, "ts": 1724634268.2934446}]}, "version": 1605, "at": 1724634268.3003733}
{"obj": {"type": "LogFloats", "path": ["monitoring", "a9a755a4", "gpu_memory"], "values": [{"value": 1.1751136779785156, "step": null, "ts": 1724634268.2934446}]}, "version": 1606, "at": 1724634268.3003733}
{"obj": {"type": "LogFloats", "path": ["monitoring", "a9a755a4", "gpu_power"], "values": [{"value": 5.489, "step": null, "ts": 1724634268.2934446}]}, "version": 1607, "at": 1724634268.3003733}
{"obj": {"type": "LogStrings", "path": ["monitoring", "a9a755a4", "stdout"], "values": [{"value": "Drone2 moved with speed vector [3, 2, 0] with duration 2", "step": null, "ts": 1724634269.6206794}]}, "version": 1608, "at": 1724634269.6206794}
{"obj": {"type": "LogStrings", "path": ["monitoring", "a9a755a4", "stdout"], "values": [{"value": "\n", "step": null, "ts": 1724634269.6216843}]}, "version": 1609, "at": 1724634269.6216843}
{"obj": {"type": "LogStrings", "path": ["monitoring", "a9a755a4", "stdout"], "values": [{"value": "drone 2 ", "step": null, "ts": 1724634269.6225023}]}, "version": 1610, "at": 1724634269.6225023}
{"obj": {"type": "LogStrings", "path": ["monitoring", "a9a755a4", "stdout"], "values": [{"value": " ", "step": null, "ts": 1724634269.6225023}]}, "version": 1611, "at": 1724634269.6225023}
{"obj": {"type": "LogStrings", "path": ["monitoring", "a9a755a4", "stdout"], "values": [{"value": "(6, 0, 0)", "step": null, "ts": 1724634269.6225023}]}, "version": 1612, "at": 1724634269.6225023}
{"obj": {"type": "LogStrings", "path": ["monitoring", "a9a755a4", "stdout"], "values": [{"value": "\n", "step": null, "ts": 1724634269.6225023}]}, "version": 1613, "at": 1724634269.6225023}
{"obj": {"type": "LogStrings", "path": ["monitoring", "a9a755a4", "stdout"], "values": [{"value": "Drone2 moved with speed vector [6, 0, 0] with duration 2", "step": null, "ts": 1724634271.6484005}]}, "version": 1614, "at": 1724634271.6484005}
{"obj": {"type": "LogStrings", "path": ["monitoring", "a9a755a4", "stdout"], "values": [{"value": "\n", "step": null, "ts": 1724634271.6494172}]}, "version": 1615, "at": 1724634271.6494172}
{"obj": {"type": "LogStrings", "path": ["monitoring", "a9a755a4", "stdout"], "values": [{"value": "drone 2 ", "step": null, "ts": 1724634271.6494172}]}, "version": 1616, "at": 1724634271.6494172}
{"obj": {"type": "LogStrings", "path": ["monitoring", "a9a755a4", "stdout"], "values": [{"value": " ", "step": null, "ts": 1724634271.6494172}]}, "version": 1617, "at": 1724634271.6494172}
{"obj": {"type": "LogStrings", "path": ["monitoring", "a9a755a4", "stdout"], "values": [{"value": "(6, -4, 0)", "step": null, "ts": 1724634271.6494172}]}, "version": 1618, "at": 1724634271.6494172}
{"obj": {"type": "LogStrings", "path": ["monitoring", "a9a755a4", "stdout"], "values": [{"value": "\n", "step": null, "ts": 1724634271.6494172}]}, "version": 1619, "at": 1724634271.6494172}
{"obj": {"type": "LogStrings", "path": ["monitoring", "a9a755a4", "stdout"], "values": [{"value": "Drone2 moved with speed vector [6, -4, 0] with duration 2", "step": null, "ts": 1724634273.6673615}]}, "version": 1620, "at": 1724634273.6673615}
{"obj": {"type": "LogStrings", "path": ["monitoring", "a9a755a4", "stdout"], "values": [{"value": "\n", "step": null, "ts": 1724634273.6673615}]}, "version": 1621, "at": 1724634273.6673615}
{"obj": {"type": "LogStrings", "path": ["monitoring", "a9a755a4", "stdout"], "values": [{"value": "drone 2 ", "step": null, "ts": 1724634273.6682982}]}, "version": 1622, "at": 1724634273.6682982}
{"obj": {"type": "LogStrings", "path": ["monitoring", "a9a755a4", "stdout"], "values": [{"value": " ", "step": null, "ts": 1724634273.6682982}]}, "version": 1623, "at": 1724634273.6682982}
{"obj": {"type": "LogStrings", "path": ["monitoring", "a9a755a4", "stdout"], "values": [{"value": "(12, 0, 0)", "step": null, "ts": 1724634273.6682982}]}, "version": 1624, "at": 1724634273.6682982}
{"obj": {"type": "LogStrings", "path": ["monitoring", "a9a755a4", "stdout"], "values": [{"value": "\n", "step": null, "ts": 1724634273.6682982}]}, "version": 1625, "at": 1724634273.6682982}
{"obj": {"type": "LogStrings", "path": ["monitoring", "a9a755a4", "stdout"], "values": [{"value": "Drone2 moved with speed vector [12, 0, 0] with duration 2", "step": null, "ts": 1724634275.6855302}]}, "version": 1626, "at": 1724634275.6855302}
{"obj": {"type": "LogStrings", "path": ["monitoring", "a9a755a4", "stdout"], "values": [{"value": "\n", "step": null, "ts": 1724634275.686528}]}, "version": 1627, "at": 1724634275.686528}
{"obj": {"type": "LogStrings", "path": ["monitoring", "a9a755a4", "stdout"], "values": [{"value": "drone 2 ", "step": null, "ts": 1724634275.686528}]}, "version": 1628, "at": 1724634275.686528}
{"obj": {"type": "LogStrings", "path": ["monitoring", "a9a755a4", "stdout"], "values": [{"value": " ", "step": null, "ts": 1724634275.6875253}]}, "version": 1629, "at": 1724634275.6875253}
{"obj": {"type": "LogStrings", "path": ["monitoring", "a9a755a4", "stdout"], "values": [{"value": "(3, 2, 0)", "step": null, "ts": 1724634275.6875253}]}, "version": 1630, "at": 1724634275.6875253}
{"obj": {"type": "LogStrings", "path": ["monitoring", "a9a755a4", "stdout"], "values": [{"value": "\n", "step": null, "ts": 1724634275.6875253}]}, "version": 1631, "at": 1724634275.6875253}
{"obj": {"type": "LogStrings", "path": ["monitoring", "a9a755a4", "stdout"], "values": [{"value": "Drone2 moved with speed vector [3, 2, 0] with duration 2", "step": null, "ts": 1724634277.7033267}]}, "version": 1632, "at": 1724634277.7033267}
{"obj": {"type": "LogStrings", "path": ["monitoring", "a9a755a4", "stdout"], "values": [{"value": "\n", "step": null, "ts": 1724634277.7033267}]}, "version": 1633, "at": 1724634277.7033267}
{"obj": {"type": "LogStrings", "path": ["monitoring", "a9a755a4", "stdout"], "values": [{"value": "drone 2 ", "step": null, "ts": 1724634277.7033267}]}, "version": 1634, "at": 1724634277.7033267}
{"obj": {"type": "LogStrings", "path": ["monitoring", "a9a755a4", "stdout"], "values": [{"value": " ", "step": null, "ts": 1724634277.704343}]}, "version": 1635, "at": 1724634277.704343}
{"obj": {"type": "LogStrings", "path": ["monitoring", "a9a755a4", "stdout"], "values": [{"value": "(6, 0, 0)", "step": null, "ts": 1724634277.704343}]}, "version": 1636, "at": 1724634277.704343}
{"obj": {"type": "LogStrings", "path": ["monitoring", "a9a755a4", "stdout"], "values": [{"value": "\n", "step": null, "ts": 1724634277.704343}]}, "version": 1637, "at": 1724634277.704343}
{"obj": {"type": "LogFloats", "path": ["monitoring", "a9a755a4", "cpu"], "values": [{"value": 8.6, "step": null, "ts": 1724634278.3078547}]}, "version": 1638, "at": 1724634278.3154418}
{"obj": {"type": "LogFloats", "path": ["monitoring", "a9a755a4", "memory"], "values": [{"value": 12.893928527832031, "step": null, "ts": 1724634278.3078547}]}, "version": 1639, "at": 1724634278.3154418}
{"obj": {"type": "LogFloats", "path": ["monitoring", "a9a755a4", "gpu"], "values": [{"value": 5.0, "step": null, "ts": 1724634278.3078547}]}, "version": 1640, "at": 1724634278.3154418}
{"obj": {"type": "LogFloats", "path": ["monitoring", "a9a755a4", "gpu_memory"], "values": [{"value": 1.1741981506347656, "step": null, "ts": 1724634278.3078547}]}, "version": 1641, "at": 1724634278.3154418}
{"obj": {"type": "LogFloats", "path": ["monitoring", "a9a755a4", "gpu_power"], "values": [{"value": 6.972, "step": null, "ts": 1724634278.3078547}]}, "version": 1642, "at": 1724634278.3154418}
{"obj": {"type": "LogStrings", "path": ["monitoring", "a9a755a4", "stdout"], "values": [{"value": "Drone2 moved with speed vector [6, 0, 0] with duration 2", "step": null, "ts": 1724634279.720233}]}, "version": 1643, "at": 1724634279.720233}
{"obj": {"type": "LogStrings", "path": ["monitoring", "a9a755a4", "stdout"], "values": [{"value": "\n", "step": null, "ts": 1724634279.720233}]}, "version": 1644, "at": 1724634279.720233}
{"obj": {"type": "LogStrings", "path": ["monitoring", "a9a755a4", "stdout"], "values": [{"value": "drone 2 ", "step": null, "ts": 1724634279.720233}]}, "version": 1645, "at": 1724634279.720233}
{"obj": {"type": "LogStrings", "path": ["monitoring", "a9a755a4", "stdout"], "values": [{"value": " ", "step": null, "ts": 1724634279.720233}]}, "version": 1646, "at": 1724634279.720233}
{"obj": {"type": "LogStrings", "path": ["monitoring", "a9a755a4", "stdout"], "values": [{"value": "(6, -4, 0)", "step": null, "ts": 1724634279.720233}]}, "version": 1647, "at": 1724634279.720233}
{"obj": {"type": "LogStrings", "path": ["monitoring", "a9a755a4", "stdout"], "values": [{"value": "\n", "step": null, "ts": 1724634279.720233}]}, "version": 1648, "at": 1724634279.720233}
{"obj": {"type": "LogStrings", "path": ["monitoring", "a9a755a4", "stdout"], "values": [{"value": "Drone2 moved with speed vector [6, -4, 0] with duration 2", "step": null, "ts": 1724634281.737987}]}, "version": 1649, "at": 1724634281.737987}
{"obj": {"type": "LogStrings", "path": ["monitoring", "a9a755a4", "stdout"], "values": [{"value": "\n", "step": null, "ts": 1724634281.7389884}]}, "version": 1650, "at": 1724634281.7389884}
{"obj": {"type": "LogStrings", "path": ["monitoring", "a9a755a4", "stdout"], "values": [{"value": "drone 2 ", "step": null, "ts": 1724634281.7389884}]}, "version": 1651, "at": 1724634281.7389884}
{"obj": {"type": "LogStrings", "path": ["monitoring", "a9a755a4", "stdout"], "values": [{"value": " ", "step": null, "ts": 1724634281.7389884}]}, "version": 1652, "at": 1724634281.7389884}
{"obj": {"type": "LogStrings", "path": ["monitoring", "a9a755a4", "stdout"], "values": [{"value": "(9, 0, 0)", "step": null, "ts": 1724634281.7389884}]}, "version": 1653, "at": 1724634281.7389884}
{"obj": {"type": "LogStrings", "path": ["monitoring", "a9a755a4", "stdout"], "values": [{"value": "\n", "step": null, "ts": 1724634281.7389884}]}, "version": 1654, "at": 1724634281.7389884}
{"obj": {"type": "LogStrings", "path": ["monitoring", "a9a755a4", "stdout"], "values": [{"value": "Drone2 moved with speed vector [9, 0, 0] with duration 2", "step": null, "ts": 1724634283.760126}]}, "version": 1655, "at": 1724634283.760126}
{"obj": {"type": "LogStrings", "path": ["monitoring", "a9a755a4", "stdout"], "values": [{"value": "\n", "step": null, "ts": 1724634283.760126}]}, "version": 1656, "at": 1724634283.761631}
{"obj": {"type": "LogStrings", "path": ["monitoring", "a9a755a4", "stdout"], "values": [{"value": "drone 2 ", "step": null, "ts": 1724634283.761631}]}, "version": 1657, "at": 1724634283.761631}
{"obj": {"type": "LogStrings", "path": ["monitoring", "a9a755a4", "stdout"], "values": [{"value": " ", "step": null, "ts": 1724634283.761631}]}, "version": 1658, "at": 1724634283.761631}
{"obj": {"type": "LogStrings", "path": ["monitoring", "a9a755a4", "stdout"], "values": [{"value": "(0, 0, 0)", "step": null, "ts": 1724634283.761631}]}, "version": 1659, "at": 1724634283.761631}
{"obj": {"type": "LogStrings", "path": ["monitoring", "a9a755a4", "stdout"], "values": [{"value": "\n", "step": null, "ts": 1724634283.761631}]}, "version": 1660, "at": 1724634283.761631}
{"obj": {"type": "LogStrings", "path": ["monitoring", "a9a755a4", "stdout"], "values": [{"value": "Drone2 moved with speed vector [0, 0, 0] with duration 2", "step": null, "ts": 1724634285.7834158}]}, "version": 1661, "at": 1724634285.7834158}
{"obj": {"type": "LogStrings", "path": ["monitoring", "a9a755a4", "stdout"], "values": [{"value": "\n", "step": null, "ts": 1724634285.7834158}]}, "version": 1662, "at": 1724634285.7838817}
{"obj": {"type": "LogStrings", "path": ["monitoring", "a9a755a4", "stdout"], "values": [{"value": "after thread target ", "step": null, "ts": 1724634285.7838817}]}, "version": 1663, "at": 1724634285.7838817}
{"obj": {"type": "LogStrings", "path": ["monitoring", "a9a755a4", "stdout"], "values": [{"value": " ", "step": null, "ts": 1724634285.7838817}]}, "version": 1664, "at": 1724634285.7838817}
{"obj": {"type": "LogStrings", "path": ["monitoring", "a9a755a4", "stdout"], "values": [{"value": "1", "step": null, "ts": 1724634285.7838817}]}, "version": 1665, "at": 1724634285.7838817}
{"obj": {"type": "LogStrings", "path": ["monitoring", "a9a755a4", "stdout"], "values": [{"value": "\n", "step": null, "ts": 1724634285.7838817}]}, "version": 1666, "at": 1724634285.7838817}
{"obj": {"type": "LogStrings", "path": ["monitoring", "a9a755a4", "stdout"], "values": [{"value": "after thread drone ", "step": null, "ts": 1724634285.7838817}]}, "version": 1667, "at": 1724634285.7838817}
{"obj": {"type": "LogStrings", "path": ["monitoring", "a9a755a4", "stdout"], "values": [{"value": " ", "step": null, "ts": 1724634285.7838817}]}, "version": 1668, "at": 1724634285.7838817}
{"obj": {"type": "LogStrings", "path": ["monitoring", "a9a755a4", "stdout"], "values": [{"value": "1", "step": null, "ts": 1724634285.7838817}]}, "version": 1669, "at": 1724634285.7838817}
{"obj": {"type": "LogStrings", "path": ["monitoring", "a9a755a4", "stdout"], "values": [{"value": "\n", "step": null, "ts": 1724634285.7838817}]}, "version": 1670, "at": 1724634285.7838817}
{"obj": {"type": "LogStrings", "path": ["monitoring", "a9a755a4", "stdout"], "values": [{"value": "episode ", "step": null, "ts": 1724634285.7838817}]}, "version": 1671, "at": 1724634285.7838817}
{"obj": {"type": "LogStrings", "path": ["monitoring", "a9a755a4", "stdout"], "values": [{"value": " ", "step": null, "ts": 1724634285.7838817}]}, "version": 1672, "at": 1724634285.7838817}
{"obj": {"type": "LogStrings", "path": ["monitoring", "a9a755a4", "stdout"], "values": [{"value": "8", "step": null, "ts": 1724634285.7848868}]}, "version": 1673, "at": 1724634285.7848868}
{"obj": {"type": "LogStrings", "path": ["monitoring", "a9a755a4", "stdout"], "values": [{"value": " ", "step": null, "ts": 1724634285.7848868}]}, "version": 1674, "at": 1724634285.7848868}
{"obj": {"type": "LogStrings", "path": ["monitoring", "a9a755a4", "stdout"], "values": [{"value": "score -50.0", "step": null, "ts": 1724634285.7848868}]}, "version": 1675, "at": 1724634285.7848868}
{"obj": {"type": "LogStrings", "path": ["monitoring", "a9a755a4", "stdout"], "values": [{"value": "\n", "step": null, "ts": 1724634285.7848868}]}, "version": 1676, "at": 1724634285.7848868}
{"obj": {"type": "LogFloats", "path": ["reward"], "values": [{"value": -49.96574114964113, "step": null, "ts": 1724634285.7848868}]}, "version": 1677, "at": 1724634285.7848868}
{"obj": {"type": "LogFloats", "path": ["epsilon"], "values": [{"value": 0.9849682858433184, "step": null, "ts": 1724634285.7848868}]}, "version": 1678, "at": 1724634285.7848868}
{"obj": {"type": "LogStrings", "path": ["monitoring", "a9a755a4", "stdout"], "values": [{"value": "episode ", "step": null, "ts": 1724634285.7848868}]}, "version": 1679, "at": 1724634285.7848868}
{"obj": {"type": "LogStrings", "path": ["monitoring", "a9a755a4", "stdout"], "values": [{"value": " ", "step": null, "ts": 1724634285.7848868}]}, "version": 1680, "at": 1724634285.7848868}
{"obj": {"type": "LogStrings", "path": ["monitoring", "a9a755a4", "stdout"], "values": [{"value": "9", "step": null, "ts": 1724634285.7859101}]}, "version": 1681, "at": 1724634285.7859101}
{"obj": {"type": "LogStrings", "path": ["monitoring", "a9a755a4", "stdout"], "values": [{"value": "\n", "step": null, "ts": 1724634285.7859101}]}, "version": 1682, "at": 1724634285.7859101}
{"obj": {"type": "LogStrings", "path": ["monitoring", "a9a755a4", "stdout"], "values": [{"value": "reset", "step": null, "ts": 1724634285.7859101}]}, "version": 1683, "at": 1724634285.7859101}
{"obj": {"type": "LogStrings", "path": ["monitoring", "a9a755a4", "stdout"], "values": [{"value": "\n", "step": null, "ts": 1724634285.7859101}]}, "version": 1684, "at": 1724634285.7859101}
{"obj": {"type": "LogStrings", "path": ["monitoring", "a9a755a4", "stdout"], "values": [{"value": "Found 0 cylinders in image", "step": null, "ts": 1724634286.5823498}]}, "version": 1685, "at": 1724634286.5823498}
{"obj": {"type": "LogStrings", "path": ["monitoring", "a9a755a4", "stdout"], "values": [{"value": "\n", "step": null, "ts": 1724634286.5823498}]}, "version": 1686, "at": 1724634286.5828567}
{"obj": {"type": "LogFloats", "path": ["monitoring", "a9a755a4", "cpu"], "values": [{"value": 11.2, "step": null, "ts": 1724634288.3232105}]}, "version": 1687, "at": 1724634288.331406}
{"obj": {"type": "LogFloats", "path": ["monitoring", "a9a755a4", "memory"], "values": [{"value": 12.789905548095703, "step": null, "ts": 1724634288.3232105}]}, "version": 1688, "at": 1724634288.331406}
{"obj": {"type": "LogFloats", "path": ["monitoring", "a9a755a4", "gpu_memory"], "values": [{"value": 1.1751136779785156, "step": null, "ts": 1724634288.3232105}]}, "version": 1689, "at": 1724634288.331406}
{"obj": {"type": "LogFloats", "path": ["monitoring", "a9a755a4", "gpu_power"], "values": [{"value": 5.817, "step": null, "ts": 1724634288.3232105}]}, "version": 1690, "at": 1724634288.331406}
{"obj": {"type": "LogStrings", "path": ["monitoring", "a9a755a4", "stdout"], "values": [{"value": "Drone1 moved with speed vector [1, 0, 0] with duration 2", "step": null, "ts": 1724634295.4652598}]}, "version": 1691, "at": 1724634295.4652598}
{"obj": {"type": "LogStrings", "path": ["monitoring", "a9a755a4", "stdout"], "values": [{"value": "\n", "step": null, "ts": 1724634295.4652598}]}, "version": 1692, "at": 1724634295.4652598}
{"obj": {"type": "LogStrings", "path": ["monitoring", "a9a755a4", "stdout"], "values": [{"value": "before threads ", "step": null, "ts": 1724634295.4652598}]}, "version": 1693, "at": 1724634295.4662585}
{"obj": {"type": "LogStrings", "path": ["monitoring", "a9a755a4", "stdout"], "values": [{"value": " ", "step": null, "ts": 1724634295.4662585}]}, "version": 1694, "at": 1724634295.4662585}
{"obj": {"type": "LogStrings", "path": ["monitoring", "a9a755a4", "stdout"], "values": [{"value": "0", "step": null, "ts": 1724634295.4662585}]}, "version": 1695, "at": 1724634295.4662585}
{"obj": {"type": "LogStrings", "path": ["monitoring", "a9a755a4", "stdout"], "values": [{"value": "\n", "step": null, "ts": 1724634295.4662585}]}, "version": 1696, "at": 1724634295.4662585}
{"obj": {"type": "LogStrings", "path": ["monitoring", "a9a755a4", "stdout"], "values": [{"value": "drone 2 ", "step": null, "ts": 1724634295.4662585}]}, "version": 1697, "at": 1724634295.4662585}
{"obj": {"type": "LogStrings", "path": ["monitoring", "a9a755a4", "stdout"], "values": [{"value": " ", "step": null, "ts": 1724634295.4672558}]}, "version": 1698, "at": 1724634295.4672558}
{"obj": {"type": "LogStrings", "path": ["monitoring", "a9a755a4", "stdout"], "values": [{"value": "(3, 0, 0)", "step": null, "ts": 1724634295.4682605}]}, "version": 1699, "at": 1724634295.4682605}
{"obj": {"type": "LogStrings", "path": ["monitoring", "a9a755a4", "stdout"], "values": [{"value": "\n", "step": null, "ts": 1724634295.4682605}]}, "version": 1700, "at": 1724634295.4682605}
{"obj": {"type": "LogStrings", "path": ["monitoring", "a9a755a4", "stdout"], "values": [{"value": "action ", "step": null, "ts": 1724634295.4682605}]}, "version": 1701, "at": 1724634295.4682605}
{"obj": {"type": "LogStrings", "path": ["monitoring", "a9a755a4", "stdout"], "values": [{"value": " ", "step": null, "ts": 1724634295.4682605}]}, "version": 1702, "at": 1724634295.4682605}
{"obj": {"type": "LogStrings", "path": ["monitoring", "a9a755a4", "stdout"], "values": [{"value": "30", "step": null, "ts": 1724634295.4682605}]}, "version": 1703, "at": 1724634295.4682605}
{"obj": {"type": "LogStrings", "path": ["monitoring", "a9a755a4", "stdout"], "values": [{"value": "\n", "step": null, "ts": 1724634295.4682605}]}, "version": 1704, "at": 1724634295.4682605}
{"obj": {"type": "LogStrings", "path": ["monitoring", "a9a755a4", "stdout"], "values": [{"value": "Found 1 cylinders in image", "step": null, "ts": 1724634295.9975889}]}, "version": 1705, "at": 1724634295.9975889}
{"obj": {"type": "LogStrings", "path": ["monitoring", "a9a755a4", "stdout"], "values": [{"value": "\n", "step": null, "ts": 1724634295.9985905}]}, "version": 1706, "at": 1724634295.9985905}
{"obj": {"type": "LogStrings", "path": ["monitoring", "a9a755a4", "stdout"], "values": [{"value": "quad_offset = ", "step": null, "ts": 1724634296.0031128}]}, "version": 1707, "at": 1724634296.0031128}
{"obj": {"type": "LogStrings", "path": ["monitoring", "a9a755a4", "stdout"], "values": [{"value": " ", "step": null, "ts": 1724634296.0031128}]}, "version": 1708, "at": 1724634296.0031128}
{"obj": {"type": "LogStrings", "path": ["monitoring", "a9a755a4", "stdout"], "values": [{"value": "[-1.0, -30.0, 1]", "step": null, "ts": 1724634296.0031128}]}, "version": 1709, "at": 1724634296.0031128}
{"obj": {"type": "LogStrings", "path": ["monitoring", "a9a755a4", "stdout"], "values": [{"value": "\n", "step": null, "ts": 1724634296.003902}]}, "version": 1710, "at": 1724634296.003902}
{"obj": {"type": "LogStrings", "path": ["monitoring", "a9a755a4", "stdout"], "values": [{"value": "a_vp = ", "step": null, "ts": 1724634296.003902}]}, "version": 1711, "at": 1724634296.003902}
{"obj": {"type": "LogStrings", "path": ["monitoring", "a9a755a4", "stdout"], "values": [{"value": " ", "step": null, "ts": 1724634296.003902}]}, "version": 1712, "at": 1724634296.003902}
{"obj": {"type": "LogStrings", "path": ["monitoring", "a9a755a4", "stdout"], "values": [{"value": "-1.667911739506834", "step": null, "ts": 1724634296.0041232}]}, "version": 1713, "at": 1724634296.0041232}
{"obj": {"type": "LogStrings", "path": ["monitoring", "a9a755a4", "stdout"], "values": [{"value": "\n", "step": null, "ts": 1724634296.0041232}]}, "version": 1714, "at": 1724634296.0041232}
{"obj": {"type": "LogStrings", "path": ["monitoring", "a9a755a4", "stdout"], "values": [{"value": "new_x = ", "step": null, "ts": 1724634296.0041232}]}, "version": 1715, "at": 1724634296.0041232}
{"obj": {"type": "LogStrings", "path": ["monitoring", "a9a755a4", "stdout"], "values": [{"value": " ", "step": null, "ts": 1724634296.0041232}]}, "version": 1716, "at": 1724634296.0041232}
{"obj": {"type": "LogStrings", "path": ["monitoring", "a9a755a4", "stdout"], "values": [{"value": "0.05781604009607241", "step": null, "ts": 1724634296.0041232}]}, "version": 1717, "at": 1724634296.0051255}
{"obj": {"type": "LogStrings", "path": ["monitoring", "a9a755a4", "stdout"], "values": [{"value": "\n", "step": null, "ts": 1724634296.0051255}]}, "version": 1718, "at": 1724634296.0051255}
{"obj": {"type": "LogStrings", "path": ["monitoring", "a9a755a4", "stdout"], "values": [{"value": "new_y = ", "step": null, "ts": 1724634296.0051255}]}, "version": 1719, "at": 1724634296.0051255}
{"obj": {"type": "LogStrings", "path": ["monitoring", "a9a755a4", "stdout"], "values": [{"value": " ", "step": null, "ts": 1724634296.0051255}]}, "version": 1720, "at": 1724634296.0051255}
{"obj": {"type": "LogStrings", "path": ["monitoring", "a9a755a4", "stdout"], "values": [{"value": "0.37033088617074245", "step": null, "ts": 1724634296.0051255}]}, "version": 1721, "at": 1724634296.0051255}
{"obj": {"type": "LogStrings", "path": ["monitoring", "a9a755a4", "stdout"], "values": [{"value": "\n", "step": null, "ts": 1724634296.0051255}]}, "version": 1722, "at": 1724634296.0051255}
{"obj": {"type": "LogStrings", "path": ["monitoring", "a9a755a4", "stdout"], "values": [{"value": "Drone1 moved with speed vector [-0.09643205200803699, -0.6176792325461503, 0] with duration 1", "step": null, "ts": 1724634297.0112262}]}, "version": 1723, "at": 1724634297.0112262}
{"obj": {"type": "LogStrings", "path": ["monitoring", "a9a755a4", "stdout"], "values": [{"value": "\n", "step": null, "ts": 1724634297.0124557}]}, "version": 1724, "at": 1724634297.0124557}
{"obj": {"type": "LogStrings", "path": ["monitoring", "a9a755a4", "stdout"], "values": [{"value": "Collision detected for drone Drone1", "step": null, "ts": 1724634297.0134666}]}, "version": 1725, "at": 1724634297.0134666}
{"obj": {"type": "LogStrings", "path": ["monitoring", "a9a755a4", "stdout"], "values": [{"value": "\n", "step": null, "ts": 1724634297.0136268}]}, "version": 1726, "at": 1724634297.0136268}
{"obj": {"type": "LogStrings", "path": ["monitoring", "a9a755a4", "stdout"], "values": [{"value": "Nom de l'objet: beam_metal_window_divider_4x1129", "step": null, "ts": 1724634297.0136268}]}, "version": 1727, "at": 1724634297.0136268}
{"obj": {"type": "LogStrings", "path": ["monitoring", "a9a755a4", "stdout"], "values": [{"value": "\n", "step": null, "ts": 1724634297.0136268}]}, "version": 1728, "at": 1724634297.0136268}
{"obj": {"type": "LogStrings", "path": ["monitoring", "a9a755a4", "stdout"], "values": [{"value": "rc=-50 , rfov=0 , rd=1.0 , rdir = 0.09246446609497071 , robs= 0 , r_v=-0.013830897543072096 , r_ang= -1.0584377418947621", "step": null, "ts": 1724634297.014462}]}, "version": 1729, "at": 1724634297.014462}
{"obj": {"type": "LogStrings", "path": ["monitoring", "a9a755a4", "stdout"], "values": [{"value": "\n", "step": null, "ts": 1724634297.014462}]}, "version": 1730, "at": 1724634297.014462}
{"obj": {"type": "LogStrings", "path": ["monitoring", "a9a755a4", "stdout"], "values": [{"value": "next state ", "step": null, "ts": 1724634297.014462}]}, "version": 1731, "at": 1724634297.014462}
{"obj": {"type": "LogStrings", "path": ["monitoring", "a9a755a4", "stdout"], "values": [{"value": " ", "step": null, "ts": 1724634297.0154648}]}, "version": 1732, "at": 1724634297.0154648}
{"obj": {"type": "LogStrings", "path": ["monitoring", "a9a755a4", "stdout"], "values": [{"value": "[0.0006827219078938166, 1.704281247377759e-13, -0.03532058000564575, 0.0, 0.0, 0.0016207172224919002, 0.10599376129044914, -1, 0.000781249962747097, 0.0010049367245332694, -1, -1, 0.00078125, 0.0010046768482820487, 14.623223304748535, 14.623223304748535, 14.623223304748535, 14.623223304748535, 14.623223304748535, 14.623223304748535, 14.623223304748535, 14.623223304748535, 14.623223304748535]", "step": null, "ts": 1724634297.0154648}]}, "version": 1733, "at": 1724634297.0154648}
{"obj": {"type": "LogStrings", "path": ["monitoring", "a9a755a4", "stdout"], "values": [{"value": "\n", "step": null, "ts": 1724634297.0154648}]}, "version": 1734, "at": 1724634297.0154648}
{"obj": {"type": "LogStrings", "path": ["monitoring", "a9a755a4", "stdout"], "values": [{"value": "Drone2 moved with speed vector [3, 0, 0] with duration 2", "step": null, "ts": 1724634297.4863513}]}, "version": 1735, "at": 1724634297.4863513}
{"obj": {"type": "LogStrings", "path": ["monitoring", "a9a755a4", "stdout"], "values": [{"value": "\n", "step": null, "ts": 1724634297.4863513}]}, "version": 1736, "at": 1724634297.4863513}
{"obj": {"type": "LogStrings", "path": ["monitoring", "a9a755a4", "stdout"], "values": [{"value": "drone 2 ", "step": null, "ts": 1724634297.4863513}]}, "version": 1737, "at": 1724634297.4863513}
{"obj": {"type": "LogStrings", "path": ["monitoring", "a9a755a4", "stdout"], "values": [{"value": " ", "step": null, "ts": 1724634297.4873917}]}, "version": 1738, "at": 1724634297.4873917}
{"obj": {"type": "LogStrings", "path": ["monitoring", "a9a755a4", "stdout"], "values": [{"value": "(3, 2, 0)", "step": null, "ts": 1724634297.4873917}]}, "version": 1739, "at": 1724634297.4873917}
{"obj": {"type": "LogStrings", "path": ["monitoring", "a9a755a4", "stdout"], "values": [{"value": "\n", "step": null, "ts": 1724634297.4873917}]}, "version": 1740, "at": 1724634297.4873917}
{"obj": {"type": "LogFloats", "path": ["monitoring", "a9a755a4", "cpu"], "values": [{"value": 10.5, "step": null, "ts": 1724634298.3357038}]}, "version": 1741, "at": 1724634298.3487284}
{"obj": {"type": "LogFloats", "path": ["monitoring", "a9a755a4", "memory"], "values": [{"value": 12.800788879394531, "step": null, "ts": 1724634298.3357038}]}, "version": 1742, "at": 1724634298.3487284}
{"obj": {"type": "LogFloats", "path": ["monitoring", "a9a755a4", "gpu"], "values": [{"value": 22.0, "step": null, "ts": 1724634298.3357038}]}, "version": 1743, "at": 1724634298.3487284}
{"obj": {"type": "LogFloats", "path": ["monitoring", "a9a755a4", "gpu_memory"], "values": [{"value": 1.1751136779785156, "step": null, "ts": 1724634298.3357038}]}, "version": 1744, "at": 1724634298.3487284}
{"obj": {"type": "LogFloats", "path": ["monitoring", "a9a755a4", "gpu_power"], "values": [{"value": 5.212, "step": null, "ts": 1724634298.3357038}]}, "version": 1745, "at": 1724634298.3487284}
{"obj": {"type": "LogStrings", "path": ["monitoring", "a9a755a4", "stdout"], "values": [{"value": "Drone2 moved with speed vector [3, 2, 0] with duration 2", "step": null, "ts": 1724634299.5150414}]}, "version": 1746, "at": 1724634299.5150414}
{"obj": {"type": "LogStrings", "path": ["monitoring", "a9a755a4", "stdout"], "values": [{"value": "\n", "step": null, "ts": 1724634299.5150414}]}, "version": 1747, "at": 1724634299.5150414}
{"obj": {"type": "LogStrings", "path": ["monitoring", "a9a755a4", "stdout"], "values": [{"value": "drone 2 ", "step": null, "ts": 1724634299.5150414}]}, "version": 1748, "at": 1724634299.5150414}
{"obj": {"type": "LogStrings", "path": ["monitoring", "a9a755a4", "stdout"], "values": [{"value": " ", "step": null, "ts": 1724634299.5160432}]}, "version": 1749, "at": 1724634299.5160432}
{"obj": {"type": "LogStrings", "path": ["monitoring", "a9a755a4", "stdout"], "values": [{"value": "(6, 0, 0)", "step": null, "ts": 1724634299.5160432}]}, "version": 1750, "at": 1724634299.5160432}
{"obj": {"type": "LogStrings", "path": ["monitoring", "a9a755a4", "stdout"], "values": [{"value": "\n", "step": null, "ts": 1724634299.5160432}]}, "version": 1751, "at": 1724634299.5160432}
{"obj": {"type": "LogStrings", "path": ["monitoring", "a9a755a4", "stdout"], "values": [{"value": "Drone2 moved with speed vector [6, 0, 0] with duration 2", "step": null, "ts": 1724634301.5833738}]}, "version": 1752, "at": 1724634301.5833738}
{"obj": {"type": "LogStrings", "path": ["monitoring", "a9a755a4", "stdout"], "values": [{"value": "\n", "step": null, "ts": 1724634301.5843718}]}, "version": 1753, "at": 1724634301.5843718}
{"obj": {"type": "LogStrings", "path": ["monitoring", "a9a755a4", "stdout"], "values": [{"value": "drone 2 ", "step": null, "ts": 1724634301.5843718}]}, "version": 1754, "at": 1724634301.5843718}
{"obj": {"type": "LogStrings", "path": ["monitoring", "a9a755a4", "stdout"], "values": [{"value": " ", "step": null, "ts": 1724634301.5843718}]}, "version": 1755, "at": 1724634301.5843718}
{"obj": {"type": "LogStrings", "path": ["monitoring", "a9a755a4", "stdout"], "values": [{"value": "(6, -4, 0)", "step": null, "ts": 1724634301.5853732}]}, "version": 1756, "at": 1724634301.5853732}
{"obj": {"type": "LogStrings", "path": ["monitoring", "a9a755a4", "stdout"], "values": [{"value": "\n", "step": null, "ts": 1724634301.5853732}]}, "version": 1757, "at": 1724634301.5853732}
{"obj": {"type": "LogStrings", "path": ["monitoring", "a9a755a4", "stdout"], "values": [{"value": "Drone2 moved with speed vector [6, -4, 0] with duration 2", "step": null, "ts": 1724634303.6399658}]}, "version": 1758, "at": 1724634303.6399658}
{"obj": {"type": "LogStrings", "path": ["monitoring", "a9a755a4", "stdout"], "values": [{"value": "\n", "step": null, "ts": 1724634303.6399658}]}, "version": 1759, "at": 1724634303.6399658}
{"obj": {"type": "LogStrings", "path": ["monitoring", "a9a755a4", "stdout"], "values": [{"value": "drone 2 ", "step": null, "ts": 1724634303.6399658}]}, "version": 1760, "at": 1724634303.6399658}
{"obj": {"type": "LogStrings", "path": ["monitoring", "a9a755a4", "stdout"], "values": [{"value": " ", "step": null, "ts": 1724634303.6414707}]}, "version": 1761, "at": 1724634303.6414707}
{"obj": {"type": "LogStrings", "path": ["monitoring", "a9a755a4", "stdout"], "values": [{"value": "(12, 0, 0)", "step": null, "ts": 1724634303.6414707}]}, "version": 1762, "at": 1724634303.6414707}
{"obj": {"type": "LogStrings", "path": ["monitoring", "a9a755a4", "stdout"], "values": [{"value": "\n", "step": null, "ts": 1724634303.6414707}]}, "version": 1763, "at": 1724634303.6414707}
{"obj": {"type": "LogStrings", "path": ["monitoring", "a9a755a4", "stdout"], "values": [{"value": "Drone2 moved with speed vector [12, 0, 0] with duration 2", "step": null, "ts": 1724634305.6883717}]}, "version": 1764, "at": 1724634305.6883717}
{"obj": {"type": "LogStrings", "path": ["monitoring", "a9a755a4", "stdout"], "values": [{"value": "\n", "step": null, "ts": 1724634305.6893723}]}, "version": 1765, "at": 1724634305.6893723}
{"obj": {"type": "LogStrings", "path": ["monitoring", "a9a755a4", "stdout"], "values": [{"value": "drone 2 ", "step": null, "ts": 1724634305.6893723}]}, "version": 1766, "at": 1724634305.6893723}
{"obj": {"type": "LogStrings", "path": ["monitoring", "a9a755a4", "stdout"], "values": [{"value": " ", "step": null, "ts": 1724634305.6893723}]}, "version": 1767, "at": 1724634305.6893723}
{"obj": {"type": "LogStrings", "path": ["monitoring", "a9a755a4", "stdout"], "values": [{"value": "(3, 2, 0)", "step": null, "ts": 1724634305.6903908}]}, "version": 1768, "at": 1724634305.6903908}
{"obj": {"type": "LogStrings", "path": ["monitoring", "a9a755a4", "stdout"], "values": [{"value": "\n", "step": null, "ts": 1724634305.6913717}]}, "version": 1769, "at": 1724634305.6913717}
{"obj": {"type": "LogStrings", "path": ["monitoring", "a9a755a4", "stdout"], "values": [{"value": "Drone2 moved with speed vector [3, 2, 0] with duration 2", "step": null, "ts": 1724634307.7122166}]}, "version": 1770, "at": 1724634307.7122166}
{"obj": {"type": "LogStrings", "path": ["monitoring", "a9a755a4", "stdout"], "values": [{"value": "\n", "step": null, "ts": 1724634307.7122166}]}, "version": 1771, "at": 1724634307.7122166}
{"obj": {"type": "LogStrings", "path": ["monitoring", "a9a755a4", "stdout"], "values": [{"value": "drone 2 ", "step": null, "ts": 1724634307.7136137}]}, "version": 1772, "at": 1724634307.7136137}
{"obj": {"type": "LogStrings", "path": ["monitoring", "a9a755a4", "stdout"], "values": [{"value": " ", "step": null, "ts": 1724634307.7136137}]}, "version": 1773, "at": 1724634307.7136137}
{"obj": {"type": "LogStrings", "path": ["monitoring", "a9a755a4", "stdout"], "values": [{"value": "(6, 0, 0)", "step": null, "ts": 1724634307.7136137}]}, "version": 1774, "at": 1724634307.7136137}
{"obj": {"type": "LogStrings", "path": ["monitoring", "a9a755a4", "stdout"], "values": [{"value": "\n", "step": null, "ts": 1724634307.7136137}]}, "version": 1775, "at": 1724634307.7136137}
{"obj": {"type": "LogFloats", "path": ["monitoring", "a9a755a4", "cpu"], "values": [{"value": 12.0, "step": null, "ts": 1724634308.3491611}]}, "version": 1776, "at": 1724634308.35861}
{"obj": {"type": "LogFloats", "path": ["monitoring", "a9a755a4", "memory"], "values": [{"value": 12.806808471679688, "step": null, "ts": 1724634308.3491611}]}, "version": 1777, "at": 1724634308.3596122}
{"obj": {"type": "LogFloats", "path": ["monitoring", "a9a755a4", "gpu"], "values": [{"value": 20.0, "step": null, "ts": 1724634308.3491611}]}, "version": 1778, "at": 1724634308.3596122}
{"obj": {"type": "LogFloats", "path": ["monitoring", "a9a755a4", "gpu_memory"], "values": [{"value": 1.1741981506347656, "step": null, "ts": 1724634308.3491611}]}, "version": 1779, "at": 1724634308.3596122}
{"obj": {"type": "LogFloats", "path": ["monitoring", "a9a755a4", "gpu_power"], "values": [{"value": 5.47, "step": null, "ts": 1724634308.3491611}]}, "version": 1780, "at": 1724634308.3596122}
{"obj": {"type": "LogStrings", "path": ["monitoring", "a9a755a4", "stdout"], "values": [{"value": "Drone2 moved with speed vector [6, 0, 0] with duration 2", "step": null, "ts": 1724634309.7340808}]}, "version": 1781, "at": 1724634309.7340808}
{"obj": {"type": "LogStrings", "path": ["monitoring", "a9a755a4", "stdout"], "values": [{"value": "\n", "step": null, "ts": 1724634309.7350469}]}, "version": 1782, "at": 1724634309.7350469}
{"obj": {"type": "LogStrings", "path": ["monitoring", "a9a755a4", "stdout"], "values": [{"value": "drone 2 ", "step": null, "ts": 1724634309.7370455}]}, "version": 1783, "at": 1724634309.7370455}
{"obj": {"type": "LogStrings", "path": ["monitoring", "a9a755a4", "stdout"], "values": [{"value": " ", "step": null, "ts": 1724634309.7380683}]}, "version": 1784, "at": 1724634309.7380683}
{"obj": {"type": "LogStrings", "path": ["monitoring", "a9a755a4", "stdout"], "values": [{"value": "(6, -4, 0)", "step": null, "ts": 1724634309.7380683}]}, "version": 1785, "at": 1724634309.7380683}
{"obj": {"type": "LogStrings", "path": ["monitoring", "a9a755a4", "stdout"], "values": [{"value": "\n", "step": null, "ts": 1724634309.7380683}]}, "version": 1786, "at": 1724634309.7380683}
{"obj": {"type": "LogStrings", "path": ["monitoring", "a9a755a4", "stdout"], "values": [{"value": "Drone2 moved with speed vector [6, -4, 0] with duration 2", "step": null, "ts": 1724634311.7549882}]}, "version": 1787, "at": 1724634311.7549882}
{"obj": {"type": "LogStrings", "path": ["monitoring", "a9a755a4", "stdout"], "values": [{"value": "\n", "step": null, "ts": 1724634311.7549882}]}, "version": 1788, "at": 1724634311.7549882}
{"obj": {"type": "LogStrings", "path": ["monitoring", "a9a755a4", "stdout"], "values": [{"value": "drone 2 ", "step": null, "ts": 1724634311.7559593}]}, "version": 1789, "at": 1724634311.7559593}
{"obj": {"type": "LogStrings", "path": ["monitoring", "a9a755a4", "stdout"], "values": [{"value": " ", "step": null, "ts": 1724634311.7559593}]}, "version": 1790, "at": 1724634311.7559593}
{"obj": {"type": "LogStrings", "path": ["monitoring", "a9a755a4", "stdout"], "values": [{"value": "(9, 0, 0)", "step": null, "ts": 1724634311.7559593}]}, "version": 1791, "at": 1724634311.7559593}
{"obj": {"type": "LogStrings", "path": ["monitoring", "a9a755a4", "stdout"], "values": [{"value": "\n", "step": null, "ts": 1724634311.7559593}]}, "version": 1792, "at": 1724634311.7559593}
{"obj": {"type": "LogStrings", "path": ["monitoring", "a9a755a4", "stdout"], "values": [{"value": "Drone2 moved with speed vector [9, 0, 0] with duration 2", "step": null, "ts": 1724634313.7751927}]}, "version": 1793, "at": 1724634313.7751927}
{"obj": {"type": "LogStrings", "path": ["monitoring", "a9a755a4", "stdout"], "values": [{"value": "\n", "step": null, "ts": 1724634313.7751927}]}, "version": 1794, "at": 1724634313.7751927}
{"obj": {"type": "LogStrings", "path": ["monitoring", "a9a755a4", "stdout"], "values": [{"value": "drone 2 ", "step": null, "ts": 1724634313.7751927}]}, "version": 1795, "at": 1724634313.7751927}
{"obj": {"type": "LogStrings", "path": ["monitoring", "a9a755a4", "stdout"], "values": [{"value": " ", "step": null, "ts": 1724634313.7751927}]}, "version": 1796, "at": 1724634313.7751927}
{"obj": {"type": "LogStrings", "path": ["monitoring", "a9a755a4", "stdout"], "values": [{"value": "(0, 0, 0)", "step": null, "ts": 1724634313.7751927}]}, "version": 1797, "at": 1724634313.776194}
{"obj": {"type": "LogStrings", "path": ["monitoring", "a9a755a4", "stdout"], "values": [{"value": "\n", "step": null, "ts": 1724634313.776194}]}, "version": 1798, "at": 1724634313.776194}
{"obj": {"type": "LogStrings", "path": ["monitoring", "a9a755a4", "stdout"], "values": [{"value": "Drone2 moved with speed vector [0, 0, 0] with duration 2", "step": null, "ts": 1724634315.7918057}]}, "version": 1799, "at": 1724634315.7918057}
{"obj": {"type": "LogStrings", "path": ["monitoring", "a9a755a4", "stdout"], "values": [{"value": "\n", "step": null, "ts": 1724634315.7918057}]}, "version": 1800, "at": 1724634315.7918057}
{"obj": {"type": "LogStrings", "path": ["monitoring", "a9a755a4", "stdout"], "values": [{"value": "after thread target ", "step": null, "ts": 1724634315.7923079}]}, "version": 1801, "at": 1724634315.7923079}
{"obj": {"type": "LogStrings", "path": ["monitoring", "a9a755a4", "stdout"], "values": [{"value": " ", "step": null, "ts": 1724634315.7923079}]}, "version": 1802, "at": 1724634315.7923079}
{"obj": {"type": "LogStrings", "path": ["monitoring", "a9a755a4", "stdout"], "values": [{"value": "1", "step": null, "ts": 1724634315.7923079}]}, "version": 1803, "at": 1724634315.7923079}
{"obj": {"type": "LogStrings", "path": ["monitoring", "a9a755a4", "stdout"], "values": [{"value": "\n", "step": null, "ts": 1724634315.7923079}]}, "version": 1804, "at": 1724634315.7923079}
{"obj": {"type": "LogStrings", "path": ["monitoring", "a9a755a4", "stdout"], "values": [{"value": "after thread drone ", "step": null, "ts": 1724634315.7923079}]}, "version": 1805, "at": 1724634315.7923079}
{"obj": {"type": "LogStrings", "path": ["monitoring", "a9a755a4", "stdout"], "values": [{"value": " ", "step": null, "ts": 1724634315.7923079}]}, "version": 1806, "at": 1724634315.7923079}
{"obj": {"type": "LogFloats", "path": ["reward"], "values": [{"value": -49.97980417334286, "step": null, "ts": 1724634315.793335}]}, "version": 1807, "at": 1724634315.793335}
{"obj": {"type": "LogFloats", "path": ["epsilon"], "values": [{"value": 0.9833122477885605, "step": null, "ts": 1724634315.793335}]}, "version": 1808, "at": 1724634315.793335}
{"obj": {"type": "LogStrings", "path": ["monitoring", "a9a755a4", "stdout"], "values": [{"value": "1", "step": null, "ts": 1724634315.793335}]}, "version": 1809, "at": 1724634315.793335}
{"obj": {"type": "LogStrings", "path": ["monitoring", "a9a755a4", "stdout"], "values": [{"value": "\n", "step": null, "ts": 1724634315.793335}]}, "version": 1810, "at": 1724634315.793335}
{"obj": {"type": "LogStrings", "path": ["monitoring", "a9a755a4", "stdout"], "values": [{"value": "episode ", "step": null, "ts": 1724634315.793335}]}, "version": 1811, "at": 1724634315.793335}
{"obj": {"type": "LogStrings", "path": ["monitoring", "a9a755a4", "stdout"], "values": [{"value": " ", "step": null, "ts": 1724634315.793335}]}, "version": 1812, "at": 1724634315.793335}
{"obj": {"type": "LogStrings", "path": ["monitoring", "a9a755a4", "stdout"], "values": [{"value": "10", "step": null, "ts": 1724634315.793335}]}, "version": 1813, "at": 1724634315.793335}
{"obj": {"type": "LogStrings", "path": ["monitoring", "a9a755a4", "stdout"], "values": [{"value": "\n", "step": null, "ts": 1724634315.7943487}]}, "version": 1814, "at": 1724634315.7943487}
{"obj": {"type": "LogStrings", "path": ["monitoring", "a9a755a4", "stdout"], "values": [{"value": "reset", "step": null, "ts": 1724634315.7943487}]}, "version": 1815, "at": 1724634315.7943487}
{"obj": {"type": "LogStrings", "path": ["monitoring", "a9a755a4", "stdout"], "values": [{"value": "\n", "step": null, "ts": 1724634315.7943487}]}, "version": 1816, "at": 1724634315.7943487}
{"obj": {"type": "LogStrings", "path": ["monitoring", "a9a755a4", "stdout"], "values": [{"value": "Found 1 cylinders in image", "step": null, "ts": 1724634316.509456}]}, "version": 1817, "at": 1724634316.509456}
{"obj": {"type": "LogStrings", "path": ["monitoring", "a9a755a4", "stdout"], "values": [{"value": "\n", "step": null, "ts": 1724634316.511464}]}, "version": 1818, "at": 1724634316.511464}
{"obj": {"type": "LogFloats", "path": ["monitoring", "a9a755a4", "cpu"], "values": [{"value": 10.3, "step": null, "ts": 1724634318.363873}]}, "version": 1819, "at": 1724634318.3698738}
{"obj": {"type": "LogFloats", "path": ["monitoring", "a9a755a4", "memory"], "values": [{"value": 12.786624908447266, "step": null, "ts": 1724634318.363873}]}, "version": 1820, "at": 1724634318.3698738}
{"obj": {"type": "LogFloats", "path": ["monitoring", "a9a755a4", "gpu_memory"], "values": [{"value": 1.1751136779785156, "step": null, "ts": 1724634318.363873}]}, "version": 1821, "at": 1724634318.3698738}
{"obj": {"type": "LogFloats", "path": ["monitoring", "a9a755a4", "gpu_power"], "values": [{"value": 6.093, "step": null, "ts": 1724634318.363873}]}, "version": 1822, "at": 1724634318.3698738}
{"obj": {"type": "LogStrings", "path": ["monitoring", "a9a755a4", "stdout"], "values": [{"value": "Drone1 moved with speed vector [1, 0, 0] with duration 2", "step": null, "ts": 1724634325.4038606}]}, "version": 1823, "at": 1724634325.4038606}
{"obj": {"type": "LogStrings", "path": ["monitoring", "a9a755a4", "stdout"], "values": [{"value": "\n", "step": null, "ts": 1724634325.404866}]}, "version": 1824, "at": 1724634325.404866}
{"obj": {"type": "LogStrings", "path": ["monitoring", "a9a755a4", "stdout"], "values": [{"value": "before threads ", "step": null, "ts": 1724634325.404866}]}, "version": 1825, "at": 1724634325.404866}
{"obj": {"type": "LogStrings", "path": ["monitoring", "a9a755a4", "stdout"], "values": [{"value": " ", "step": null, "ts": 1724634325.404866}]}, "version": 1826, "at": 1724634325.404866}
{"obj": {"type": "LogStrings", "path": ["monitoring", "a9a755a4", "stdout"], "values": [{"value": "0", "step": null, "ts": 1724634325.404866}]}, "version": 1827, "at": 1724634325.404866}
{"obj": {"type": "LogStrings", "path": ["monitoring", "a9a755a4", "stdout"], "values": [{"value": "\n", "step": null, "ts": 1724634325.4058616}]}, "version": 1828, "at": 1724634325.4058616}
{"obj": {"type": "LogStrings", "path": ["monitoring", "a9a755a4", "stdout"], "values": [{"value": "drone 2 ", "step": null, "ts": 1724634325.4058616}]}, "version": 1829, "at": 1724634325.4058616}
{"obj": {"type": "LogStrings", "path": ["monitoring", "a9a755a4", "stdout"], "values": [{"value": " ", "step": null, "ts": 1724634325.4068618}]}, "version": 1830, "at": 1724634325.4068618}
{"obj": {"type": "LogStrings", "path": ["monitoring", "a9a755a4", "stdout"], "values": [{"value": "(3, 0, 0)", "step": null, "ts": 1724634325.4078655}]}, "version": 1831, "at": 1724634325.4078655}
{"obj": {"type": "LogStrings", "path": ["monitoring", "a9a755a4", "stdout"], "values": [{"value": "\n", "step": null, "ts": 1724634325.4088619}]}, "version": 1832, "at": 1724634325.4088619}
{"obj": {"type": "LogStrings", "path": ["monitoring", "a9a755a4", "stdout"], "values": [{"value": "action ", "step": null, "ts": 1724634325.4088619}]}, "version": 1833, "at": 1724634325.4088619}
{"obj": {"type": "LogStrings", "path": ["monitoring", "a9a755a4", "stdout"], "values": [{"value": " ", "step": null, "ts": 1724634325.4088619}]}, "version": 1834, "at": 1724634325.4088619}
{"obj": {"type": "LogStrings", "path": ["monitoring", "a9a755a4", "stdout"], "values": [{"value": "80", "step": null, "ts": 1724634325.409862}]}, "version": 1835, "at": 1724634325.409862}
{"obj": {"type": "LogStrings", "path": ["monitoring", "a9a755a4", "stdout"], "values": [{"value": "\n", "step": null, "ts": 1724634325.409862}]}, "version": 1836, "at": 1724634325.409862}
{"obj": {"type": "LogStrings", "path": ["monitoring", "a9a755a4", "stdout"], "values": [{"value": "Found 1 cylinders in image", "step": null, "ts": 1724634325.522941}]}, "version": 1837, "at": 1724634325.522941}
{"obj": {"type": "LogStrings", "path": ["monitoring", "a9a755a4", "stdout"], "values": [{"value": "\n", "step": null, "ts": 1724634325.5259604}]}, "version": 1838, "at": 1724634325.5259604}
{"obj": {"type": "LogStrings", "path": ["monitoring", "a9a755a4", "stdout"], "values": [{"value": "quad_offset = ", "step": null, "ts": 1724634325.529949}]}, "version": 1839, "at": 1724634325.529949}
{"obj": {"type": "LogStrings", "path": ["monitoring", "a9a755a4", "stdout"], "values": [{"value": " ", "step": null, "ts": 1724634325.529949}]}, "version": 1840, "at": 1724634325.529949}
{"obj": {"type": "LogStrings", "path": ["monitoring", "a9a755a4", "stdout"], "values": [{"value": "[2.333333333333333, -30.0, 1]", "step": null, "ts": 1724634325.529949}]}, "version": 1841, "at": 1724634325.529949}
{"obj": {"type": "LogStrings", "path": ["monitoring", "a9a755a4", "stdout"], "values": [{"value": "\n", "step": null, "ts": 1724634325.529949}]}, "version": 1842, "at": 1724634325.529949}
{"obj": {"type": "LogStrings", "path": ["monitoring", "a9a755a4", "stdout"], "values": [{"value": "a_vp = ", "step": null, "ts": 1724634325.5314631}]}, "version": 1843, "at": 1724634325.5314631}
{"obj": {"type": "LogStrings", "path": ["monitoring", "a9a755a4", "stdout"], "values": [{"value": " ", "step": null, "ts": 1724634325.5314631}]}, "version": 1844, "at": 1724634325.5314631}
{"obj": {"type": "LogStrings", "path": ["monitoring", "a9a755a4", "stdout"], "values": [{"value": "40.71313233868445", "step": null, "ts": 1724634325.5314631}]}, "version": 1845, "at": 1724634325.5314631}
{"obj": {"type": "LogStrings", "path": ["monitoring", "a9a755a4", "stdout"], "values": [{"value": "\n", "step": null, "ts": 1724634325.5314631}]}, "version": 1846, "at": 1724634325.5314631}
{"obj": {"type": "LogStrings", "path": ["monitoring", "a9a755a4", "stdout"], "values": [{"value": "new_x = ", "step": null, "ts": 1724634325.5320098}]}, "version": 1847, "at": 1724634325.5320098}
{"obj": {"type": "LogStrings", "path": ["monitoring", "a9a755a4", "stdout"], "values": [{"value": " ", "step": null, "ts": 1724634325.5320098}]}, "version": 1848, "at": 1724634325.5320098}
{"obj": {"type": "LogStrings", "path": ["monitoring", "a9a755a4", "stdout"], "values": [{"value": "0.005394102584695259", "step": null, "ts": 1724634325.5320098}]}, "version": 1849, "at": 1724634325.5320098}
{"obj": {"type": "LogStrings", "path": ["monitoring", "a9a755a4", "stdout"], "values": [{"value": "\n", "step": null, "ts": 1724634325.5320098}]}, "version": 1850, "at": 1724634325.5320098}
{"obj": {"type": "LogStrings", "path": ["monitoring", "a9a755a4", "stdout"], "values": [{"value": "new_y = ", "step": null, "ts": 1724634325.5320098}]}, "version": 1851, "at": 1724634325.5320098}
{"obj": {"type": "LogStrings", "path": ["monitoring", "a9a755a4", "stdout"], "values": [{"value": " ", "step": null, "ts": 1724634325.5320098}]}, "version": 1852, "at": 1724634325.5320098}
{"obj": {"type": "LogStrings", "path": ["monitoring", "a9a755a4", "stdout"], "values": [{"value": "0.03455101354912837", "step": null, "ts": 1724634325.5320098}]}, "version": 1853, "at": 1724634325.5320098}
{"obj": {"type": "LogStrings", "path": ["monitoring", "a9a755a4", "stdout"], "values": [{"value": "\n", "step": null, "ts": 1724634325.5320098}]}, "version": 1854, "at": 1724634325.5320098}
{"obj": {"type": "LogStrings", "path": ["monitoring", "a9a755a4", "stdout"], "values": [{"value": "Drone1 moved with speed vector [0.21961081237913793, 1.4066799870613431, 0] with duration 1", "step": null, "ts": 1724634326.563058}]}, "version": 1855, "at": 1724634326.563058}
{"obj": {"type": "LogStrings", "path": ["monitoring", "a9a755a4", "stdout"], "values": [{"value": "\n", "step": null, "ts": 1724634326.563058}]}, "version": 1856, "at": 1724634326.563058}
{"obj": {"type": "LogStrings", "path": ["monitoring", "a9a755a4", "stdout"], "values": [{"value": "Collision detected for drone Drone1", "step": null, "ts": 1724634326.5640645}]}, "version": 1857, "at": 1724634326.5640645}
{"obj": {"type": "LogStrings", "path": ["monitoring", "a9a755a4", "stdout"], "values": [{"value": "\n", "step": null, "ts": 1724634326.5650656}]}, "version": 1858, "at": 1724634326.5650656}
{"obj": {"type": "LogStrings", "path": ["monitoring", "a9a755a4", "stdout"], "values": [{"value": "Nom de l'objet: beam_metal_window_divider_4x1129", "step": null, "ts": 1724634326.5650656}]}, "version": 1859, "at": 1724634326.5650656}
{"obj": {"type": "LogStrings", "path": ["monitoring", "a9a755a4", "stdout"], "values": [{"value": "\n", "step": null, "ts": 1724634326.5650656}]}, "version": 1860, "at": 1724634326.5650656}
{"obj": {"type": "LogStrings", "path": ["monitoring", "a9a755a4", "stdout"], "values": [{"value": "rc=-50 , rfov=0 , rd=1.0000939693212532 , rdir = 0.10088029861450197 , robs= 0 , r_v=0 , r_ang= -1.0568194707392031", "step": null, "ts": 1724634326.5680652}]}, "version": 1861, "at": 1724634326.5680652}
{"obj": {"type": "LogStrings", "path": ["monitoring", "a9a755a4", "stdout"], "values": [{"value": "\n", "step": null, "ts": 1724634326.5690813}]}, "version": 1862, "at": 1724634326.5690813}
{"obj": {"type": "LogStrings", "path": ["monitoring", "a9a755a4", "stdout"], "values": [{"value": "next state ", "step": null, "ts": 1724634326.5690813}]}, "version": 1863, "at": 1724634326.5690813}
{"obj": {"type": "LogStrings", "path": ["monitoring", "a9a755a4", "stdout"], "values": [{"value": " ", "step": null, "ts": 1724634326.5690813}]}, "version": 1864, "at": 1724634326.5690813}
{"obj": {"type": "LogStrings", "path": ["monitoring", "a9a755a4", "stdout"], "values": [{"value": "[9.803720361863573e-06, -5.048325400653734e-16, -0.035355524222056074, 0.0, 0.0, 0.0016205827395121255, 0.10668480173949808, 0.10715464834576387, 0.00078125, 0.001233872366540226, 0.000781249962747097, 0.0013950414422117634, 0.000781249962747097, 0.0010049367245332694, 15.044014930725098, 15.044014930725098, 15.044014930725098, 15.044014930725098, 15.044014930725098, 15.044014930725098, 15.044014930725098, 15.044014930725098, 15.044014930725098]", "step": null, "ts": 1724634326.5700655}]}, "version": 1865, "at": 1724634326.5700655}
{"obj": {"type": "LogStrings", "path": ["monitoring", "a9a755a4", "stdout"], "values": [{"value": "\n", "step": null, "ts": 1724634326.5700655}]}, "version": 1866, "at": 1724634326.5700655}
{"obj": {"type": "LogStrings", "path": ["monitoring", "a9a755a4", "stdout"], "values": [{"value": "Drone2 moved with speed vector [3, 0, 0] with duration 2", "step": null, "ts": 1724634327.4878395}]}, "version": 1867, "at": 1724634327.4878395}
{"obj": {"type": "LogStrings", "path": ["monitoring", "a9a755a4", "stdout"], "values": [{"value": "\n", "step": null, "ts": 1724634327.4878395}]}, "version": 1868, "at": 1724634327.4878395}
{"obj": {"type": "LogStrings", "path": ["monitoring", "a9a755a4", "stdout"], "values": [{"value": "drone 2 ", "step": null, "ts": 1724634327.4878395}]}, "version": 1869, "at": 1724634327.4878395}
{"obj": {"type": "LogStrings", "path": ["monitoring", "a9a755a4", "stdout"], "values": [{"value": " ", "step": null, "ts": 1724634327.4878395}]}, "version": 1870, "at": 1724634327.4878395}
{"obj": {"type": "LogStrings", "path": ["monitoring", "a9a755a4", "stdout"], "values": [{"value": "(3, 2, 0)", "step": null, "ts": 1724634327.4878395}]}, "version": 1871, "at": 1724634327.4878395}
{"obj": {"type": "LogStrings", "path": ["monitoring", "a9a755a4", "stdout"], "values": [{"value": "\n", "step": null, "ts": 1724634327.48884}]}, "version": 1872, "at": 1724634327.48884}
{"obj": {"type": "LogFloats", "path": ["monitoring", "a9a755a4", "cpu"], "values": [{"value": 12.5, "step": null, "ts": 1724634328.375122}]}, "version": 1873, "at": 1724634328.382127}
{"obj": {"type": "LogFloats", "path": ["monitoring", "a9a755a4", "memory"], "values": [{"value": 12.789165496826172, "step": null, "ts": 1724634328.375122}]}, "version": 1874, "at": 1724634328.382127}
{"obj": {"type": "LogFloats", "path": ["monitoring", "a9a755a4", "gpu"], "values": [{"value": 5.0, "step": null, "ts": 1724634328.375122}]}, "version": 1875, "at": 1724634328.382127}
{"obj": {"type": "LogFloats", "path": ["monitoring", "a9a755a4", "gpu_memory"], "values": [{"value": 1.1741981506347656, "step": null, "ts": 1724634328.375122}]}, "version": 1876, "at": 1724634328.382127}
{"obj": {"type": "LogFloats", "path": ["monitoring", "a9a755a4", "gpu_power"], "values": [{"value": 8.567, "step": null, "ts": 1724634328.375122}]}, "version": 1877, "at": 1724634328.382127}
{"obj": {"type": "LogStrings", "path": ["monitoring", "a9a755a4", "stdout"], "values": [{"value": "Drone2 moved with speed vector [3, 2, 0] with duration 2", "step": null, "ts": 1724634329.5062294}]}, "version": 1878, "at": 1724634329.5062294}
{"obj": {"type": "LogStrings", "path": ["monitoring", "a9a755a4", "stdout"], "values": [{"value": "\n", "step": null, "ts": 1724634329.5062294}]}, "version": 1879, "at": 1724634329.5071766}
{"obj": {"type": "LogStrings", "path": ["monitoring", "a9a755a4", "stdout"], "values": [{"value": "drone 2 ", "step": null, "ts": 1724634329.5081751}]}, "version": 1880, "at": 1724634329.5081751}
{"obj": {"type": "LogStrings", "path": ["monitoring", "a9a755a4", "stdout"], "values": [{"value": " ", "step": null, "ts": 1724634329.5081751}]}, "version": 1881, "at": 1724634329.5081751}
{"obj": {"type": "LogStrings", "path": ["monitoring", "a9a755a4", "stdout"], "values": [{"value": "(6, 0, 0)", "step": null, "ts": 1724634329.5081751}]}, "version": 1882, "at": 1724634329.5081751}
{"obj": {"type": "LogStrings", "path": ["monitoring", "a9a755a4", "stdout"], "values": [{"value": "\n", "step": null, "ts": 1724634329.5081751}]}, "version": 1883, "at": 1724634329.5081751}
{"obj": {"type": "LogStrings", "path": ["monitoring", "a9a755a4", "stdout"], "values": [{"value": "Drone2 moved with speed vector [6, 0, 0] with duration 2", "step": null, "ts": 1724634331.5260675}]}, "version": 1884, "at": 1724634331.5260675}
{"obj": {"type": "LogStrings", "path": ["monitoring", "a9a755a4", "stdout"], "values": [{"value": "\n", "step": null, "ts": 1724634331.527082}]}, "version": 1885, "at": 1724634331.527082}
{"obj": {"type": "LogStrings", "path": ["monitoring", "a9a755a4", "stdout"], "values": [{"value": "drone 2 ", "step": null, "ts": 1724634331.527082}]}, "version": 1886, "at": 1724634331.527082}
{"obj": {"type": "LogStrings", "path": ["monitoring", "a9a755a4", "stdout"], "values": [{"value": " ", "step": null, "ts": 1724634331.527082}]}, "version": 1887, "at": 1724634331.527082}
{"obj": {"type": "LogStrings", "path": ["monitoring", "a9a755a4", "stdout"], "values": [{"value": "(6, -4, 0)", "step": null, "ts": 1724634331.527082}]}, "version": 1888, "at": 1724634331.527082}
{"obj": {"type": "LogStrings", "path": ["monitoring", "a9a755a4", "stdout"], "values": [{"value": "\n", "step": null, "ts": 1724634331.5280743}]}, "version": 1889, "at": 1724634331.5280743}
{"obj": {"type": "LogStrings", "path": ["monitoring", "a9a755a4", "stdout"], "values": [{"value": "Drone2 moved with speed vector [6, -4, 0] with duration 2", "step": null, "ts": 1724634333.552951}]}, "version": 1890, "at": 1724634333.552951}
{"obj": {"type": "LogStrings", "path": ["monitoring", "a9a755a4", "stdout"], "values": [{"value": "\n", "step": null, "ts": 1724634333.552951}]}, "version": 1891, "at": 1724634333.552951}
{"obj": {"type": "LogStrings", "path": ["monitoring", "a9a755a4", "stdout"], "values": [{"value": "drone 2 ", "step": null, "ts": 1724634333.552951}]}, "version": 1892, "at": 1724634333.552951}
{"obj": {"type": "LogStrings", "path": ["monitoring", "a9a755a4", "stdout"], "values": [{"value": " ", "step": null, "ts": 1724634333.5538964}]}, "version": 1893, "at": 1724634333.5538964}
{"obj": {"type": "LogStrings", "path": ["monitoring", "a9a755a4", "stdout"], "values": [{"value": "(12, 0, 0)", "step": null, "ts": 1724634333.5538964}]}, "version": 1894, "at": 1724634333.5538964}
{"obj": {"type": "LogStrings", "path": ["monitoring", "a9a755a4", "stdout"], "values": [{"value": "\n", "step": null, "ts": 1724634333.5538964}]}, "version": 1895, "at": 1724634333.5538964}
{"obj": {"type": "LogStrings", "path": ["monitoring", "a9a755a4", "stdout"], "values": [{"value": "Drone2 moved with speed vector [12, 0, 0] with duration 2", "step": null, "ts": 1724634335.5777235}]}, "version": 1896, "at": 1724634335.5777235}
{"obj": {"type": "LogStrings", "path": ["monitoring", "a9a755a4", "stdout"], "values": [{"value": "\n", "step": null, "ts": 1724634335.5777235}]}, "version": 1897, "at": 1724634335.5777235}
{"obj": {"type": "LogStrings", "path": ["monitoring", "a9a755a4", "stdout"], "values": [{"value": "drone 2 ", "step": null, "ts": 1724634335.578723}]}, "version": 1898, "at": 1724634335.578723}
{"obj": {"type": "LogStrings", "path": ["monitoring", "a9a755a4", "stdout"], "values": [{"value": " ", "step": null, "ts": 1724634335.578723}]}, "version": 1899, "at": 1724634335.578723}
{"obj": {"type": "LogStrings", "path": ["monitoring", "a9a755a4", "stdout"], "values": [{"value": "(3, 2, 0)", "step": null, "ts": 1724634335.578723}]}, "version": 1900, "at": 1724634335.578723}
{"obj": {"type": "LogStrings", "path": ["monitoring", "a9a755a4", "stdout"], "values": [{"value": "\n", "step": null, "ts": 1724634335.578723}]}, "version": 1901, "at": 1724634335.578723}
{"obj": {"type": "LogStrings", "path": ["monitoring", "a9a755a4", "stdout"], "values": [{"value": "Drone2 moved with speed vector [3, 2, 0] with duration 2", "step": null, "ts": 1724634337.599782}]}, "version": 1902, "at": 1724634337.599782}
{"obj": {"type": "LogStrings", "path": ["monitoring", "a9a755a4", "stdout"], "values": [{"value": "\n", "step": null, "ts": 1724634337.599782}]}, "version": 1903, "at": 1724634337.599782}
{"obj": {"type": "LogStrings", "path": ["monitoring", "a9a755a4", "stdout"], "values": [{"value": "drone 2 ", "step": null, "ts": 1724634337.599782}]}, "version": 1904, "at": 1724634337.599782}
{"obj": {"type": "LogStrings", "path": ["monitoring", "a9a755a4", "stdout"], "values": [{"value": " ", "step": null, "ts": 1724634337.599782}]}, "version": 1905, "at": 1724634337.599782}
{"obj": {"type": "LogStrings", "path": ["monitoring", "a9a755a4", "stdout"], "values": [{"value": "(6, 0, 0)", "step": null, "ts": 1724634337.599782}]}, "version": 1906, "at": 1724634337.599782}
{"obj": {"type": "LogStrings", "path": ["monitoring", "a9a755a4", "stdout"], "values": [{"value": "\n", "step": null, "ts": 1724634337.599782}]}, "version": 1907, "at": 1724634337.599782}
{"obj": {"type": "LogFloats", "path": ["monitoring", "a9a755a4", "cpu"], "values": [{"value": 12.3, "step": null, "ts": 1724634338.3833177}]}, "version": 1908, "at": 1724634338.392793}
{"obj": {"type": "LogFloats", "path": ["monitoring", "a9a755a4", "memory"], "values": [{"value": 12.811161041259766, "step": null, "ts": 1724634338.3833177}]}, "version": 1909, "at": 1724634338.392793}
{"obj": {"type": "LogFloats", "path": ["monitoring", "a9a755a4", "gpu_memory"], "values": [{"value": 1.1741981506347656, "step": null, "ts": 1724634338.3833177}]}, "version": 1910, "at": 1724634338.392793}
{"obj": {"type": "LogFloats", "path": ["monitoring", "a9a755a4", "gpu_power"], "values": [{"value": 5.39, "step": null, "ts": 1724634338.3833177}]}, "version": 1911, "at": 1724634338.392793}
{"obj": {"type": "LogStrings", "path": ["monitoring", "a9a755a4", "stdout"], "values": [{"value": "Drone2 moved with speed vector [6, 0, 0] with duration 2", "step": null, "ts": 1724634339.6335576}]}, "version": 1912, "at": 1724634339.6335576}
{"obj": {"type": "LogStrings", "path": ["monitoring", "a9a755a4", "stdout"], "values": [{"value": "\n", "step": null, "ts": 1724634339.6335576}]}, "version": 1913, "at": 1724634339.6335576}
{"obj": {"type": "LogStrings", "path": ["monitoring", "a9a755a4", "stdout"], "values": [{"value": "drone 2 ", "step": null, "ts": 1724634339.6335576}]}, "version": 1914, "at": 1724634339.6335576}
{"obj": {"type": "LogStrings", "path": ["monitoring", "a9a755a4", "stdout"], "values": [{"value": " ", "step": null, "ts": 1724634339.6345792}]}, "version": 1915, "at": 1724634339.6345792}
{"obj": {"type": "LogStrings", "path": ["monitoring", "a9a755a4", "stdout"], "values": [{"value": "(6, -4, 0)", "step": null, "ts": 1724634339.6345792}]}, "version": 1916, "at": 1724634339.6345792}
{"obj": {"type": "LogStrings", "path": ["monitoring", "a9a755a4", "stdout"], "values": [{"value": "\n", "step": null, "ts": 1724634339.6345792}]}, "version": 1917, "at": 1724634339.6345792}
{"obj": {"type": "LogStrings", "path": ["monitoring", "a9a755a4", "stdout"], "values": [{"value": "Drone2 moved with speed vector [6, -4, 0] with duration 2", "step": null, "ts": 1724634341.653975}]}, "version": 1918, "at": 1724634341.653975}
{"obj": {"type": "LogStrings", "path": ["monitoring", "a9a755a4", "stdout"], "values": [{"value": "\n", "step": null, "ts": 1724634341.653975}]}, "version": 1919, "at": 1724634341.653975}
{"obj": {"type": "LogStrings", "path": ["monitoring", "a9a755a4", "stdout"], "values": [{"value": "drone 2 ", "step": null, "ts": 1724634341.653975}]}, "version": 1920, "at": 1724634341.653975}
{"obj": {"type": "LogStrings", "path": ["monitoring", "a9a755a4", "stdout"], "values": [{"value": " ", "step": null, "ts": 1724634341.653975}]}, "version": 1921, "at": 1724634341.653975}
{"obj": {"type": "LogStrings", "path": ["monitoring", "a9a755a4", "stdout"], "values": [{"value": "(9, 0, 0)", "step": null, "ts": 1724634341.653975}]}, "version": 1922, "at": 1724634341.653975}
{"obj": {"type": "LogStrings", "path": ["monitoring", "a9a755a4", "stdout"], "values": [{"value": "\n", "step": null, "ts": 1724634341.654953}]}, "version": 1923, "at": 1724634341.654953}
{"obj": {"type": "LogStrings", "path": ["monitoring", "a9a755a4", "stdout"], "values": [{"value": "Drone2 moved with speed vector [9, 0, 0] with duration 2", "step": null, "ts": 1724634343.6747012}]}, "version": 1924, "at": 1724634343.6747012}
{"obj": {"type": "LogStrings", "path": ["monitoring", "a9a755a4", "stdout"], "values": [{"value": "\n", "step": null, "ts": 1724634343.6756694}]}, "version": 1925, "at": 1724634343.6756694}
{"obj": {"type": "LogStrings", "path": ["monitoring", "a9a755a4", "stdout"], "values": [{"value": "drone 2 ", "step": null, "ts": 1724634343.6756694}]}, "version": 1926, "at": 1724634343.6756694}
{"obj": {"type": "LogStrings", "path": ["monitoring", "a9a755a4", "stdout"], "values": [{"value": " ", "step": null, "ts": 1724634343.6756694}]}, "version": 1927, "at": 1724634343.6756694}
{"obj": {"type": "LogStrings", "path": ["monitoring", "a9a755a4", "stdout"], "values": [{"value": "(0, 0, 0)", "step": null, "ts": 1724634343.6766708}]}, "version": 1928, "at": 1724634343.6766708}
{"obj": {"type": "LogStrings", "path": ["monitoring", "a9a755a4", "stdout"], "values": [{"value": "\n", "step": null, "ts": 1724634343.6766708}]}, "version": 1929, "at": 1724634343.6766708}
{"obj": {"type": "LogStrings", "path": ["monitoring", "a9a755a4", "stdout"], "values": [{"value": "Drone2 moved with speed vector [0, 0, 0] with duration 2", "step": null, "ts": 1724634345.6967535}]}, "version": 1930, "at": 1724634345.6967535}
{"obj": {"type": "LogStrings", "path": ["monitoring", "a9a755a4", "stdout"], "values": [{"value": "\n", "step": null, "ts": 1724634345.6977544}]}, "version": 1931, "at": 1724634345.6977544}
{"obj": {"type": "LogStrings", "path": ["monitoring", "a9a755a4", "stdout"], "values": [{"value": "after thread target ", "step": null, "ts": 1724634345.6977544}]}, "version": 1932, "at": 1724634345.6977544}
{"obj": {"type": "LogStrings", "path": ["monitoring", "a9a755a4", "stdout"], "values": [{"value": " ", "step": null, "ts": 1724634345.6977544}]}, "version": 1933, "at": 1724634345.6977544}
{"obj": {"type": "LogStrings", "path": ["monitoring", "a9a755a4", "stdout"], "values": [{"value": "1", "step": null, "ts": 1724634345.6977544}]}, "version": 1934, "at": 1724634345.6977544}
{"obj": {"type": "LogStrings", "path": ["monitoring", "a9a755a4", "stdout"], "values": [{"value": "\n", "step": null, "ts": 1724634345.6977544}]}, "version": 1935, "at": 1724634345.6977544}
{"obj": {"type": "LogStrings", "path": ["monitoring", "a9a755a4", "stdout"], "values": [{"value": "after thread drone ", "step": null, "ts": 1724634345.6987548}]}, "version": 1936, "at": 1724634345.6987548}
{"obj": {"type": "LogStrings", "path": ["monitoring", "a9a755a4", "stdout"], "values": [{"value": " ", "step": null, "ts": 1724634345.6987548}]}, "version": 1937, "at": 1724634345.6987548}
{"obj": {"type": "LogStrings", "path": ["monitoring", "a9a755a4", "stdout"], "values": [{"value": "1", "step": null, "ts": 1724634345.6987548}]}, "version": 1938, "at": 1724634345.6987548}
{"obj": {"type": "LogStrings", "path": ["monitoring", "a9a755a4", "stdout"], "values": [{"value": "\n", "step": null, "ts": 1724634345.6987548}]}, "version": 1939, "at": 1724634345.6987548}
{"obj": {"type": "LogStrings", "path": ["monitoring", "a9a755a4", "stdout"], "values": [{"value": "episode ", "step": null, "ts": 1724634345.6987548}]}, "version": 1940, "at": 1724634345.6987548}
{"obj": {"type": "LogStrings", "path": ["monitoring", "a9a755a4", "stdout"], "values": [{"value": " ", "step": null, "ts": 1724634345.6987548}]}, "version": 1941, "at": 1724634345.6987548}
{"obj": {"type": "LogStrings", "path": ["monitoring", "a9a755a4", "stdout"], "values": [{"value": "10", "step": null, "ts": 1724634345.6987548}]}, "version": 1942, "at": 1724634345.6987548}
{"obj": {"type": "LogStrings", "path": ["monitoring", "a9a755a4", "stdout"], "values": [{"value": " ", "step": null, "ts": 1724634345.6987548}]}, "version": 1943, "at": 1724634345.6987548}
{"obj": {"type": "LogStrings", "path": ["monitoring", "a9a755a4", "stdout"], "values": [{"value": "score -50.0", "step": null, "ts": 1724634345.6987548}]}, "version": 1944, "at": 1724634345.6987548}
{"obj": {"type": "LogStrings", "path": ["monitoring", "a9a755a4", "stdout"], "values": [{"value": "\n", "step": null, "ts": 1724634345.6987548}]}, "version": 1945, "at": 1724634345.6987548}
{"obj": {"type": "LogFloats", "path": ["reward"], "values": [{"value": -49.955845202803445, "step": null, "ts": 1724634345.6997564}]}, "version": 1946, "at": 1724634345.6997564}
{"obj": {"type": "LogFloats", "path": ["epsilon"], "values": [{"value": 0.9816590226068762, "step": null, "ts": 1724634345.6997564}]}, "version": 1947, "at": 1724634345.6997564}
{"obj": {"type": "LogStrings", "path": ["monitoring", "a9a755a4", "stdout"], "values": [{"value": "episode ", "step": null, "ts": 1724634345.6997564}]}, "version": 1948, "at": 1724634345.6997564}
{"obj": {"type": "LogStrings", "path": ["monitoring", "a9a755a4", "stdout"], "values": [{"value": " ", "step": null, "ts": 1724634345.6997564}]}, "version": 1949, "at": 1724634345.6997564}
{"obj": {"type": "LogStrings", "path": ["monitoring", "a9a755a4", "stdout"], "values": [{"value": "11", "step": null, "ts": 1724634345.6997564}]}, "version": 1950, "at": 1724634345.6997564}
{"obj": {"type": "LogStrings", "path": ["monitoring", "a9a755a4", "stdout"], "values": [{"value": "\n", "step": null, "ts": 1724634345.6997564}]}, "version": 1951, "at": 1724634345.6997564}
{"obj": {"type": "LogStrings", "path": ["monitoring", "a9a755a4", "stdout"], "values": [{"value": "reset", "step": null, "ts": 1724634345.6997564}]}, "version": 1952, "at": 1724634345.6997564}
{"obj": {"type": "LogStrings", "path": ["monitoring", "a9a755a4", "stdout"], "values": [{"value": "\n", "step": null, "ts": 1724634345.7017832}]}, "version": 1953, "at": 1724634345.7017832}
{"obj": {"type": "LogStrings", "path": ["monitoring", "a9a755a4", "stdout"], "values": [{"value": "Found 1 cylinders in image", "step": null, "ts": 1724634346.4148939}]}, "version": 1954, "at": 1724634346.4148939}
{"obj": {"type": "LogStrings", "path": ["monitoring", "a9a755a4", "stdout"], "values": [{"value": "\n", "step": null, "ts": 1724634346.4168975}]}, "version": 1955, "at": 1724634346.4168975}
{"obj": {"type": "LogStrings", "path": ["monitoring", "a9a755a4", "traceback"], "values": [{"value": "An uncaught exception occurred while run was active on worker LAPTOP-IESB2RHE.", "step": null, "ts": 1724634347.7860358}, {"value": "Marking run as failed", "step": null, "ts": 1724634347.7860358}, {"value": "Traceback:", "step": null, "ts": 1724634347.7860358}, {"value": "  File \"C:\\Users\\tkamy\\OneDrive\\Bureau\\DQN\\PFE-Efficient-tracking-and-collision-avoidance-system-in-UAV\\RL\\apps\\train_dqn.py\", line 168, in <module>\n    main()\n", "step": null, "ts": 1724634347.7860358}, {"value": "  File \"C:\\Users\\tkamy\\OneDrive\\Bureau\\DQN\\PFE-Efficient-tracking-and-collision-avoidance-system-in-UAV\\RL\\apps\\train_dqn.py\", line 117, in main\n    environment.drone.takeoff(-4, True)\n", "step": null, "ts": 1724634347.7860358}, {"value": "  File \"C:\\Users\\tkamy\\OneDrive\\Bureau\\DQN\\PFE-Efficient-tracking-and-collision-avoidance-system-in-UAV\\RL\\env\\DroneClass.py\", line 36, in takeoff\n    self.client.takeoffAsync(vehicle_name=self.drone_name).join()\n", "step": null, "ts": 1724634347.7860358}, {"value": "  File \"C:\\Users\\tkamy\\AppData\\Local\\Programs\\Python\\Python312\\Lib\\site-packages\\msgpackrpc\\future.py\", line 22, in join\n    self._loop.start()\n", "step": null, "ts": 1724634347.7860358}, {"value": "  File \"C:\\Users\\tkamy\\AppData\\Local\\Programs\\Python\\Python312\\Lib\\site-packages\\msgpackrpc\\loop.py\", line 22, in start\n    self._ioloop.start()\n", "step": null, "ts": 1724634347.7860358}, {"value": "  File \"C:\\Users\\tkamy\\AppData\\Local\\Programs\\Python\\Python312\\Lib\\site-packages\\tornado\\ioloop.py\", line 863, in start\n    event_pairs = self._impl.poll(poll_timeout)\n                  ^^^^^^^^^^^^^^^^^^^^^^^^^^^^^\n", "step": null, "ts": 1724634347.7860358}, {"value": "  File \"C:\\Users\\tkamy\\AppData\\Local\\Programs\\Python\\Python312\\Lib\\site-packages\\tornado\\platform\\select.py\", line 62, in poll\n    readable, writeable, errors = select.select(\n                                  ^^^^^^^^^^^^^^\n", "step": null, "ts": 1724634347.7860358}]}, "version": 1956, "at": 1724634347.7860358}
{"obj": {"type": "LogStrings", "path": ["monitoring", "a9a755a4", "traceback"], "values": [{"value": "", "step": null, "ts": 1724634347.7860358}]}, "version": 1957, "at": 1724634347.7860358}
{"obj": {"type": "AssignBool", "path": ["sys", "failed"], "value": true}, "version": 1958, "at": 1724634347.7860358}
{"obj": {"type": "LogStrings", "path": ["monitoring", "a9a755a4", "stderr"], "values": [{"value": "", "step": null, "ts": 1724634347.7860358}]}, "version": 1959, "at": 1724634347.7860358}
{"obj": {"type": "LogStrings", "path": ["monitoring", "a9a755a4", "stderr"], "values": [{"value": "Traceback (most recent call last):\n", "step": null, "ts": 1724634347.7860358}]}, "version": 1960, "at": 1724634347.7860358}
{"obj": {"type": "LogStrings", "path": ["monitoring", "a9a755a4", "stderr"], "values": [{"value": "", "step": null, "ts": 1724634347.7860358}]}, "version": 1961, "at": 1724634347.7860358}
{"obj": {"type": "LogStrings", "path": ["monitoring", "a9a755a4", "stderr"], "values": [{"value": "  File \"C:\\Users\\tkamy\\OneDrive\\Bureau\\DQN\\PFE-Efficient-tracking-and-collision-avoidance-system-in-UAV\\RL\\apps\\train_dqn.py\", line 168, in <module>\n", "step": null, "ts": 1724634347.7860358}]}, "version": 1962, "at": 1724634347.7860358}
{"obj": {"type": "LogStrings", "path": ["monitoring", "a9a755a4", "stderr"], "values": [{"value": "", "step": null, "ts": 1724634347.7860358}]}, "version": 1963, "at": 1724634347.7860358}
{"obj": {"type": "LogStrings", "path": ["monitoring", "a9a755a4", "stderr"], "values": [{"value": "    ", "step": null, "ts": 1724634347.7870364}]}, "version": 1964, "at": 1724634347.7870364}
{"obj": {"type": "LogStrings", "path": ["monitoring", "a9a755a4", "stderr"], "values": [{"value": "main()", "step": null, "ts": 1724634347.7870364}]}, "version": 1965, "at": 1724634347.7870364}
{"obj": {"type": "LogStrings", "path": ["monitoring", "a9a755a4", "stderr"], "values": [{"value": "\n", "step": null, "ts": 1724634347.7870364}]}, "version": 1966, "at": 1724634347.7870364}
{"obj": {"type": "LogStrings", "path": ["monitoring", "a9a755a4", "stderr"], "values": [{"value": "", "step": null, "ts": 1724634347.7870364}]}, "version": 1967, "at": 1724634347.7870364}
{"obj": {"type": "LogStrings", "path": ["monitoring", "a9a755a4", "stderr"], "values": [{"value": "  File \"C:\\Users\\tkamy\\OneDrive\\Bureau\\DQN\\PFE-Efficient-tracking-and-collision-avoidance-system-in-UAV\\RL\\apps\\train_dqn.py\", line 117, in main\n", "step": null, "ts": 1724634347.7870364}]}, "version": 1968, "at": 1724634347.7870364}
{"obj": {"type": "LogStrings", "path": ["monitoring", "a9a755a4", "stderr"], "values": [{"value": "", "step": null, "ts": 1724634347.7870364}]}, "version": 1969, "at": 1724634347.7870364}
{"obj": {"type": "LogStrings", "path": ["monitoring", "a9a755a4", "stderr"], "values": [{"value": "    ", "step": null, "ts": 1724634347.7870364}]}, "version": 1970, "at": 1724634347.7870364}
{"obj": {"type": "LogStrings", "path": ["monitoring", "a9a755a4", "stderr"], "values": [{"value": "environment.drone.takeoff(-4, True)", "step": null, "ts": 1724634347.7870364}]}, "version": 1971, "at": 1724634347.7870364}
{"obj": {"type": "LogStrings", "path": ["monitoring", "a9a755a4", "stderr"], "values": [{"value": "\n", "step": null, "ts": 1724634347.7870364}]}, "version": 1972, "at": 1724634347.7870364}
{"obj": {"type": "LogStrings", "path": ["monitoring", "a9a755a4", "stderr"], "values": [{"value": "", "step": null, "ts": 1724634347.7870364}]}, "version": 1973, "at": 1724634347.7870364}
{"obj": {"type": "LogStrings", "path": ["monitoring", "a9a755a4", "stderr"], "values": [{"value": "  File \"C:\\Users\\tkamy\\OneDrive\\Bureau\\DQN\\PFE-Efficient-tracking-and-collision-avoidance-system-in-UAV\\RL\\env\\DroneClass.py\", line 36, in takeoff\n", "step": null, "ts": 1724634347.7870364}]}, "version": 1974, "at": 1724634347.7870364}
{"obj": {"type": "LogStrings", "path": ["monitoring", "a9a755a4", "stderr"], "values": [{"value": "", "step": null, "ts": 1724634347.7870364}]}, "version": 1975, "at": 1724634347.7870364}
{"obj": {"type": "LogStrings", "path": ["monitoring", "a9a755a4", "stderr"], "values": [{"value": "    ", "step": null, "ts": 1724634347.7870364}]}, "version": 1976, "at": 1724634347.7870364}
{"obj": {"type": "LogStrings", "path": ["monitoring", "a9a755a4", "stderr"], "values": [{"value": "self.client.takeoffAsync(vehicle_name=self.drone_name).join()", "step": null, "ts": 1724634347.7880356}]}, "version": 1977, "at": 1724634347.7880356}
{"obj": {"type": "LogStrings", "path": ["monitoring", "a9a755a4", "stderr"], "values": [{"value": "\n", "step": null, "ts": 1724634347.7880356}]}, "version": 1978, "at": 1724634347.7880356}
{"obj": {"type": "LogStrings", "path": ["monitoring", "a9a755a4", "stderr"], "values": [{"value": "", "step": null, "ts": 1724634347.7880356}]}, "version": 1979, "at": 1724634347.7880356}
{"obj": {"type": "LogStrings", "path": ["monitoring", "a9a755a4", "stderr"], "values": [{"value": "  File \"C:\\Users\\tkamy\\AppData\\Local\\Programs\\Python\\Python312\\Lib\\site-packages\\msgpackrpc\\future.py\", line 22, in join\n", "step": null, "ts": 1724634347.7880356}]}, "version": 1980, "at": 1724634347.7880356}
{"obj": {"type": "LogStrings", "path": ["monitoring", "a9a755a4", "stderr"], "values": [{"value": "", "step": null, "ts": 1724634347.7880356}]}, "version": 1981, "at": 1724634347.7880356}
{"obj": {"type": "LogStrings", "path": ["monitoring", "a9a755a4", "stderr"], "values": [{"value": "    ", "step": null, "ts": 1724634347.7880356}]}, "version": 1982, "at": 1724634347.7880356}
{"obj": {"type": "LogStrings", "path": ["monitoring", "a9a755a4", "stderr"], "values": [{"value": "self._loop.start()", "step": null, "ts": 1724634347.7880356}]}, "version": 1983, "at": 1724634347.7880356}
{"obj": {"type": "LogStrings", "path": ["monitoring", "a9a755a4", "stderr"], "values": [{"value": "\n", "step": null, "ts": 1724634347.7880356}]}, "version": 1984, "at": 1724634347.7880356}
{"obj": {"type": "LogStrings", "path": ["monitoring", "a9a755a4", "stderr"], "values": [{"value": "", "step": null, "ts": 1724634347.7880356}]}, "version": 1985, "at": 1724634347.7880356}
{"obj": {"type": "LogStrings", "path": ["monitoring", "a9a755a4", "stderr"], "values": [{"value": "  File \"C:\\Users\\tkamy\\AppData\\Local\\Programs\\Python\\Python312\\Lib\\site-packages\\msgpackrpc\\loop.py\", line 22, in start\n", "step": null, "ts": 1724634347.7880356}]}, "version": 1986, "at": 1724634347.7880356}
{"obj": {"type": "LogStrings", "path": ["monitoring", "a9a755a4", "stderr"], "values": [{"value": "", "step": null, "ts": 1724634347.7890356}]}, "version": 1987, "at": 1724634347.7890356}
{"obj": {"type": "LogStrings", "path": ["monitoring", "a9a755a4", "stderr"], "values": [{"value": "    ", "step": null, "ts": 1724634347.7890356}]}, "version": 1988, "at": 1724634347.7890356}
{"obj": {"type": "LogStrings", "path": ["monitoring", "a9a755a4", "stderr"], "values": [{"value": "self._ioloop.start()", "step": null, "ts": 1724634347.7890356}]}, "version": 1989, "at": 1724634347.7890356}
{"obj": {"type": "LogStrings", "path": ["monitoring", "a9a755a4", "stderr"], "values": [{"value": "\n", "step": null, "ts": 1724634347.7890356}]}, "version": 1990, "at": 1724634347.7890356}
{"obj": {"type": "LogStrings", "path": ["monitoring", "a9a755a4", "stderr"], "values": [{"value": "", "step": null, "ts": 1724634347.7890356}]}, "version": 1991, "at": 1724634347.7890356}
{"obj": {"type": "LogStrings", "path": ["monitoring", "a9a755a4", "stderr"], "values": [{"value": "  File \"C:\\Users\\tkamy\\AppData\\Local\\Programs\\Python\\Python312\\Lib\\site-packages\\tornado\\ioloop.py\", line 863, in start\n", "step": null, "ts": 1724634347.7890356}]}, "version": 1992, "at": 1724634347.7890356}
{"obj": {"type": "LogStrings", "path": ["monitoring", "a9a755a4", "stderr"], "values": [{"value": "", "step": null, "ts": 1724634347.7890356}]}, "version": 1993, "at": 1724634347.7890356}
{"obj": {"type": "LogStrings", "path": ["monitoring", "a9a755a4", "stderr"], "values": [{"value": "    ", "step": null, "ts": 1724634347.7890356}]}, "version": 1994, "at": 1724634347.7890356}
{"obj": {"type": "LogStrings", "path": ["monitoring", "a9a755a4", "stderr"], "values": [{"value": "event_pairs = self._impl.poll(poll_timeout)", "step": null, "ts": 1724634347.7890356}]}, "version": 1995, "at": 1724634347.7890356}
{"obj": {"type": "LogStrings", "path": ["monitoring", "a9a755a4", "stderr"], "values": [{"value": "\n", "step": null, "ts": 1724634347.7890356}]}, "version": 1996, "at": 1724634347.7890356}
{"obj": {"type": "LogStrings", "path": ["monitoring", "a9a755a4", "stderr"], "values": [{"value": "", "step": null, "ts": 1724634347.7890356}]}, "version": 1997, "at": 1724634347.7890356}
{"obj": {"type": "LogStrings", "path": ["monitoring", "a9a755a4", "stderr"], "values": [{"value": " ", "step": null, "ts": 1724634347.7900355}]}, "version": 1998, "at": 1724634347.7900355}
{"obj": {"type": "LogStrings", "path": ["monitoring", "a9a755a4", "stderr"], "values": [{"value": " ", "step": null, "ts": 1724634347.7900355}]}, "version": 1999, "at": 1724634347.7900355}
{"obj": {"type": "LogStrings", "path": ["monitoring", "a9a755a4", "stderr"], "values": [{"value": " ", "step": null, "ts": 1724634347.7900355}]}, "version": 2000, "at": 1724634347.7900355}
{"obj": {"type": "LogStrings", "path": ["monitoring", "a9a755a4", "stderr"], "values": [{"value": " ", "step": null, "ts": 1724634347.7900355}]}, "version": 2001, "at": 1724634347.7900355}
{"obj": {"type": "LogStrings", "path": ["monitoring", "a9a755a4", "stderr"], "values": [{"value": " ", "step": null, "ts": 1724634347.7900355}]}, "version": 2002, "at": 1724634347.7900355}
{"obj": {"type": "LogStrings", "path": ["monitoring", "a9a755a4", "stderr"], "values": [{"value": " ", "step": null, "ts": 1724634347.7900355}]}, "version": 2003, "at": 1724634347.7900355}
{"obj": {"type": "LogStrings", "path": ["monitoring", "a9a755a4", "stderr"], "values": [{"value": " ", "step": null, "ts": 1724634347.7900355}]}, "version": 2004, "at": 1724634347.7900355}
{"obj": {"type": "LogStrings", "path": ["monitoring", "a9a755a4", "stderr"], "values": [{"value": " ", "step": null, "ts": 1724634347.7900355}]}, "version": 2005, "at": 1724634347.7900355}
{"obj": {"type": "LogStrings", "path": ["monitoring", "a9a755a4", "stderr"], "values": [{"value": " ", "step": null, "ts": 1724634347.7900355}]}, "version": 2006, "at": 1724634347.7900355}
{"obj": {"type": "LogStrings", "path": ["monitoring", "a9a755a4", "stderr"], "values": [{"value": " ", "step": null, "ts": 1724634347.791037}]}, "version": 2007, "at": 1724634347.791037}
{"obj": {"type": "LogStrings", "path": ["monitoring", "a9a755a4", "stderr"], "values": [{"value": " ", "step": null, "ts": 1724634347.791037}]}, "version": 2008, "at": 1724634347.791037}
{"obj": {"type": "LogStrings", "path": ["monitoring", "a9a755a4", "stderr"], "values": [{"value": " ", "step": null, "ts": 1724634347.791037}]}, "version": 2009, "at": 1724634347.791037}
{"obj": {"type": "LogStrings", "path": ["monitoring", "a9a755a4", "stderr"], "values": [{"value": " ", "step": null, "ts": 1724634347.791037}]}, "version": 2010, "at": 1724634347.791037}
{"obj": {"type": "LogStrings", "path": ["monitoring", "a9a755a4", "stderr"], "values": [{"value": " ", "step": null, "ts": 1724634347.791037}]}, "version": 2011, "at": 1724634347.791037}
{"obj": {"type": "LogStrings", "path": ["monitoring", "a9a755a4", "stderr"], "values": [{"value": " ", "step": null, "ts": 1724634347.791037}]}, "version": 2012, "at": 1724634347.7916684}
{"obj": {"type": "LogStrings", "path": ["monitoring", "a9a755a4", "stderr"], "values": [{"value": " ", "step": null, "ts": 1724634347.7916684}]}, "version": 2013, "at": 1724634347.7916684}
{"obj": {"type": "LogStrings", "path": ["monitoring", "a9a755a4", "stderr"], "values": [{"value": " ", "step": null, "ts": 1724634347.7916684}]}, "version": 2014, "at": 1724634347.7916684}
{"obj": {"type": "LogStrings", "path": ["monitoring", "a9a755a4", "stderr"], "values": [{"value": " ", "step": null, "ts": 1724634347.7916684}]}, "version": 2015, "at": 1724634347.7916684}
{"obj": {"type": "LogStrings", "path": ["monitoring", "a9a755a4", "stderr"], "values": [{"value": "^", "step": null, "ts": 1724634347.7926757}]}, "version": 2016, "at": 1724634347.7926757}
{"obj": {"type": "LogStrings", "path": ["monitoring", "a9a755a4", "stderr"], "values": [{"value": "^", "step": null, "ts": 1724634347.7926757}]}, "version": 2017, "at": 1724634347.7926757}
{"obj": {"type": "LogStrings", "path": ["monitoring", "a9a755a4", "stdout"], "values": [{"value": "[neptune] [info   ] Shutting down background jobs, please wait a moment...\n", "step": null, "ts": 1724634347.7926757}]}, "version": 2018, "at": 1724634347.793674}
{"obj": {"type": "LogStrings", "path": ["monitoring", "a9a755a4", "stderr"], "values": [{"value": "^", "step": null, "ts": 1724634347.793674}]}, "version": 2019, "at": 1724634347.793674}
{"obj": {"type": "LogStrings", "path": ["monitoring", "a9a755a4", "stderr"], "values": [{"value": "^", "step": null, "ts": 1724634347.793674}]}, "version": 2020, "at": 1724634347.793674}
{"obj": {"type": "LogStrings", "path": ["monitoring", "a9a755a4", "stderr"], "values": [{"value": "^", "step": null, "ts": 1724634347.7946727}]}, "version": 2021, "at": 1724634347.7946727}
{"obj": {"type": "LogStrings", "path": ["monitoring", "a9a755a4", "stderr"], "values": [{"value": "^", "step": null, "ts": 1724634347.7946727}]}, "version": 2022, "at": 1724634347.7946727}
{"obj": {"type": "LogStrings", "path": ["monitoring", "a9a755a4", "stderr"], "values": [{"value": "^", "step": null, "ts": 1724634347.7946727}]}, "version": 2023, "at": 1724634347.7946727}
{"obj": {"type": "LogStrings", "path": ["monitoring", "a9a755a4", "stderr"], "values": [{"value": "^", "step": null, "ts": 1724634347.7946727}]}, "version": 2024, "at": 1724634347.7946727}
{"obj": {"type": "LogStrings", "path": ["monitoring", "a9a755a4", "stderr"], "values": [{"value": "^", "step": null, "ts": 1724634347.7946727}]}, "version": 2025, "at": 1724634347.7946727}
{"obj": {"type": "LogStrings", "path": ["monitoring", "a9a755a4", "stderr"], "values": [{"value": "^", "step": null, "ts": 1724634347.7946727}]}, "version": 2026, "at": 1724634347.7946727}
{"obj": {"type": "LogStrings", "path": ["monitoring", "a9a755a4", "stderr"], "values": [{"value": "^", "step": null, "ts": 1724634347.7946727}]}, "version": 2027, "at": 1724634347.7946727}
{"obj": {"type": "LogStrings", "path": ["monitoring", "a9a755a4", "stderr"], "values": [{"value": "^", "step": null, "ts": 1724634347.7946727}]}, "version": 2028, "at": 1724634347.7946727}
{"obj": {"type": "LogStrings", "path": ["monitoring", "a9a755a4", "stderr"], "values": [{"value": "^", "step": null, "ts": 1724634347.7946727}]}, "version": 2029, "at": 1724634347.7946727}
{"obj": {"type": "LogStrings", "path": ["monitoring", "a9a755a4", "stderr"], "values": [{"value": "^", "step": null, "ts": 1724634347.7946727}]}, "version": 2030, "at": 1724634347.7946727}
{"obj": {"type": "LogStrings", "path": ["monitoring", "a9a755a4", "stderr"], "values": [{"value": "^", "step": null, "ts": 1724634347.7946727}]}, "version": 2031, "at": 1724634347.7946727}
{"obj": {"type": "LogStrings", "path": ["monitoring", "a9a755a4", "stderr"], "values": [{"value": "^", "step": null, "ts": 1724634347.7946727}]}, "version": 2032, "at": 1724634347.7946727}
{"obj": {"type": "LogStrings", "path": ["monitoring", "a9a755a4", "stderr"], "values": [{"value": "^", "step": null, "ts": 1724634347.7946727}]}, "version": 2033, "at": 1724634347.7956743}
{"obj": {"type": "LogStrings", "path": ["monitoring", "a9a755a4", "stderr"], "values": [{"value": "^", "step": null, "ts": 1724634347.7956743}]}, "version": 2034, "at": 1724634347.7956743}
{"obj": {"type": "LogStrings", "path": ["monitoring", "a9a755a4", "stderr"], "values": [{"value": "^", "step": null, "ts": 1724634347.7956743}]}, "version": 2035, "at": 1724634347.7956743}
{"obj": {"type": "LogStrings", "path": ["monitoring", "a9a755a4", "stderr"], "values": [{"value": "^", "step": null, "ts": 1724634347.7956743}]}, "version": 2036, "at": 1724634347.7956743}
{"obj": {"type": "LogStrings", "path": ["monitoring", "a9a755a4", "stderr"], "values": [{"value": "^", "step": null, "ts": 1724634347.7956743}]}, "version": 2037, "at": 1724634347.7956743}
{"obj": {"type": "LogStrings", "path": ["monitoring", "a9a755a4", "stderr"], "values": [{"value": "^", "step": null, "ts": 1724634347.7956743}]}, "version": 2038, "at": 1724634347.7956743}
{"obj": {"type": "LogStrings", "path": ["monitoring", "a9a755a4", "stderr"], "values": [{"value": "^", "step": null, "ts": 1724634347.7956743}]}, "version": 2039, "at": 1724634347.7956743}
{"obj": {"type": "LogStrings", "path": ["monitoring", "a9a755a4", "stderr"], "values": [{"value": "^", "step": null, "ts": 1724634347.7956743}]}, "version": 2040, "at": 1724634347.7956743}
{"obj": {"type": "LogStrings", "path": ["monitoring", "a9a755a4", "stderr"], "values": [{"value": "^", "step": null, "ts": 1724634347.7956743}]}, "version": 2041, "at": 1724634347.7956743}
{"obj": {"type": "LogStrings", "path": ["monitoring", "a9a755a4", "stderr"], "values": [{"value": "^", "step": null, "ts": 1724634347.7956743}]}, "version": 2042, "at": 1724634347.7956743}
{"obj": {"type": "LogStrings", "path": ["monitoring", "a9a755a4", "stderr"], "values": [{"value": "^", "step": null, "ts": 1724634347.7956743}]}, "version": 2043, "at": 1724634347.7956743}
{"obj": {"type": "LogStrings", "path": ["monitoring", "a9a755a4", "stderr"], "values": [{"value": "^", "step": null, "ts": 1724634347.7956743}]}, "version": 2044, "at": 1724634347.7956743}
{"obj": {"type": "LogStrings", "path": ["monitoring", "a9a755a4", "stderr"], "values": [{"value": "^", "step": null, "ts": 1724634347.7956743}]}, "version": 2045, "at": 1724634347.7956743}
{"obj": {"type": "LogStrings", "path": ["monitoring", "a9a755a4", "stderr"], "values": [{"value": "\n", "step": null, "ts": 1724634347.7966735}]}, "version": 2046, "at": 1724634347.7966735}
{"obj": {"type": "LogStrings", "path": ["monitoring", "a9a755a4", "stderr"], "values": [{"value": "", "step": null, "ts": 1724634347.7966735}]}, "version": 2047, "at": 1724634347.7966735}
{"obj": {"type": "LogStrings", "path": ["monitoring", "a9a755a4", "stderr"], "values": [{"value": "  File \"C:\\Users\\tkamy\\AppData\\Local\\Programs\\Python\\Python312\\Lib\\site-packages\\tornado\\platform\\select.py\", line 62, in poll\n", "step": null, "ts": 1724634347.7966735}]}, "version": 2048, "at": 1724634347.7966735}
{"obj": {"type": "LogStrings", "path": ["monitoring", "a9a755a4", "stderr"], "values": [{"value": "", "step": null, "ts": 1724634347.7966735}]}, "version": 2049, "at": 1724634347.7966735}
{"obj": {"type": "LogStrings", "path": ["monitoring", "a9a755a4", "stderr"], "values": [{"value": "    ", "step": null, "ts": 1724634347.7966735}]}, "version": 2050, "at": 1724634347.7966735}
{"obj": {"type": "LogStrings", "path": ["monitoring", "a9a755a4", "stderr"], "values": [{"value": "readable, writeable, errors = select.select(", "step": null, "ts": 1724634347.7966735}]}, "version": 2051, "at": 1724634347.7966735}
{"obj": {"type": "LogStrings", "path": ["monitoring", "a9a755a4", "stderr"], "values": [{"value": "\n", "step": null, "ts": 1724634347.7966735}]}, "version": 2052, "at": 1724634347.7966735}
{"obj": {"type": "LogStrings", "path": ["monitoring", "a9a755a4", "stderr"], "values": [{"value": "", "step": null, "ts": 1724634347.7966735}]}, "version": 2053, "at": 1724634347.7966735}
{"obj": {"type": "LogStrings", "path": ["monitoring", "a9a755a4", "stderr"], "values": [{"value": " ", "step": null, "ts": 1724634347.7966735}]}, "version": 2054, "at": 1724634347.7966735}
{"obj": {"type": "LogStrings", "path": ["monitoring", "a9a755a4", "stderr"], "values": [{"value": " ", "step": null, "ts": 1724634347.7966735}]}, "version": 2055, "at": 1724634347.7966735}
{"obj": {"type": "LogStrings", "path": ["monitoring", "a9a755a4", "stderr"], "values": [{"value": " ", "step": null, "ts": 1724634347.7966735}]}, "version": 2056, "at": 1724634347.7966735}
{"obj": {"type": "LogStrings", "path": ["monitoring", "a9a755a4", "stderr"], "values": [{"value": " ", "step": null, "ts": 1724634347.7966735}]}, "version": 2057, "at": 1724634347.7966735}
{"obj": {"type": "LogStrings", "path": ["monitoring", "a9a755a4", "stderr"], "values": [{"value": " ", "step": null, "ts": 1724634347.7966735}]}, "version": 2058, "at": 1724634347.7966735}
{"obj": {"type": "LogStrings", "path": ["monitoring", "a9a755a4", "stderr"], "values": [{"value": " ", "step": null, "ts": 1724634347.7966735}]}, "version": 2059, "at": 1724634347.7966735}
{"obj": {"type": "LogStrings", "path": ["monitoring", "a9a755a4", "stderr"], "values": [{"value": " ", "step": null, "ts": 1724634347.7966735}]}, "version": 2060, "at": 1724634347.7966735}
{"obj": {"type": "LogStrings", "path": ["monitoring", "a9a755a4", "stderr"], "values": [{"value": " ", "step": null, "ts": 1724634347.7966735}]}, "version": 2061, "at": 1724634347.7966735}
{"obj": {"type": "LogStrings", "path": ["monitoring", "a9a755a4", "stderr"], "values": [{"value": " ", "step": null, "ts": 1724634347.7966735}]}, "version": 2062, "at": 1724634347.7966735}
{"obj": {"type": "LogStrings", "path": ["monitoring", "a9a755a4", "stderr"], "values": [{"value": " ", "step": null, "ts": 1724634347.7966735}]}, "version": 2063, "at": 1724634347.7966735}
{"obj": {"type": "LogStrings", "path": ["monitoring", "a9a755a4", "stderr"], "values": [{"value": " ", "step": null, "ts": 1724634347.7966735}]}, "version": 2064, "at": 1724634347.7966735}
{"obj": {"type": "LogStrings", "path": ["monitoring", "a9a755a4", "stderr"], "values": [{"value": " ", "step": null, "ts": 1724634347.7966735}]}, "version": 2065, "at": 1724634347.7966735}
{"obj": {"type": "LogStrings", "path": ["monitoring", "a9a755a4", "stderr"], "values": [{"value": " ", "step": null, "ts": 1724634347.7966735}]}, "version": 2066, "at": 1724634347.7966735}
{"obj": {"type": "LogStrings", "path": ["monitoring", "a9a755a4", "stderr"], "values": [{"value": " ", "step": null, "ts": 1724634347.7966735}]}, "version": 2067, "at": 1724634347.7976735}
{"obj": {"type": "LogStrings", "path": ["monitoring", "a9a755a4", "stderr"], "values": [{"value": " ", "step": null, "ts": 1724634347.7976735}]}, "version": 2068, "at": 1724634347.7976735}
{"obj": {"type": "LogStrings", "path": ["monitoring", "a9a755a4", "stderr"], "values": [{"value": " ", "step": null, "ts": 1724634347.7976735}]}, "version": 2069, "at": 1724634347.7976735}
{"obj": {"type": "LogStrings", "path": ["monitoring", "a9a755a4", "stderr"], "values": [{"value": " ", "step": null, "ts": 1724634347.7976735}]}, "version": 2070, "at": 1724634347.7976735}
{"obj": {"type": "LogStrings", "path": ["monitoring", "a9a755a4", "stderr"], "values": [{"value": " ", "step": null, "ts": 1724634347.7976735}]}, "version": 2071, "at": 1724634347.7976735}
{"obj": {"type": "LogStrings", "path": ["monitoring", "a9a755a4", "stderr"], "values": [{"value": " ", "step": null, "ts": 1724634347.7976735}]}, "version": 2072, "at": 1724634347.7976735}
{"obj": {"type": "LogStrings", "path": ["monitoring", "a9a755a4", "stderr"], "values": [{"value": " ", "step": null, "ts": 1724634347.7976735}]}, "version": 2073, "at": 1724634347.7976735}
{"obj": {"type": "LogStrings", "path": ["monitoring", "a9a755a4", "stderr"], "values": [{"value": " ", "step": null, "ts": 1724634347.7976735}]}, "version": 2074, "at": 1724634347.7976735}
{"obj": {"type": "LogStrings", "path": ["monitoring", "a9a755a4", "stderr"], "values": [{"value": " ", "step": null, "ts": 1724634347.7976735}]}, "version": 2075, "at": 1724634347.7976735}
{"obj": {"type": "LogStrings", "path": ["monitoring", "a9a755a4", "stderr"], "values": [{"value": " ", "step": null, "ts": 1724634347.7976735}]}, "version": 2076, "at": 1724634347.7976735}
{"obj": {"type": "LogStrings", "path": ["monitoring", "a9a755a4", "stderr"], "values": [{"value": " ", "step": null, "ts": 1724634347.7976735}]}, "version": 2077, "at": 1724634347.7976735}
{"obj": {"type": "LogStrings", "path": ["monitoring", "a9a755a4", "stderr"], "values": [{"value": " ", "step": null, "ts": 1724634347.7976735}]}, "version": 2078, "at": 1724634347.7976735}
{"obj": {"type": "LogStrings", "path": ["monitoring", "a9a755a4", "stderr"], "values": [{"value": " ", "step": null, "ts": 1724634347.7976735}]}, "version": 2079, "at": 1724634347.7976735}
{"obj": {"type": "LogStrings", "path": ["monitoring", "a9a755a4", "stderr"], "values": [{"value": " ", "step": null, "ts": 1724634347.7976735}]}, "version": 2080, "at": 1724634347.7976735}
{"obj": {"type": "LogStrings", "path": ["monitoring", "a9a755a4", "stderr"], "values": [{"value": " ", "step": null, "ts": 1724634347.7976735}]}, "version": 2081, "at": 1724634347.7976735}
{"obj": {"type": "LogStrings", "path": ["monitoring", "a9a755a4", "stderr"], "values": [{"value": " ", "step": null, "ts": 1724634347.7976735}]}, "version": 2082, "at": 1724634347.7976735}
{"obj": {"type": "LogStrings", "path": ["monitoring", "a9a755a4", "stderr"], "values": [{"value": " ", "step": null, "ts": 1724634347.7976735}]}, "version": 2083, "at": 1724634347.7976735}
{"obj": {"type": "LogStrings", "path": ["monitoring", "a9a755a4", "stderr"], "values": [{"value": " ", "step": null, "ts": 1724634347.7976735}]}, "version": 2084, "at": 1724634347.7976735}
{"obj": {"type": "LogStrings", "path": ["monitoring", "a9a755a4", "stderr"], "values": [{"value": " ", "step": null, "ts": 1724634347.798678}]}, "version": 2085, "at": 1724634347.798678}
{"obj": {"type": "LogStrings", "path": ["monitoring", "a9a755a4", "stderr"], "values": [{"value": " ", "step": null, "ts": 1724634347.798678}]}, "version": 2086, "at": 1724634347.798678}
{"obj": {"type": "LogStrings", "path": ["monitoring", "a9a755a4", "stderr"], "values": [{"value": " ", "step": null, "ts": 1724634347.798678}]}, "version": 2087, "at": 1724634347.798678}
{"obj": {"type": "LogStrings", "path": ["monitoring", "a9a755a4", "stderr"], "values": [{"value": "^", "step": null, "ts": 1724634347.798678}]}, "version": 2088, "at": 1724634347.798678}
{"obj": {"type": "LogStrings", "path": ["monitoring", "a9a755a4", "stderr"], "values": [{"value": "^", "step": null, "ts": 1724634347.798678}]}, "version": 2089, "at": 1724634347.798678}
{"obj": {"type": "LogStrings", "path": ["monitoring", "a9a755a4", "stderr"], "values": [{"value": "^", "step": null, "ts": 1724634347.798678}]}, "version": 2090, "at": 1724634347.798678}
{"obj": {"type": "LogStrings", "path": ["monitoring", "a9a755a4", "stderr"], "values": [{"value": "^", "step": null, "ts": 1724634347.798678}]}, "version": 2091, "at": 1724634347.798678}
{"obj": {"type": "LogStrings", "path": ["monitoring", "a9a755a4", "stderr"], "values": [{"value": "^", "step": null, "ts": 1724634347.798678}]}, "version": 2092, "at": 1724634347.798678}
{"obj": {"type": "LogStrings", "path": ["monitoring", "a9a755a4", "stderr"], "values": [{"value": "^", "step": null, "ts": 1724634347.798678}]}, "version": 2093, "at": 1724634347.798678}
{"obj": {"type": "LogStrings", "path": ["monitoring", "a9a755a4", "stderr"], "values": [{"value": "^", "step": null, "ts": 1724634347.798678}]}, "version": 2094, "at": 1724634347.798678}
{"obj": {"type": "LogStrings", "path": ["monitoring", "a9a755a4", "stderr"], "values": [{"value": "^", "step": null, "ts": 1724634347.798678}]}, "version": 2095, "at": 1724634347.798678}
{"obj": {"type": "LogStrings", "path": ["monitoring", "a9a755a4", "stderr"], "values": [{"value": "^", "step": null, "ts": 1724634347.798678}]}, "version": 2096, "at": 1724634347.798678}
{"obj": {"type": "LogStrings", "path": ["monitoring", "a9a755a4", "stderr"], "values": [{"value": "^", "step": null, "ts": 1724634347.798678}]}, "version": 2097, "at": 1724634347.798678}
{"obj": {"type": "LogStrings", "path": ["monitoring", "a9a755a4", "stderr"], "values": [{"value": "^", "step": null, "ts": 1724634347.798678}]}, "version": 2098, "at": 1724634347.798678}
{"obj": {"type": "LogStrings", "path": ["monitoring", "a9a755a4", "stderr"], "values": [{"value": "^", "step": null, "ts": 1724634347.798678}]}, "version": 2099, "at": 1724634347.798678}
{"obj": {"type": "LogStrings", "path": ["monitoring", "a9a755a4", "stderr"], "values": [{"value": "^", "step": null, "ts": 1724634347.798678}]}, "version": 2100, "at": 1724634347.798678}
{"obj": {"type": "LogStrings", "path": ["monitoring", "a9a755a4", "stderr"], "values": [{"value": "^", "step": null, "ts": 1724634347.798678}]}, "version": 2101, "at": 1724634347.798678}
{"obj": {"type": "LogStrings", "path": ["monitoring", "a9a755a4", "stderr"], "values": [{"value": "\n", "step": null, "ts": 1724634347.798678}]}, "version": 2102, "at": 1724634347.798678}
{"obj": {"type": "LogStrings", "path": ["monitoring", "a9a755a4", "stderr"], "values": [{"value": "", "step": null, "ts": 1724634347.798678}]}, "version": 2103, "at": 1724634347.798678}
{"obj": {"type": "LogStrings", "path": ["monitoring", "a9a755a4", "stderr"], "values": [{"value": "KeyboardInterrupt", "step": null, "ts": 1724634347.798678}]}, "version": 2104, "at": 1724634347.798678}
{"obj": {"type": "LogStrings", "path": ["monitoring", "a9a755a4", "stderr"], "values": [{"value": "", "step": null, "ts": 1724634347.798678}]}, "version": 2105, "at": 1724634347.798678}
{"obj": {"type": "LogStrings", "path": ["monitoring", "a9a755a4", "stderr"], "values": [{"value": "\n", "step": null, "ts": 1724634347.798678}]}, "version": 2106, "at": 1724634347.798678}
