{"obj": {"type": "AssignString", "path": ["sys", "description"], "value": ""}, "version": 1, "at": 1724635240.9352343}
{"obj": {"type": "AssignString", "path": ["monitoring", "59169b80", "hostname"], "value": "LAPTOP-IESB2RHE"}, "version": 2, "at": 1724635240.9352343}
{"obj": {"type": "AssignString", "path": ["sys", "hostname"], "value": "LAPTOP-IESB2RHE"}, "version": 3, "at": 1724635240.9357371}
{"obj": {"type": "AssignString", "path": ["monitoring", "59169b80", "pid"], "value": "38888"}, "version": 4, "at": 1724635240.9357371}
{"obj": {"type": "AssignString", "path": ["monitoring", "59169b80", "tid"], "value": "34416"}, "version": 5, "at": 1724635240.9357371}
{"obj": {"type": "AssignBool", "path": ["sys", "failed"], "value": false}, "version": 6, "at": 1724635240.9357371}
{"obj": {"type": "ClearStringLog", "path": ["monitoring", "59169b80", "stdout"]}, "version": 7, "at": 1724635240.9357371}
{"obj": {"type": "ClearStringLog", "path": ["monitoring", "59169b80", "stderr"]}, "version": 8, "at": 1724635240.9357371}
{"obj": {"type": "AssignString", "path": ["source_code", "entrypoint"], "value": "train_dqn.py"}, "version": 9, "at": 1724635240.9357371}
{"obj": {"type": "UploadFileSet", "path": ["source_code", "files"], "file_globs": ["C:\\Users\\tkamy\\OneDrive\\Bureau\\DQN\\PFE-Efficient-tracking-and-collision-avoidance-system-in-UAV\\RL\\apps\\train_dqn.py"], "reset": "False"}, "version": 10, "at": 1724635240.9357371}
{"obj": {"type": "UploadFile", "path": ["source_code", "diff"], "ext": "patch", "file_path": null, "tmp_file_name": "source_code_diff-1724635241.396989-2024-08-26_02.20.41.396989.patch", "clean_after_upload": false}, "version": 11, "at": 1724635241.396989}
{"obj": {"type": "UploadFile", "path": ["source_code", "upstream_diff_136a0236adf7d7e7670174d4eec7e9b7ec053bff"], "ext": "patch", "file_path": null, "tmp_file_name": "source_code_upstream_diff_136a0236adf7d7e7670174d4eec7e9b7ec053bff-1724635241.397944-2024-08-26_02.20.41.397944.patch", "clean_after_upload": false}, "version": 12, "at": 1724635241.3979442}
{"obj": {"type": "ConfigFloatSeries", "path": ["monitoring", "59169b80", "cpu"], "min": 0.0, "max": 100.0, "unit": "%"}, "version": 13, "at": 1724635241.4510138}
{"obj": {"type": "ClearFloatLog", "path": ["monitoring", "59169b80", "cpu"]}, "version": 14, "at": 1724635241.4510138}
{"obj": {"type": "ConfigFloatSeries", "path": ["monitoring", "59169b80", "memory"], "min": 0.0, "max": 15.648944854736328, "unit": "GB"}, "version": 15, "at": 1724635241.4510138}
{"obj": {"type": "ClearFloatLog", "path": ["monitoring", "59169b80", "memory"]}, "version": 16, "at": 1724635241.4510138}
{"obj": {"type": "ConfigFloatSeries", "path": ["monitoring", "59169b80", "gpu"], "min": 0.0, "max": 100.0, "unit": "%"}, "version": 17, "at": 1724635241.4510138}
{"obj": {"type": "ClearFloatLog", "path": ["monitoring", "59169b80", "gpu"]}, "version": 18, "at": 1724635241.4510138}
{"obj": {"type": "ConfigFloatSeries", "path": ["monitoring", "59169b80", "gpu_memory"], "min": 0.0, "max": 6.0, "unit": "GB"}, "version": 19, "at": 1724635241.4510138}
{"obj": {"type": "ClearFloatLog", "path": ["monitoring", "59169b80", "gpu_memory"]}, "version": 20, "at": 1724635241.4510138}
{"obj": {"type": "ConfigFloatSeries", "path": ["monitoring", "59169b80", "gpu_power"], "min": 0.0, "max": 65, "unit": "W"}, "version": 21, "at": 1724635241.4510138}
{"obj": {"type": "ClearFloatLog", "path": ["monitoring", "59169b80", "gpu_power"]}, "version": 22, "at": 1724635241.4510138}
{"obj": {"type": "LogFloats", "path": ["monitoring", "59169b80", "memory"], "values": [{"value": 12.935611724853516, "step": null, "ts": 1724635241.4520147}]}, "version": 23, "at": 1724635241.4610267}
{"obj": {"type": "LogFloats", "path": ["monitoring", "59169b80", "gpu"], "values": [{"value": 18.0, "step": null, "ts": 1724635241.4520147}]}, "version": 24, "at": 1724635241.4610267}
{"obj": {"type": "LogFloats", "path": ["monitoring", "59169b80", "gpu_memory"], "values": [{"value": 1.2818489074707031, "step": null, "ts": 1724635241.4520147}]}, "version": 25, "at": 1724635241.4610267}
{"obj": {"type": "LogFloats", "path": ["monitoring", "59169b80", "gpu_power"], "values": [{"value": 5.463, "step": null, "ts": 1724635241.4520147}]}, "version": 26, "at": 1724635241.462043}
{"obj": {"type": "LogStrings", "path": ["monitoring", "59169b80", "stdout"], "values": [{"value": "Connected!", "step": null, "ts": 1724635241.4630485}]}, "version": 27, "at": 1724635241.4630485}
{"obj": {"type": "LogStrings", "path": ["monitoring", "59169b80", "stdout"], "values": [{"value": "\n", "step": null, "ts": 1724635241.4640255}]}, "version": 28, "at": 1724635241.4640255}
{"obj": {"type": "LogStrings", "path": ["monitoring", "59169b80", "stdout"], "values": [{"value": "Client Ver:1 (Min Req: 1), Server Ver:1 (Min Req: 1)", "step": null, "ts": 1724635241.4650264}]}, "version": 29, "at": 1724635241.4650264}
{"obj": {"type": "LogStrings", "path": ["monitoring", "59169b80", "stdout"], "values": [{"value": "\n", "step": null, "ts": 1724635241.4655733}]}, "version": 30, "at": 1724635241.4655733}
{"obj": {"type": "LogStrings", "path": ["monitoring", "59169b80", "stdout"], "values": [{"value": "", "step": null, "ts": 1724635241.4655733}]}, "version": 31, "at": 1724635241.4655733}
{"obj": {"type": "LogStrings", "path": ["monitoring", "59169b80", "stdout"], "values": [{"value": "\n", "step": null, "ts": 1724635241.4655733}]}, "version": 32, "at": 1724635241.4655733}
{"obj": {"type": "LogStrings", "path": ["monitoring", "59169b80", "stdout"], "values": [{"value": "Drone2 is set !", "step": null, "ts": 1724635241.4667308}]}, "version": 33, "at": 1724635241.4667308}
{"obj": {"type": "LogStrings", "path": ["monitoring", "59169b80", "stdout"], "values": [{"value": "\n", "step": null, "ts": 1724635241.467735}]}, "version": 34, "at": 1724635241.467735}
{"obj": {"type": "LogStrings", "path": ["monitoring", "59169b80", "stdout"], "values": [{"value": "Connected!", "step": null, "ts": 1724635241.468736}]}, "version": 35, "at": 1724635241.468736}
{"obj": {"type": "LogStrings", "path": ["monitoring", "59169b80", "stdout"], "values": [{"value": "\n", "step": null, "ts": 1724635241.468736}]}, "version": 36, "at": 1724635241.468736}
{"obj": {"type": "LogStrings", "path": ["monitoring", "59169b80", "stdout"], "values": [{"value": "Client Ver:1 (Min Req: 1), Server Ver:1 (Min Req: 1)", "step": null, "ts": 1724635241.4697466}]}, "version": 37, "at": 1724635241.4697466}
{"obj": {"type": "LogStrings", "path": ["monitoring", "59169b80", "stdout"], "values": [{"value": "\n", "step": null, "ts": 1724635241.4697466}]}, "version": 38, "at": 1724635241.4697466}
{"obj": {"type": "LogStrings", "path": ["monitoring", "59169b80", "stdout"], "values": [{"value": "", "step": null, "ts": 1724635241.4707358}]}, "version": 39, "at": 1724635241.4707358}
{"obj": {"type": "LogStrings", "path": ["monitoring", "59169b80", "stdout"], "values": [{"value": "\n", "step": null, "ts": 1724635241.4707358}]}, "version": 40, "at": 1724635241.4707358}
{"obj": {"type": "LogStrings", "path": ["monitoring", "59169b80", "stdout"], "values": [{"value": "Drone1 is set !", "step": null, "ts": 1724635241.4717338}]}, "version": 41, "at": 1724635241.4717338}
{"obj": {"type": "LogStrings", "path": ["monitoring", "59169b80", "stdout"], "values": [{"value": "\n", "step": null, "ts": 1724635241.4717338}]}, "version": 42, "at": 1724635241.4717338}
{"obj": {"type": "LogStrings", "path": ["monitoring", "59169b80", "stdout"], "values": [{"value": "[14.82628345489502, 14.82628345489502, 14.82628345489502, 14.82628345489502, 12.323612213134766, 14.82628345489502, 14.82628345489502, 14.82628345489502, 14.82628345489502]", "step": null, "ts": 1724635241.4787514}]}, "version": 43, "at": 1724635241.4787514}
{"obj": {"type": "LogStrings", "path": ["monitoring", "59169b80", "stdout"], "values": [{"value": "\n", "step": null, "ts": 1724635241.4797835}]}, "version": 44, "at": 1724635241.4797835}
{"obj": {"type": "LogStrings", "path": ["monitoring", "59169b80", "stdout"], "values": [{"value": "Found 1 cylinders in image", "step": null, "ts": 1724635241.9230754}]}, "version": 45, "at": 1724635241.9240763}
{"obj": {"type": "LogStrings", "path": ["monitoring", "59169b80", "stdout"], "values": [{"value": "\n", "step": null, "ts": 1724635241.926614}]}, "version": 46, "at": 1724635241.926614}
{"obj": {"type": "LogStrings", "path": ["monitoring", "59169b80", "stdout"], "values": [{"value": "Found 0 cylinders in image", "step": null, "ts": 1724635242.5916836}]}, "version": 47, "at": 1724635242.5916836}
{"obj": {"type": "LogStrings", "path": ["monitoring", "59169b80", "stdout"], "values": [{"value": "\n", "step": null, "ts": 1724635242.5916836}]}, "version": 48, "at": 1724635242.5926836}
{"obj": {"type": "LogStrings", "path": ["monitoring", "59169b80", "stdout"], "values": [{"value": "episode ", "step": null, "ts": 1724635243.172558}]}, "version": 49, "at": 1724635243.172558}
{"obj": {"type": "LogStrings", "path": ["monitoring", "59169b80", "stdout"], "values": [{"value": " ", "step": null, "ts": 1724635243.172558}]}, "version": 50, "at": 1724635243.172558}
{"obj": {"type": "LogStrings", "path": ["monitoring", "59169b80", "stdout"], "values": [{"value": "0", "step": null, "ts": 1724635243.172558}]}, "version": 51, "at": 1724635243.172558}
{"obj": {"type": "LogStrings", "path": ["monitoring", "59169b80", "stdout"], "values": [{"value": "\n", "step": null, "ts": 1724635243.1735563}]}, "version": 52, "at": 1724635243.1735563}
{"obj": {"type": "LogStrings", "path": ["monitoring", "59169b80", "stdout"], "values": [{"value": "reset", "step": null, "ts": 1724635243.1735563}]}, "version": 53, "at": 1724635243.1735563}
{"obj": {"type": "LogStrings", "path": ["monitoring", "59169b80", "stdout"], "values": [{"value": "\n", "step": null, "ts": 1724635243.1735563}]}, "version": 54, "at": 1724635243.1735563}
{"obj": {"type": "LogStrings", "path": ["monitoring", "59169b80", "stdout"], "values": [{"value": "Found 1 cylinders in image", "step": null, "ts": 1724635243.9227705}]}, "version": 55, "at": 1724635243.9227705}
{"obj": {"type": "LogStrings", "path": ["monitoring", "59169b80", "stdout"], "values": [{"value": "\n", "step": null, "ts": 1724635243.9247682}]}, "version": 56, "at": 1724635243.9247682}
{"obj": {"type": "LogFloats", "path": ["monitoring", "59169b80", "cpu"], "values": [{"value": 9.6, "step": null, "ts": 1724635251.4633036}]}, "version": 57, "at": 1724635251.4709785}
{"obj": {"type": "LogFloats", "path": ["monitoring", "59169b80", "memory"], "values": [{"value": 12.984073638916016, "step": null, "ts": 1724635251.4633036}]}, "version": 58, "at": 1724635251.4709785}
{"obj": {"type": "LogFloats", "path": ["monitoring", "59169b80", "gpu_memory"], "values": [{"value": 1.2941627502441406, "step": null, "ts": 1724635251.4633036}]}, "version": 59, "at": 1724635251.4709785}
{"obj": {"type": "LogFloats", "path": ["monitoring", "59169b80", "gpu_power"], "values": [{"value": 5.828, "step": null, "ts": 1724635251.4633036}]}, "version": 60, "at": 1724635251.4709785}
{"obj": {"type": "LogStrings", "path": ["monitoring", "59169b80", "stdout"], "values": [{"value": "Drone1 moved with speed vector [1, 0, 0] with duration 2", "step": null, "ts": 1724635252.8058362}]}, "version": 61, "at": 1724635252.8058362}
{"obj": {"type": "LogStrings", "path": ["monitoring", "59169b80", "stdout"], "values": [{"value": "\n", "step": null, "ts": 1724635252.8058362}]}, "version": 62, "at": 1724635252.8058362}
{"obj": {"type": "LogStrings", "path": ["monitoring", "59169b80", "stdout"], "values": [{"value": "before threads ", "step": null, "ts": 1724635252.8058362}]}, "version": 63, "at": 1724635252.8058362}
{"obj": {"type": "LogStrings", "path": ["monitoring", "59169b80", "stdout"], "values": [{"value": " ", "step": null, "ts": 1724635252.8058362}]}, "version": 64, "at": 1724635252.8058362}
{"obj": {"type": "LogStrings", "path": ["monitoring", "59169b80", "stdout"], "values": [{"value": "0", "step": null, "ts": 1724635252.8058362}]}, "version": 65, "at": 1724635252.8058362}
{"obj": {"type": "LogStrings", "path": ["monitoring", "59169b80", "stdout"], "values": [{"value": "\n", "step": null, "ts": 1724635252.8058362}]}, "version": 66, "at": 1724635252.8058362}
{"obj": {"type": "LogStrings", "path": ["monitoring", "59169b80", "stdout"], "values": [{"value": "drone 2 ", "step": null, "ts": 1724635252.8072543}]}, "version": 67, "at": 1724635252.8072543}
{"obj": {"type": "LogStrings", "path": ["monitoring", "59169b80", "stdout"], "values": [{"value": " ", "step": null, "ts": 1724635252.8081589}]}, "version": 68, "at": 1724635252.8081589}
{"obj": {"type": "LogStrings", "path": ["monitoring", "59169b80", "stdout"], "values": [{"value": "(3, 0, 0)", "step": null, "ts": 1724635252.8081589}]}, "version": 69, "at": 1724635252.8081589}
{"obj": {"type": "LogStrings", "path": ["monitoring", "59169b80", "stdout"], "values": [{"value": "action ", "step": null, "ts": 1724635252.8081589}]}, "version": 70, "at": 1724635252.809162}
{"obj": {"type": "LogStrings", "path": ["monitoring", "59169b80", "stdout"], "values": [{"value": " ", "step": null, "ts": 1724635252.8101585}]}, "version": 71, "at": 1724635252.8101585}
{"obj": {"type": "LogStrings", "path": ["monitoring", "59169b80", "stdout"], "values": [{"value": "274", "step": null, "ts": 1724635252.8101585}]}, "version": 72, "at": 1724635252.8101585}
{"obj": {"type": "LogStrings", "path": ["monitoring", "59169b80", "stdout"], "values": [{"value": "\n", "step": null, "ts": 1724635252.8111603}]}, "version": 73, "at": 1724635252.8111603}
{"obj": {"type": "LogStrings", "path": ["monitoring", "59169b80", "stdout"], "values": [{"value": "\n", "step": null, "ts": 1724635252.8111603}]}, "version": 74, "at": 1724635252.8111603}
{"obj": {"type": "LogStrings", "path": ["monitoring", "59169b80", "stdout"], "values": [{"value": "Found 1 cylinders in image", "step": null, "ts": 1724635253.3209836}]}, "version": 75, "at": 1724635253.3209836}
{"obj": {"type": "LogStrings", "path": ["monitoring", "59169b80", "stdout"], "values": [{"value": "\n", "step": null, "ts": 1724635253.3219917}]}, "version": 76, "at": 1724635253.3219917}
{"obj": {"type": "LogStrings", "path": ["monitoring", "59169b80", "stdout"], "values": [{"value": "new_x = ", "step": null, "ts": 1724635253.3254943}]}, "version": 77, "at": 1724635253.3254943}
{"obj": {"type": "LogStrings", "path": ["monitoring", "59169b80", "stdout"], "values": [{"value": " ", "step": null, "ts": 1724635253.3265028}]}, "version": 78, "at": 1724635253.3265028}
{"obj": {"type": "LogStrings", "path": ["monitoring", "59169b80", "stdout"], "values": [{"value": "-1.9896761692303158", "step": null, "ts": 1724635253.3265028}]}, "version": 79, "at": 1724635253.3265028}
{"obj": {"type": "LogStrings", "path": ["monitoring", "59169b80", "stdout"], "values": [{"value": " ", "step": null, "ts": 1724635253.3265028}]}, "version": 80, "at": 1724635253.3265028}
{"obj": {"type": "LogStrings", "path": ["monitoring", "59169b80", "stdout"], "values": [{"value": " new_y = ", "step": null, "ts": 1724635253.3265028}]}, "version": 81, "at": 1724635253.3265028}
{"obj": {"type": "LogStrings", "path": ["monitoring", "59169b80", "stdout"], "values": [{"value": " ", "step": null, "ts": 1724635253.3265028}]}, "version": 82, "at": 1724635253.3265028}
{"obj": {"type": "LogStrings", "path": ["monitoring", "59169b80", "stdout"], "values": [{"value": "0.38624689407556645", "step": null, "ts": 1724635253.3265028}]}, "version": 83, "at": 1724635253.3265028}
{"obj": {"type": "LogStrings", "path": ["monitoring", "59169b80", "stdout"], "values": [{"value": "\n", "step": null, "ts": 1724635253.3265028}]}, "version": 84, "at": 1724635253.3265028}
{"obj": {"type": "LogStrings", "path": ["monitoring", "59169b80", "stdout"], "values": [{"value": "Drone2 moved with speed vector [3, 0, 0] with duration 2", "step": null, "ts": 1724635254.826807}]}, "version": 85, "at": 1724635254.826807}
{"obj": {"type": "LogStrings", "path": ["monitoring", "59169b80", "stdout"], "values": [{"value": "\n", "step": null, "ts": 1724635254.8278115}]}, "version": 86, "at": 1724635254.8278115}
{"obj": {"type": "LogStrings", "path": ["monitoring", "59169b80", "stdout"], "values": [{"value": "drone 2 ", "step": null, "ts": 1724635254.8278115}]}, "version": 87, "at": 1724635254.8278115}
{"obj": {"type": "LogStrings", "path": ["monitoring", "59169b80", "stdout"], "values": [{"value": " ", "step": null, "ts": 1724635254.8278115}]}, "version": 88, "at": 1724635254.8278115}
{"obj": {"type": "LogStrings", "path": ["monitoring", "59169b80", "stdout"], "values": [{"value": "(3, 2, 0)", "step": null, "ts": 1724635254.828857}]}, "version": 89, "at": 1724635254.828857}
{"obj": {"type": "LogStrings", "path": ["monitoring", "59169b80", "stdout"], "values": [{"value": "\n", "step": null, "ts": 1724635254.828857}]}, "version": 90, "at": 1724635254.828857}
{"obj": {"type": "LogStrings", "path": ["monitoring", "59169b80", "stdout"], "values": [{"value": "Drone1 moved with speed vector [-1.9896761692303158, 0.38624689407556645, 0] with duration 3", "step": null, "ts": 1724635256.3317428}]}, "version": 91, "at": 1724635256.3317428}
{"obj": {"type": "LogStrings", "path": ["monitoring", "59169b80", "stdout"], "values": [{"value": "\n", "step": null, "ts": 1724635256.3317428}]}, "version": 92, "at": 1724635256.3326232}
{"obj": {"type": "LogStrings", "path": ["monitoring", "59169b80", "stdout"], "values": [{"value": "rc=0 , rfov=0 , rd=1.00024071168784 , rdir = 0.09246446609497071 , robs= 0 , r_v=0 , r_ang= -1.0584437898598165 , rf=0 ", "step": null, "ts": 1724635256.3336234}]}, "version": 93, "at": 1724635256.3336234}
{"obj": {"type": "LogStrings", "path": ["monitoring", "59169b80", "stdout"], "values": [{"value": "\n", "step": null, "ts": 1724635256.3336234}]}, "version": 94, "at": 1724635256.3336234}
{"obj": {"type": "LogStrings", "path": ["monitoring", "59169b80", "stdout"], "values": [{"value": "next state ", "step": null, "ts": 1724635256.3336234}]}, "version": 95, "at": 1724635256.3336234}
{"obj": {"type": "LogStrings", "path": ["monitoring", "59169b80", "stdout"], "values": [{"value": " ", "step": null, "ts": 1724635256.3346212}]}, "version": 96, "at": 1724635256.3346212}
{"obj": {"type": "LogStrings", "path": ["monitoring", "59169b80", "stdout"], "values": [{"value": "[0.0006369341164827347, -2.150667231110015e-13, -0.03533370892206828, 0.0, 0.0, 0.00162027341624101, 0.10595108990656361, 0.10715464834576387, 0.00078125, 0.0010040811844813972, 0.000781249962747097, 0.0013950416188181184, -1, -1, 14.623223304748535, 14.623223304748535, 14.623223304748535, 14.623223304748535, 14.623223304748535, 14.623223304748535, 14.623223304748535, 14.623223304748535, 15.044014930725098]", "step": null, "ts": 1724635256.3351245}]}, "version": 97, "at": 1724635256.3351245}
{"obj": {"type": "LogStrings", "path": ["monitoring", "59169b80", "stdout"], "values": [{"value": "\n", "step": null, "ts": 1724635256.3351245}]}, "version": 98, "at": 1724635256.3351245}
{"obj": {"type": "LogStrings", "path": ["monitoring", "59169b80", "stdout"], "values": [{"value": "action ", "step": null, "ts": 1724635256.3351245}]}, "version": 99, "at": 1724635256.3351245}
{"obj": {"type": "LogStrings", "path": ["monitoring", "59169b80", "stdout"], "values": [{"value": " ", "step": null, "ts": 1724635256.3356295}]}, "version": 100, "at": 1724635256.3356295}
{"obj": {"type": "LogStrings", "path": ["monitoring", "59169b80", "stdout"], "values": [{"value": "167", "step": null, "ts": 1724635256.3356295}]}, "version": 101, "at": 1724635256.3356295}
{"obj": {"type": "LogStrings", "path": ["monitoring", "59169b80", "stdout"], "values": [{"value": "\n", "step": null, "ts": 1724635256.3356295}]}, "version": 102, "at": 1724635256.3356295}
{"obj": {"type": "LogStrings", "path": ["monitoring", "59169b80", "stdout"], "values": [{"value": "Found 1 cylinders in image", "step": null, "ts": 1724635256.69254}]}, "version": 103, "at": 1724635256.69254}
{"obj": {"type": "LogStrings", "path": ["monitoring", "59169b80", "stdout"], "values": [{"value": "\n", "step": null, "ts": 1724635256.6950564}]}, "version": 104, "at": 1724635256.6950564}
{"obj": {"type": "LogStrings", "path": ["monitoring", "59169b80", "stdout"], "values": [{"value": "new_x = ", "step": null, "ts": 1724635256.7026215}]}, "version": 105, "at": 1724635256.7026215}
{"obj": {"type": "LogStrings", "path": ["monitoring", "59169b80", "stdout"], "values": [{"value": " ", "step": null, "ts": 1724635256.703616}]}, "version": 106, "at": 1724635256.703616}
{"obj": {"type": "LogStrings", "path": ["monitoring", "59169b80", "stdout"], "values": [{"value": "1.8228022538325548", "step": null, "ts": 1724635256.703616}]}, "version": 107, "at": 1724635256.703616}
{"obj": {"type": "LogStrings", "path": ["monitoring", "59169b80", "stdout"], "values": [{"value": " ", "step": null, "ts": 1724635256.703616}]}, "version": 108, "at": 1724635256.703616}
{"obj": {"type": "LogStrings", "path": ["monitoring", "59169b80", "stdout"], "values": [{"value": " new_y = ", "step": null, "ts": 1724635256.703616}]}, "version": 109, "at": 1724635256.703616}
{"obj": {"type": "LogStrings", "path": ["monitoring", "59169b80", "stdout"], "values": [{"value": " ", "step": null, "ts": 1724635256.7046144}]}, "version": 110, "at": 1724635256.7046144}
{"obj": {"type": "LogStrings", "path": ["monitoring", "59169b80", "stdout"], "values": [{"value": "1.7489339919230904", "step": null, "ts": 1724635256.7046144}]}, "version": 111, "at": 1724635256.7046144}
{"obj": {"type": "LogStrings", "path": ["monitoring", "59169b80", "stdout"], "values": [{"value": "\n", "step": null, "ts": 1724635256.7046144}]}, "version": 112, "at": 1724635256.7046144}
{"obj": {"type": "LogStrings", "path": ["monitoring", "59169b80", "stdout"], "values": [{"value": "Drone2 moved with speed vector [3, 2, 0] with duration 2", "step": null, "ts": 1724635256.8505878}]}, "version": 113, "at": 1724635256.8505878}
{"obj": {"type": "LogStrings", "path": ["monitoring", "59169b80", "stdout"], "values": [{"value": "\n", "step": null, "ts": 1724635256.851587}]}, "version": 114, "at": 1724635256.851587}
{"obj": {"type": "LogStrings", "path": ["monitoring", "59169b80", "stdout"], "values": [{"value": "drone 2 ", "step": null, "ts": 1724635256.851587}]}, "version": 115, "at": 1724635256.851587}
{"obj": {"type": "LogStrings", "path": ["monitoring", "59169b80", "stdout"], "values": [{"value": " ", "step": null, "ts": 1724635256.851587}]}, "version": 116, "at": 1724635256.851587}
{"obj": {"type": "LogStrings", "path": ["monitoring", "59169b80", "stdout"], "values": [{"value": "(6, 0, 0)", "step": null, "ts": 1724635256.851587}]}, "version": 117, "at": 1724635256.851587}
{"obj": {"type": "LogStrings", "path": ["monitoring", "59169b80", "stdout"], "values": [{"value": "\n", "step": null, "ts": 1724635256.851587}]}, "version": 118, "at": 1724635256.851587}
{"obj": {"type": "LogStrings", "path": ["monitoring", "59169b80", "stdout"], "values": [{"value": "Drone1 moved with speed vector [1.8228022538325548, 1.7489339919230904, 0] with duration 2", "step": null, "ts": 1724635258.7236583}]}, "version": 119, "at": 1724635258.7236583}
{"obj": {"type": "LogStrings", "path": ["monitoring", "59169b80", "stdout"], "values": [{"value": "\n", "step": null, "ts": 1724635258.7236583}]}, "version": 120, "at": 1724635258.7236583}
{"obj": {"type": "LogStrings", "path": ["monitoring", "59169b80", "stdout"], "values": [{"value": "rc=0 , rfov=0 , rd=-2.0192620952643767 , rdir = 0.09810564041137695 , robs= 0 , r_v=0 , r_ang= -1.0596982861278303 , rf=-50 ", "step": null, "ts": 1724635258.7246542}]}, "version": 121, "at": 1724635258.7246542}
{"obj": {"type": "LogStrings", "path": ["monitoring", "59169b80", "stdout"], "values": [{"value": "\n", "step": null, "ts": 1724635258.7258818}]}, "version": 122, "at": 1724635258.7258818}
{"obj": {"type": "LogStrings", "path": ["monitoring", "59169b80", "stdout"], "values": [{"value": "next state ", "step": null, "ts": 1724635258.7258818}]}, "version": 123, "at": 1724635258.7258818}
{"obj": {"type": "LogStrings", "path": ["monitoring", "59169b80", "stdout"], "values": [{"value": " ", "step": null, "ts": 1724635258.7258818}]}, "version": 124, "at": 1724635258.7258818}
{"obj": {"type": "LogStrings", "path": ["monitoring", "59169b80", "stdout"], "values": [{"value": "[-0.03647866646448771, 0.007931229968865713, -0.03744349479675293, 0.0006369341164827347, -2.150667231110015e-13, -0.03533370892206828, 0.20226156622844682, 0.10595108990656361, 0.0008215513080358505, 0.0007863430623654966, 0.00078125, 0.0010040811844813972, 0.000781249962747097, 0.0013950416188181184, 14.905282020568848, 14.905282020568848, 14.905282020568848, 14.905282020568848, 14.905282020568848, 14.905282020568848, 14.905282020568848, 14.905282020568848, 14.905282020568848]", "step": null, "ts": 1724635258.7258818}]}, "version": 125, "at": 1724635258.7258818}
{"obj": {"type": "LogStrings", "path": ["monitoring", "59169b80", "stdout"], "values": [{"value": "\n", "step": null, "ts": 1724635258.7258818}]}, "version": 126, "at": 1724635258.7258818}
{"obj": {"type": "LogStrings", "path": ["monitoring", "59169b80", "stdout"], "values": [{"value": "action ", "step": null, "ts": 1724635258.7258818}]}, "version": 127, "at": 1724635258.7258818}
{"obj": {"type": "LogStrings", "path": ["monitoring", "59169b80", "stdout"], "values": [{"value": " ", "step": null, "ts": 1724635258.726808}]}, "version": 128, "at": 1724635258.726808}
{"obj": {"type": "LogStrings", "path": ["monitoring", "59169b80", "stdout"], "values": [{"value": "206", "step": null, "ts": 1724635258.726808}]}, "version": 129, "at": 1724635258.726808}
{"obj": {"type": "LogStrings", "path": ["monitoring", "59169b80", "stdout"], "values": [{"value": "\n", "step": null, "ts": 1724635258.726808}]}, "version": 130, "at": 1724635258.726808}
{"obj": {"type": "LogStrings", "path": ["monitoring", "59169b80", "stdout"], "values": [{"value": "Drone2 moved with speed vector [6, 0, 0] with duration 2", "step": null, "ts": 1724635258.8703685}]}, "version": 131, "at": 1724635258.8703685}
{"obj": {"type": "LogStrings", "path": ["monitoring", "59169b80", "stdout"], "values": [{"value": "\n", "step": null, "ts": 1724635258.871259}]}, "version": 132, "at": 1724635258.871259}
{"obj": {"type": "LogStrings", "path": ["monitoring", "59169b80", "stdout"], "values": [{"value": "drone 2 ", "step": null, "ts": 1724635258.871259}]}, "version": 133, "at": 1724635258.871259}
{"obj": {"type": "LogStrings", "path": ["monitoring", "59169b80", "stdout"], "values": [{"value": " ", "step": null, "ts": 1724635258.871259}]}, "version": 134, "at": 1724635258.871259}
{"obj": {"type": "LogStrings", "path": ["monitoring", "59169b80", "stdout"], "values": [{"value": "(6, -4, 0)", "step": null, "ts": 1724635258.871259}]}, "version": 135, "at": 1724635258.871259}
{"obj": {"type": "LogStrings", "path": ["monitoring", "59169b80", "stdout"], "values": [{"value": "\n", "step": null, "ts": 1724635258.871259}]}, "version": 136, "at": 1724635258.871259}
{"obj": {"type": "LogStrings", "path": ["monitoring", "59169b80", "stdout"], "values": [{"value": "Found 0 cylinders in image", "step": null, "ts": 1724635259.3700378}]}, "version": 137, "at": 1724635259.3700378}
{"obj": {"type": "LogStrings", "path": ["monitoring", "59169b80", "stdout"], "values": [{"value": "\n", "step": null, "ts": 1724635259.3700378}]}, "version": 138, "at": 1724635259.3700378}
{"obj": {"type": "LogStrings", "path": ["monitoring", "59169b80", "stdout"], "values": [{"value": "new_x = ", "step": null, "ts": 1724635259.3730516}]}, "version": 139, "at": 1724635259.3730516}
{"obj": {"type": "LogStrings", "path": ["monitoring", "59169b80", "stdout"], "values": [{"value": " ", "step": null, "ts": 1724635259.3730516}]}, "version": 140, "at": 1724635259.3730516}
{"obj": {"type": "LogStrings", "path": ["monitoring", "59169b80", "stdout"], "values": [{"value": "0.4242851264038748", "step": null, "ts": 1724635259.3730516}]}, "version": 141, "at": 1724635259.3730516}
{"obj": {"type": "LogStrings", "path": ["monitoring", "59169b80", "stdout"], "values": [{"value": " ", "step": null, "ts": 1724635259.3730516}]}, "version": 142, "at": 1724635259.3745625}
{"obj": {"type": "LogStrings", "path": ["monitoring", "59169b80", "stdout"], "values": [{"value": " new_y = ", "step": null, "ts": 1724635259.3745625}]}, "version": 143, "at": 1724635259.3745625}
{"obj": {"type": "LogStrings", "path": ["monitoring", "59169b80", "stdout"], "values": [{"value": " ", "step": null, "ts": 1724635259.3745625}]}, "version": 144, "at": 1724635259.3745625}
{"obj": {"type": "LogStrings", "path": ["monitoring", "59169b80", "stdout"], "values": [{"value": "1.887774864919904", "step": null, "ts": 1724635259.3745625}]}, "version": 145, "at": 1724635259.3745625}
{"obj": {"type": "LogStrings", "path": ["monitoring", "59169b80", "stdout"], "values": [{"value": "\n", "step": null, "ts": 1724635259.3745625}]}, "version": 146, "at": 1724635259.3745625}
{"obj": {"type": "LogStrings", "path": ["monitoring", "59169b80", "stdout"], "values": [{"value": "Drone2 moved with speed vector [6, -4, 0] with duration 2", "step": null, "ts": 1724635260.8893044}]}, "version": 147, "at": 1724635260.8893044}
{"obj": {"type": "LogStrings", "path": ["monitoring", "59169b80", "stdout"], "values": [{"value": "\n", "step": null, "ts": 1724635260.8893044}]}, "version": 148, "at": 1724635260.8893044}
{"obj": {"type": "LogStrings", "path": ["monitoring", "59169b80", "stdout"], "values": [{"value": "drone 2 ", "step": null, "ts": 1724635260.890305}]}, "version": 149, "at": 1724635260.890305}
{"obj": {"type": "LogStrings", "path": ["monitoring", "59169b80", "stdout"], "values": [{"value": " ", "step": null, "ts": 1724635260.890305}]}, "version": 150, "at": 1724635260.890305}
{"obj": {"type": "LogStrings", "path": ["monitoring", "59169b80", "stdout"], "values": [{"value": "(12, 0, 0)", "step": null, "ts": 1724635260.890305}]}, "version": 151, "at": 1724635260.890305}
{"obj": {"type": "LogStrings", "path": ["monitoring", "59169b80", "stdout"], "values": [{"value": "\n", "step": null, "ts": 1724635260.890305}]}, "version": 152, "at": 1724635260.890305}
{"obj": {"type": "LogFloats", "path": ["monitoring", "59169b80", "cpu"], "values": [{"value": 13.4, "step": null, "ts": 1724635261.482273}]}, "version": 153, "at": 1724635261.4900343}
{"obj": {"type": "LogFloats", "path": ["monitoring", "59169b80", "memory"], "values": [{"value": 13.193862915039062, "step": null, "ts": 1724635261.482273}]}, "version": 154, "at": 1724635261.4900343}
{"obj": {"type": "LogFloats", "path": ["monitoring", "59169b80", "gpu"], "values": [{"value": 22.0, "step": null, "ts": 1724635261.482273}]}, "version": 155, "at": 1724635261.4900343}
{"obj": {"type": "LogFloats", "path": ["monitoring", "59169b80", "gpu_memory"], "values": [{"value": 1.2941627502441406, "step": null, "ts": 1724635261.482273}]}, "version": 156, "at": 1724635261.4900343}
{"obj": {"type": "LogFloats", "path": ["monitoring", "59169b80", "gpu_power"], "values": [{"value": 5.703, "step": null, "ts": 1724635261.482273}]}, "version": 157, "at": 1724635261.4900343}
{"obj": {"type": "LogStrings", "path": ["monitoring", "59169b80", "stdout"], "values": [{"value": "Drone1 moved with speed vector [0.4242851264038748, 1.887774864919904, 0] with duration 3", "step": null, "ts": 1724635262.3817208}]}, "version": 158, "at": 1724635262.3817208}
{"obj": {"type": "LogStrings", "path": ["monitoring", "59169b80", "stdout"], "values": [{"value": "\n", "step": null, "ts": 1724635262.3817208}]}, "version": 159, "at": 1724635262.3817208}
{"obj": {"type": "LogStrings", "path": ["monitoring", "59169b80", "stdout"], "values": [{"value": "rc=0 , rfov=-10 , rd=0.0 , rdir = 0.10379886627197266 , robs= 0 , r_v=0 , r_ang= 0 , rf=-50 ", "step": null, "ts": 1724635262.3827195}]}, "version": 160, "at": 1724635262.3827195}
{"obj": {"type": "LogStrings", "path": ["monitoring", "59169b80", "stdout"], "values": [{"value": "\n", "step": null, "ts": 1724635262.3837192}]}, "version": 161, "at": 1724635262.3837192}
{"obj": {"type": "LogStrings", "path": ["monitoring", "59169b80", "stdout"], "values": [{"value": "next state ", "step": null, "ts": 1724635262.3837192}]}, "version": 162, "at": 1724635262.3837192}
{"obj": {"type": "LogStrings", "path": ["monitoring", "59169b80", "stdout"], "values": [{"value": " ", "step": null, "ts": 1724635262.3837192}]}, "version": 163, "at": 1724635262.3837192}
{"obj": {"type": "LogStrings", "path": ["monitoring", "59169b80", "stdout"], "values": [{"value": "[-0.01879980762799581, 0.03333507378896077, -0.04308944543202718, -0.03647866646448771, 0.007931229968865713, -0.03744349479675293, -1, 0.20226156622844682, -1, -1, 0.0008215513080358505, 0.0007863430623654966, 0.00078125, 0.0010040811844813972, 15.189943313598633, 15.189943313598633, 15.189943313598633, 15.189943313598633, 15.189943313598633, 15.189943313598633, 15.189943313598633, 15.189943313598633, 15.189943313598633]", "step": null, "ts": 1724635262.3837192}]}, "version": 164, "at": 1724635262.3837192}
{"obj": {"type": "LogStrings", "path": ["monitoring", "59169b80", "stdout"], "values": [{"value": "\n", "step": null, "ts": 1724635262.3847227}]}, "version": 165, "at": 1724635262.3847227}
{"obj": {"type": "LogStrings", "path": ["monitoring", "59169b80", "stdout"], "values": [{"value": "action ", "step": null, "ts": 1724635262.3847227}]}, "version": 166, "at": 1724635262.3847227}
{"obj": {"type": "LogStrings", "path": ["monitoring", "59169b80", "stdout"], "values": [{"value": " ", "step": null, "ts": 1724635262.3854227}]}, "version": 167, "at": 1724635262.3854227}
{"obj": {"type": "LogStrings", "path": ["monitoring", "59169b80", "stdout"], "values": [{"value": "275", "step": null, "ts": 1724635262.3854227}]}, "version": 168, "at": 1724635262.3854227}
{"obj": {"type": "LogStrings", "path": ["monitoring", "59169b80", "stdout"], "values": [{"value": "\n", "step": null, "ts": 1724635262.3864295}]}, "version": 169, "at": 1724635262.3864295}
{"obj": {"type": "LogStrings", "path": ["monitoring", "59169b80", "stdout"], "values": [{"value": "Found 1 cylinders in image", "step": null, "ts": 1724635262.7368174}]}, "version": 170, "at": 1724635262.7368174}
{"obj": {"type": "LogStrings", "path": ["monitoring", "59169b80", "stdout"], "values": [{"value": "\n", "step": null, "ts": 1724635262.7378268}]}, "version": 171, "at": 1724635262.7378268}
{"obj": {"type": "LogStrings", "path": ["monitoring", "59169b80", "stdout"], "values": [{"value": "new_x = ", "step": null, "ts": 1724635262.7438219}]}, "version": 172, "at": 1724635262.7438219}
{"obj": {"type": "LogStrings", "path": ["monitoring", "59169b80", "stdout"], "values": [{"value": " ", "step": null, "ts": 1724635262.7448223}]}, "version": 173, "at": 1724635262.7448223}
{"obj": {"type": "LogStrings", "path": ["monitoring", "59169b80", "stdout"], "values": [{"value": "-0.10647449514368995", "step": null, "ts": 1724635262.745536}]}, "version": 174, "at": 1724635262.745536}
{"obj": {"type": "LogStrings", "path": ["monitoring", "59169b80", "stdout"], "values": [{"value": " ", "step": null, "ts": 1724635262.745536}]}, "version": 175, "at": 1724635262.745536}
{"obj": {"type": "LogStrings", "path": ["monitoring", "59169b80", "stdout"], "values": [{"value": " new_y = ", "step": null, "ts": 1724635262.745536}]}, "version": 176, "at": 1724635262.745536}
{"obj": {"type": "LogStrings", "path": ["monitoring", "59169b80", "stdout"], "values": [{"value": " ", "step": null, "ts": 1724635262.745536}]}, "version": 177, "at": 1724635262.745536}
{"obj": {"type": "LogStrings", "path": ["monitoring", "59169b80", "stdout"], "values": [{"value": "-3.1327342675729946", "step": null, "ts": 1724635262.7466412}]}, "version": 178, "at": 1724635262.7466412}
{"obj": {"type": "LogStrings", "path": ["monitoring", "59169b80", "stdout"], "values": [{"value": "\n", "step": null, "ts": 1724635262.7466412}]}, "version": 179, "at": 1724635262.7466412}
{"obj": {"type": "LogStrings", "path": ["monitoring", "59169b80", "stdout"], "values": [{"value": "Drone2 moved with speed vector [12, 0, 0] with duration 2", "step": null, "ts": 1724635262.9093757}]}, "version": 180, "at": 1724635262.9103768}
{"obj": {"type": "LogStrings", "path": ["monitoring", "59169b80", "stdout"], "values": [{"value": "\n", "step": null, "ts": 1724635262.9103768}]}, "version": 181, "at": 1724635262.9103768}
{"obj": {"type": "LogStrings", "path": ["monitoring", "59169b80", "stdout"], "values": [{"value": "drone 2 ", "step": null, "ts": 1724635262.9103768}]}, "version": 182, "at": 1724635262.9103768}
{"obj": {"type": "LogStrings", "path": ["monitoring", "59169b80", "stdout"], "values": [{"value": " ", "step": null, "ts": 1724635262.9103768}]}, "version": 183, "at": 1724635262.9103768}
{"obj": {"type": "LogStrings", "path": ["monitoring", "59169b80", "stdout"], "values": [{"value": "(3, 2, 0)", "step": null, "ts": 1724635262.9113767}]}, "version": 184, "at": 1724635262.9113767}
{"obj": {"type": "LogStrings", "path": ["monitoring", "59169b80", "stdout"], "values": [{"value": "\n", "step": null, "ts": 1724635262.9113767}]}, "version": 185, "at": 1724635262.9113767}
{"obj": {"type": "LogStrings", "path": ["monitoring", "59169b80", "stdout"], "values": [{"value": "Drone2 moved with speed vector [3, 2, 0] with duration 2", "step": null, "ts": 1724635264.9282517}]}, "version": 186, "at": 1724635264.9282517}
{"obj": {"type": "LogStrings", "path": ["monitoring", "59169b80", "stdout"], "values": [{"value": "\n", "step": null, "ts": 1724635264.9282517}]}, "version": 187, "at": 1724635264.9282517}
{"obj": {"type": "LogStrings", "path": ["monitoring", "59169b80", "stdout"], "values": [{"value": "drone 2 ", "step": null, "ts": 1724635264.9292521}]}, "version": 188, "at": 1724635264.9292521}
{"obj": {"type": "LogStrings", "path": ["monitoring", "59169b80", "stdout"], "values": [{"value": " ", "step": null, "ts": 1724635264.9292521}]}, "version": 189, "at": 1724635264.9292521}
{"obj": {"type": "LogStrings", "path": ["monitoring", "59169b80", "stdout"], "values": [{"value": "(6, 0, 0)", "step": null, "ts": 1724635264.9292521}]}, "version": 190, "at": 1724635264.9292521}
{"obj": {"type": "LogStrings", "path": ["monitoring", "59169b80", "stdout"], "values": [{"value": "\n", "step": null, "ts": 1724635264.9292521}]}, "version": 191, "at": 1724635264.9292521}
{"obj": {"type": "LogStrings", "path": ["monitoring", "59169b80", "stdout"], "values": [{"value": "Drone1 moved with speed vector [-0.10647449514368995, -3.1327342675729946, 0] with duration 3", "step": null, "ts": 1724635265.7517598}]}, "version": 192, "at": 1724635265.7517598}
{"obj": {"type": "LogStrings", "path": ["monitoring", "59169b80", "stdout"], "values": [{"value": "\n", "step": null, "ts": 1724635265.7517598}]}, "version": 193, "at": 1724635265.7517598}
{"obj": {"type": "LogStrings", "path": ["monitoring", "59169b80", "stdout"], "values": [{"value": "rc=0 , rfov=0 , rd=-2.0 , rdir = 0.09532442092895509 , robs= 0 , r_v=0 , r_ang= -1.0577318082460963 , rf=-50 ", "step": null, "ts": 1724635265.7527597}]}, "version": 194, "at": 1724635265.7527597}
{"obj": {"type": "LogStrings", "path": ["monitoring", "59169b80", "stdout"], "values": [{"value": "\n", "step": null, "ts": 1724635265.7527597}]}, "version": 195, "at": 1724635265.7527597}
{"obj": {"type": "LogStrings", "path": ["monitoring", "59169b80", "stdout"], "values": [{"value": "next state ", "step": null, "ts": 1724635265.7527597}]}, "version": 196, "at": 1724635265.7527597}
{"obj": {"type": "LogStrings", "path": ["monitoring", "59169b80", "stdout"], "values": [{"value": " ", "step": null, "ts": 1724635265.7537599}]}, "version": 197, "at": 1724635265.7537599}
{"obj": {"type": "LogStrings", "path": ["monitoring", "59169b80", "stdout"], "values": [{"value": "[-0.0069561034440994264, 0.07468966643015544, -0.043124473094940184, -0.01879980762799581, 0.03333507378896077, -0.04308944543202718, 0.40827221336178154, -1, 0.0006074861064553261, 0.0012787353256602347, -1, -1, 0.0008215513080358505, 0.0007863430623654966, 14.766221046447754, 14.766221046447754, 14.766221046447754, 14.766221046447754, 14.766221046447754, 14.766221046447754, 14.766221046447754, 14.766221046447754, 14.766221046447754]", "step": null, "ts": 1724635265.7537599}]}, "version": 198, "at": 1724635265.7537599}
{"obj": {"type": "LogStrings", "path": ["monitoring", "59169b80", "stdout"], "values": [{"value": "\n", "step": null, "ts": 1724635265.7547612}]}, "version": 199, "at": 1724635265.7547612}
{"obj": {"type": "LogStrings", "path": ["monitoring", "59169b80", "stdout"], "values": [{"value": "action ", "step": null, "ts": 1724635265.7547612}]}, "version": 200, "at": 1724635265.7547612}
{"obj": {"type": "LogStrings", "path": ["monitoring", "59169b80", "stdout"], "values": [{"value": " ", "step": null, "ts": 1724635265.7556138}]}, "version": 201, "at": 1724635265.7556138}
{"obj": {"type": "LogStrings", "path": ["monitoring", "59169b80", "stdout"], "values": [{"value": "188", "step": null, "ts": 1724635265.7556138}]}, "version": 202, "at": 1724635265.7556138}
{"obj": {"type": "LogStrings", "path": ["monitoring", "59169b80", "stdout"], "values": [{"value": "\n", "step": null, "ts": 1724635265.7556138}]}, "version": 203, "at": 1724635265.7556138}
{"obj": {"type": "LogStrings", "path": ["monitoring", "59169b80", "stdout"], "values": [{"value": "Found 1 cylinders in image", "step": null, "ts": 1724635266.4288929}]}, "version": 204, "at": 1724635266.4288929}
{"obj": {"type": "LogStrings", "path": ["monitoring", "59169b80", "stdout"], "values": [{"value": "\n", "step": null, "ts": 1724635266.4308915}]}, "version": 205, "at": 1724635266.4308915}
{"obj": {"type": "LogStrings", "path": ["monitoring", "59169b80", "stdout"], "values": [{"value": "new_x = ", "step": null, "ts": 1724635266.4348946}]}, "version": 206, "at": 1724635266.4348946}
{"obj": {"type": "LogStrings", "path": ["monitoring", "59169b80", "stdout"], "values": [{"value": " ", "step": null, "ts": 1724635266.4348946}]}, "version": 207, "at": 1724635266.435496}
{"obj": {"type": "LogStrings", "path": ["monitoring", "59169b80", "stdout"], "values": [{"value": "-3.415600552438976", "step": null, "ts": 1724635266.435496}]}, "version": 208, "at": 1724635266.435496}
{"obj": {"type": "LogStrings", "path": ["monitoring", "59169b80", "stdout"], "values": [{"value": " ", "step": null, "ts": 1724635266.435496}]}, "version": 209, "at": 1724635266.435496}
{"obj": {"type": "LogStrings", "path": ["monitoring", "59169b80", "stdout"], "values": [{"value": " new_y = ", "step": null, "ts": 1724635266.435496}]}, "version": 210, "at": 1724635266.435496}
{"obj": {"type": "LogStrings", "path": ["monitoring", "59169b80", "stdout"], "values": [{"value": " ", "step": null, "ts": 1724635266.435496}]}, "version": 211, "at": 1724635266.435496}
{"obj": {"type": "LogStrings", "path": ["monitoring", "59169b80", "stdout"], "values": [{"value": "0.952966690621846", "step": null, "ts": 1724635266.435496}]}, "version": 212, "at": 1724635266.435496}
{"obj": {"type": "LogStrings", "path": ["monitoring", "59169b80", "stdout"], "values": [{"value": "\n", "step": null, "ts": 1724635266.435496}]}, "version": 213, "at": 1724635266.4366086}
{"obj": {"type": "LogStrings", "path": ["monitoring", "59169b80", "stdout"], "values": [{"value": "Drone2 moved with speed vector [6, 0, 0] with duration 2", "step": null, "ts": 1724635266.9458697}]}, "version": 214, "at": 1724635266.9458697}
{"obj": {"type": "LogStrings", "path": ["monitoring", "59169b80", "stdout"], "values": [{"value": "\n", "step": null, "ts": 1724635266.9458697}]}, "version": 215, "at": 1724635266.9458697}
{"obj": {"type": "LogStrings", "path": ["monitoring", "59169b80", "stdout"], "values": [{"value": "drone 2 ", "step": null, "ts": 1724635266.9458697}]}, "version": 216, "at": 1724635266.9458697}
{"obj": {"type": "LogStrings", "path": ["monitoring", "59169b80", "stdout"], "values": [{"value": " ", "step": null, "ts": 1724635266.9469154}]}, "version": 217, "at": 1724635266.9469154}
{"obj": {"type": "LogStrings", "path": ["monitoring", "59169b80", "stdout"], "values": [{"value": "(6, -4, 0)", "step": null, "ts": 1724635266.9469154}]}, "version": 218, "at": 1724635266.9469154}
{"obj": {"type": "LogStrings", "path": ["monitoring", "59169b80", "stdout"], "values": [{"value": "\n", "step": null, "ts": 1724635266.9475536}]}, "version": 219, "at": 1724635266.9475536}
{"obj": {"type": "LogStrings", "path": ["monitoring", "59169b80", "stdout"], "values": [{"value": "Drone1 moved with speed vector [-3.415600552438976, 0.952966690621846, 0] with duration 2", "step": null, "ts": 1724635268.4535234}]}, "version": 220, "at": 1724635268.4535234}
{"obj": {"type": "LogStrings", "path": ["monitoring", "59169b80", "stdout"], "values": [{"value": "\n", "step": null, "ts": 1724635268.4535234}]}, "version": 221, "at": 1724635268.4535234}
{"obj": {"type": "LogStrings", "path": ["monitoring", "59169b80", "stdout"], "values": [{"value": "rc=0 , rfov=0 , rd=-2.041038280962113 , rdir = 0.1015142822265625 , robs= 0 , r_v=0 , r_ang= -1.057089500500057 , rf=-50 ", "step": null, "ts": 1724635268.455544}]}, "version": 222, "at": 1724635268.455544}
{"obj": {"type": "LogStrings", "path": ["monitoring", "59169b80", "stdout"], "values": [{"value": "\n", "step": null, "ts": 1724635268.455544}]}, "version": 223, "at": 1724635268.455544}
{"obj": {"type": "LogStrings", "path": ["monitoring", "59169b80", "stdout"], "values": [{"value": "next state ", "step": null, "ts": 1724635268.4565475}]}, "version": 224, "at": 1724635268.4565475}
{"obj": {"type": "LogStrings", "path": ["monitoring", "59169b80", "stdout"], "values": [{"value": " ", "step": null, "ts": 1724635268.4566884}]}, "version": 225, "at": 1724635268.4566884}
{"obj": {"type": "LogStrings", "path": ["monitoring", "59169b80", "stdout"], "values": [{"value": "[-0.00783687581618627, 0.01267148753007253, -0.052383641401926674, -0.0069561034440994264, 0.07468966643015544, -0.043124473094940184, 0.6134636181723461, 0.40827221336178154, 0.000727178156375885, 0.0012497904271255304, 0.0006074861064553261, 0.0012787353256602347, -1, -1, 15.075714111328125, 15.075714111328125, 15.075714111328125, 15.075714111328125, 15.075714111328125, 15.075714111328125, 15.075714111328125, 15.075714111328125, 15.075714111328125]", "step": null, "ts": 1724635268.457553}]}, "version": 226, "at": 1724635268.457553}
{"obj": {"type": "LogStrings", "path": ["monitoring", "59169b80", "stdout"], "values": [{"value": "\n", "step": null, "ts": 1724635268.457553}]}, "version": 227, "at": 1724635268.457553}
{"obj": {"type": "LogStrings", "path": ["monitoring", "59169b80", "stdout"], "values": [{"value": "action ", "step": null, "ts": 1724635268.457553}]}, "version": 228, "at": 1724635268.457553}
{"obj": {"type": "LogStrings", "path": ["monitoring", "59169b80", "stdout"], "values": [{"value": " ", "step": null, "ts": 1724635268.457553}]}, "version": 229, "at": 1724635268.4585528}
{"obj": {"type": "LogStrings", "path": ["monitoring", "59169b80", "stdout"], "values": [{"value": "10", "step": null, "ts": 1724635268.4585528}]}, "version": 230, "at": 1724635268.4585528}
{"obj": {"type": "LogStrings", "path": ["monitoring", "59169b80", "stdout"], "values": [{"value": "\n", "step": null, "ts": 1724635268.4585528}]}, "version": 231, "at": 1724635268.4585528}
{"obj": {"type": "LogStrings", "path": ["monitoring", "59169b80", "stdout"], "values": [{"value": "Drone2 moved with speed vector [6, -4, 0] with duration 2", "step": null, "ts": 1724635268.9677105}]}, "version": 232, "at": 1724635268.9677105}
{"obj": {"type": "LogStrings", "path": ["monitoring", "59169b80", "stdout"], "values": [{"value": "\n", "step": null, "ts": 1724635268.9677105}]}, "version": 233, "at": 1724635268.9677105}
{"obj": {"type": "LogStrings", "path": ["monitoring", "59169b80", "stdout"], "values": [{"value": "drone 2 ", "step": null, "ts": 1724635268.9686716}]}, "version": 234, "at": 1724635268.9686716}
{"obj": {"type": "LogStrings", "path": ["monitoring", "59169b80", "stdout"], "values": [{"value": " ", "step": null, "ts": 1724635268.9686716}]}, "version": 235, "at": 1724635268.9686716}
{"obj": {"type": "LogStrings", "path": ["monitoring", "59169b80", "stdout"], "values": [{"value": "(9, 0, 0)", "step": null, "ts": 1724635268.9696708}]}, "version": 236, "at": 1724635268.9696708}
{"obj": {"type": "LogStrings", "path": ["monitoring", "59169b80", "stdout"], "values": [{"value": "\n", "step": null, "ts": 1724635268.9696708}]}, "version": 237, "at": 1724635268.9696708}
{"obj": {"type": "LogStrings", "path": ["monitoring", "59169b80", "stdout"], "values": [{"value": "Found 1 cylinders in image", "step": null, "ts": 1724635269.118384}]}, "version": 238, "at": 1724635269.118384}
{"obj": {"type": "LogStrings", "path": ["monitoring", "59169b80", "stdout"], "values": [{"value": "\n", "step": null, "ts": 1724635269.1214306}]}, "version": 239, "at": 1724635269.1214306}
{"obj": {"type": "LogStrings", "path": ["monitoring", "59169b80", "stdout"], "values": [{"value": "new_x = ", "step": null, "ts": 1724635269.1254196}]}, "version": 240, "at": 1724635269.1254196}
{"obj": {"type": "LogStrings", "path": ["monitoring", "59169b80", "stdout"], "values": [{"value": " ", "step": null, "ts": 1724635269.1254196}]}, "version": 241, "at": 1724635269.1264632}
{"obj": {"type": "LogStrings", "path": ["monitoring", "59169b80", "stdout"], "values": [{"value": "0.3918998425701974", "step": null, "ts": 1724635269.1264632}]}, "version": 242, "at": 1724635269.1264632}
{"obj": {"type": "LogStrings", "path": ["monitoring", "59169b80", "stdout"], "values": [{"value": " ", "step": null, "ts": 1724635269.1264632}]}, "version": 243, "at": 1724635269.1264632}
{"obj": {"type": "LogStrings", "path": ["monitoring", "59169b80", "stdout"], "values": [{"value": " new_y = ", "step": null, "ts": 1724635269.1264632}]}, "version": 244, "at": 1724635269.1264632}
{"obj": {"type": "LogStrings", "path": ["monitoring", "59169b80", "stdout"], "values": [{"value": " ", "step": null, "ts": 1724635269.1264632}]}, "version": 245, "at": 1724635269.1264632}
{"obj": {"type": "LogStrings", "path": ["monitoring", "59169b80", "stdout"], "values": [{"value": "0.7824210479940076", "step": null, "ts": 1724635269.1264632}]}, "version": 246, "at": 1724635269.1264632}
{"obj": {"type": "LogStrings", "path": ["monitoring", "59169b80", "stdout"], "values": [{"value": "\n", "step": null, "ts": 1724635269.1274285}]}, "version": 247, "at": 1724635269.1274285}
{"obj": {"type": "LogStrings", "path": ["monitoring", "59169b80", "stdout"], "values": [{"value": "Drone1 moved with speed vector [0.3918998425701974, 0.7824210479940076, 0] with duration 1", "step": null, "ts": 1724635270.1366885}]}, "version": 248, "at": 1724635270.1366885}
{"obj": {"type": "LogStrings", "path": ["monitoring", "59169b80", "stdout"], "values": [{"value": "\n", "step": null, "ts": 1724635270.1377273}]}, "version": 249, "at": 1724635270.1377273}
{"obj": {"type": "LogStrings", "path": ["monitoring", "59169b80", "stdout"], "values": [{"value": "rc=0 , rfov=0 , rd=-2.012460824593139 , rdir = 0.10391557693481446 , robs= 0 , r_v=0 , r_ang= -1.0652007250065676 , rf=-50 ", "step": null, "ts": 1724635270.1407962}]}, "version": 250, "at": 1724635270.1407962}
{"obj": {"type": "LogStrings", "path": ["monitoring", "59169b80", "stdout"], "values": [{"value": "\n", "step": null, "ts": 1724635270.1416988}]}, "version": 251, "at": 1724635270.1416988}
{"obj": {"type": "LogStrings", "path": ["monitoring", "59169b80", "stdout"], "values": [{"value": "next state ", "step": null, "ts": 1724635270.1416988}]}, "version": 252, "at": 1724635270.1416988}
{"obj": {"type": "LogStrings", "path": ["monitoring", "59169b80", "stdout"], "values": [{"value": " ", "step": null, "ts": 1724635270.1427178}]}, "version": 253, "at": 1724635270.1427178}
{"obj": {"type": "LogStrings", "path": ["monitoring", "59169b80", "stdout"], "values": [{"value": "[-0.055516278743743895, 0.02281802495320638, -0.060190236568450926, -0.00783687581618627, 0.01267148753007253, -0.052383641401926674, 0.6757677411380391, 0.6134636181723461, 0.0006516730040311814, 0.00017817057209250367, 0.000727178156375885, 0.0012497904271255304, 0.0006074861064553261, 0.0012787353256602347, 15.195778846740723, 15.195778846740723, 15.195778846740723, 15.195778846740723, 15.195778846740723, 15.195778846740723, 15.195778846740723, 15.195778846740723, 15.195778846740723]", "step": null, "ts": 1724635270.1457126}]}, "version": 254, "at": 1724635270.1457126}
{"obj": {"type": "LogStrings", "path": ["monitoring", "59169b80", "stdout"], "values": [{"value": "\n", "step": null, "ts": 1724635270.147719}]}, "version": 255, "at": 1724635270.147719}
{"obj": {"type": "LogStrings", "path": ["monitoring", "59169b80", "stdout"], "values": [{"value": "action ", "step": null, "ts": 1724635270.14872}]}, "version": 256, "at": 1724635270.14872}
{"obj": {"type": "LogStrings", "path": ["monitoring", "59169b80", "stdout"], "values": [{"value": " ", "step": null, "ts": 1724635270.14872}]}, "version": 257, "at": 1724635270.14872}
{"obj": {"type": "LogStrings", "path": ["monitoring", "59169b80", "stdout"], "values": [{"value": "118", "step": null, "ts": 1724635270.1507256}]}, "version": 258, "at": 1724635270.1507256}
{"obj": {"type": "LogStrings", "path": ["monitoring", "59169b80", "stdout"], "values": [{"value": "\n", "step": null, "ts": 1724635270.1554124}]}, "version": 259, "at": 1724635270.1554124}
{"obj": {"type": "LogStrings", "path": ["monitoring", "59169b80", "stdout"], "values": [{"value": "Found 1 cylinders in image", "step": null, "ts": 1724635270.795695}]}, "version": 260, "at": 1724635270.795695}
{"obj": {"type": "LogStrings", "path": ["monitoring", "59169b80", "stdout"], "values": [{"value": "\n", "step": null, "ts": 1724635270.7976992}]}, "version": 261, "at": 1724635270.7976992}
{"obj": {"type": "LogStrings", "path": ["monitoring", "59169b80", "stdout"], "values": [{"value": "new_x = ", "step": null, "ts": 1724635270.803706}]}, "version": 262, "at": 1724635270.803706}
{"obj": {"type": "LogStrings", "path": ["monitoring", "59169b80", "stdout"], "values": [{"value": " ", "step": null, "ts": 1724635270.8047047}]}, "version": 263, "at": 1724635270.8047047}
{"obj": {"type": "LogStrings", "path": ["monitoring", "59169b80", "stdout"], "values": [{"value": "-1.7298502760400678", "step": null, "ts": 1724635270.805465}]}, "version": 264, "at": 1724635270.805465}
{"obj": {"type": "LogStrings", "path": ["monitoring", "59169b80", "stdout"], "values": [{"value": " ", "step": null, "ts": 1724635270.8066294}]}, "version": 265, "at": 1724635270.8066294}
{"obj": {"type": "LogStrings", "path": ["monitoring", "59169b80", "stdout"], "values": [{"value": " new_y = ", "step": null, "ts": 1724635270.8066294}]}, "version": 266, "at": 1724635270.8066294}
{"obj": {"type": "LogStrings", "path": ["monitoring", "59169b80", "stdout"], "values": [{"value": " ", "step": null, "ts": 1724635270.8066294}]}, "version": 267, "at": 1724635270.8066294}
{"obj": {"type": "LogStrings", "path": ["monitoring", "59169b80", "stdout"], "values": [{"value": "1.0800812505247535", "step": null, "ts": 1724635270.8066294}]}, "version": 268, "at": 1724635270.8066294}
{"obj": {"type": "LogStrings", "path": ["monitoring", "59169b80", "stdout"], "values": [{"value": "\n", "step": null, "ts": 1724635270.8066294}]}, "version": 269, "at": 1724635270.8066294}
{"obj": {"type": "LogStrings", "path": ["monitoring", "59169b80", "stdout"], "values": [{"value": "Drone2 moved with speed vector [9, 0, 0] with duration 2", "step": null, "ts": 1724635270.98936}]}, "version": 270, "at": 1724635270.98936}
{"obj": {"type": "LogStrings", "path": ["monitoring", "59169b80", "stdout"], "values": [{"value": "\n", "step": null, "ts": 1724635270.9903603}]}, "version": 271, "at": 1724635270.9903603}
{"obj": {"type": "LogStrings", "path": ["monitoring", "59169b80", "stdout"], "values": [{"value": "drone 2 ", "step": null, "ts": 1724635270.9903603}]}, "version": 272, "at": 1724635270.9903603}
{"obj": {"type": "LogStrings", "path": ["monitoring", "59169b80", "stdout"], "values": [{"value": " ", "step": null, "ts": 1724635270.9903603}]}, "version": 273, "at": 1724635270.9903603}
{"obj": {"type": "LogStrings", "path": ["monitoring", "59169b80", "stdout"], "values": [{"value": "(0, 0, 0)", "step": null, "ts": 1724635270.9903603}]}, "version": 274, "at": 1724635270.9903603}
{"obj": {"type": "LogStrings", "path": ["monitoring", "59169b80", "stdout"], "values": [{"value": "\n", "step": null, "ts": 1724635270.9903603}]}, "version": 275, "at": 1724635270.9903603}
{"obj": {"type": "LogFloats", "path": ["monitoring", "59169b80", "cpu"], "values": [{"value": 15.4, "step": null, "ts": 1724635271.4984655}]}, "version": 276, "at": 1724635271.5115154}
{"obj": {"type": "LogFloats", "path": ["monitoring", "59169b80", "memory"], "values": [{"value": 13.130508422851562, "step": null, "ts": 1724635271.4984655}]}, "version": 277, "at": 1724635271.5115154}
{"obj": {"type": "LogFloats", "path": ["monitoring", "59169b80", "gpu"], "values": [{"value": 7.0, "step": null, "ts": 1724635271.4984655}]}, "version": 278, "at": 1724635271.5125153}
{"obj": {"type": "LogFloats", "path": ["monitoring", "59169b80", "gpu_memory"], "values": [{"value": 1.2941627502441406, "step": null, "ts": 1724635271.4984655}]}, "version": 279, "at": 1724635271.5125153}
{"obj": {"type": "LogFloats", "path": ["monitoring", "59169b80", "gpu_power"], "values": [{"value": 5.576, "step": null, "ts": 1724635271.4984655}]}, "version": 280, "at": 1724635271.5125153}
{"obj": {"type": "LogStrings", "path": ["monitoring", "59169b80", "stdout"], "values": [{"value": "Drone1 moved with speed vector [-1.7298502760400678, 1.0800812505247535, 0] with duration 2", "step": null, "ts": 1724635272.8226278}]}, "version": 281, "at": 1724635272.8226278}
{"obj": {"type": "LogStrings", "path": ["monitoring", "59169b80", "stdout"], "values": [{"value": "\n", "step": null, "ts": 1724635272.8226278}]}, "version": 282, "at": 1724635272.8226278}
{"obj": {"type": "LogStrings", "path": ["monitoring", "59169b80", "stdout"], "values": [{"value": "rc=0 , rfov=0 , rd=-2.02991557549471 , rdir = 0.09281587600708008 , robs= 0 , r_v=0 , r_ang= -1.0575725325374097 , rf=-50 ", "step": null, "ts": 1724635272.824576}]}, "version": 283, "at": 1724635272.824576}
{"obj": {"type": "LogStrings", "path": ["monitoring", "59169b80", "stdout"], "values": [{"value": "\n", "step": null, "ts": 1724635272.8250995}]}, "version": 284, "at": 1724635272.8250995}
{"obj": {"type": "LogStrings", "path": ["monitoring", "59169b80", "stdout"], "values": [{"value": "next state ", "step": null, "ts": 1724635272.8250995}]}, "version": 285, "at": 1724635272.8250995}
{"obj": {"type": "LogStrings", "path": ["monitoring", "59169b80", "stdout"], "values": [{"value": " ", "step": null, "ts": 1724635272.8250995}]}, "version": 286, "at": 1724635272.8250995}
{"obj": {"type": "LogStrings", "path": ["monitoring", "59169b80", "stdout"], "values": [{"value": "[-0.0579772671063741, 0.029425660769144695, -0.06083405017852783, -0.055516278743743895, 0.02281802495320638, -0.060190236568450926, 0.825345618611589, 0.6757677411380391, 0.0006158095039427281, 0.0012929408932909553, 0.0006516730040311814, 0.00017817057209250367, 0.000727178156375885, 0.0012497904271255304, 14.640793800354004, 14.640793800354004, 14.640793800354004, 14.640793800354004, 14.640793800354004, 14.640793800354004, 14.640793800354004, 14.640793800354004, 15.173688888549805]", "step": null, "ts": 1724635272.8257072}]}, "version": 287, "at": 1724635272.8257072}
{"obj": {"type": "LogStrings", "path": ["monitoring", "59169b80", "stdout"], "values": [{"value": "\n", "step": null, "ts": 1724635272.8257072}]}, "version": 288, "at": 1724635272.8257072}
{"obj": {"type": "LogStrings", "path": ["monitoring", "59169b80", "stdout"], "values": [{"value": "action ", "step": null, "ts": 1724635272.8257072}]}, "version": 289, "at": 1724635272.8257072}
{"obj": {"type": "LogStrings", "path": ["monitoring", "59169b80", "stdout"], "values": [{"value": " ", "step": null, "ts": 1724635272.8267157}]}, "version": 290, "at": 1724635272.8267157}
{"obj": {"type": "LogStrings", "path": ["monitoring", "59169b80", "stdout"], "values": [{"value": "145", "step": null, "ts": 1724635272.8267157}]}, "version": 291, "at": 1724635272.8267157}
{"obj": {"type": "LogStrings", "path": ["monitoring", "59169b80", "stdout"], "values": [{"value": "\n", "step": null, "ts": 1724635272.8267157}]}, "version": 292, "at": 1724635272.8267157}
{"obj": {"type": "LogStrings", "path": ["monitoring", "59169b80", "stdout"], "values": [{"value": "Drone2 moved with speed vector [0, 0, 0] with duration 2", "step": null, "ts": 1724635273.0095825}]}, "version": 293, "at": 1724635273.0095825}
{"obj": {"type": "LogStrings", "path": ["monitoring", "59169b80", "stdout"], "values": [{"value": "\n", "step": null, "ts": 1724635273.0105867}]}, "version": 294, "at": 1724635273.0105867}
{"obj": {"type": "LogStrings", "path": ["monitoring", "59169b80", "stdout"], "values": [{"value": "after thread target ", "step": null, "ts": 1724635273.0105867}]}, "version": 295, "at": 1724635273.0105867}
{"obj": {"type": "LogStrings", "path": ["monitoring", "59169b80", "stdout"], "values": [{"value": " ", "step": null, "ts": 1724635273.0105867}]}, "version": 296, "at": 1724635273.0105867}
{"obj": {"type": "LogStrings", "path": ["monitoring", "59169b80", "stdout"], "values": [{"value": "1", "step": null, "ts": 1724635273.0105867}]}, "version": 297, "at": 1724635273.0105867}
{"obj": {"type": "LogStrings", "path": ["monitoring", "59169b80", "stdout"], "values": [{"value": "\n", "step": null, "ts": 1724635273.0115821}]}, "version": 298, "at": 1724635273.0115821}
{"obj": {"type": "LogStrings", "path": ["monitoring", "59169b80", "stdout"], "values": [{"value": "Found 0 cylinders in image", "step": null, "ts": 1724635273.0339558}]}, "version": 299, "at": 1724635273.0339558}
{"obj": {"type": "LogStrings", "path": ["monitoring", "59169b80", "stdout"], "values": [{"value": "\n", "step": null, "ts": 1724635273.0339558}]}, "version": 300, "at": 1724635273.0339558}
{"obj": {"type": "LogStrings", "path": ["monitoring", "59169b80", "stdout"], "values": [{"value": "new_x = ", "step": null, "ts": 1724635273.0364614}]}, "version": 301, "at": 1724635273.0364614}
{"obj": {"type": "LogStrings", "path": ["monitoring", "59169b80", "stdout"], "values": [{"value": " ", "step": null, "ts": 1724635273.0364614}]}, "version": 302, "at": 1724635273.0364614}
{"obj": {"type": "LogStrings", "path": ["monitoring", "59169b80", "stdout"], "values": [{"value": "1.3602322053466138", "step": null, "ts": 1724635273.0364614}]}, "version": 303, "at": 1724635273.0364614}
{"obj": {"type": "LogStrings", "path": ["monitoring", "59169b80", "stdout"], "values": [{"value": " ", "step": null, "ts": 1724635273.0374646}]}, "version": 304, "at": 1724635273.0374646}
{"obj": {"type": "LogStrings", "path": ["monitoring", "59169b80", "stdout"], "values": [{"value": " new_y = ", "step": null, "ts": 1724635273.0374646}]}, "version": 305, "at": 1724635273.0374646}
{"obj": {"type": "LogStrings", "path": ["monitoring", "59169b80", "stdout"], "values": [{"value": " ", "step": null, "ts": 1724635273.0374646}]}, "version": 306, "at": 1724635273.0374646}
{"obj": {"type": "LogStrings", "path": ["monitoring", "59169b80", "stdout"], "values": [{"value": "-0.5270982614028028", "step": null, "ts": 1724635273.0374646}]}, "version": 307, "at": 1724635273.0374646}
{"obj": {"type": "LogStrings", "path": ["monitoring", "59169b80", "stdout"], "values": [{"value": "\n", "step": null, "ts": 1724635273.0374646}]}, "version": 308, "at": 1724635273.0374646}
{"obj": {"type": "LogStrings", "path": ["monitoring", "59169b80", "stdout"], "values": [{"value": "Drone1 moved with speed vector [1.3602322053466138, -0.5270982614028028, 0] with duration 2", "step": null, "ts": 1724635275.0903862}]}, "version": 309, "at": 1724635275.0903862}
{"obj": {"type": "LogStrings", "path": ["monitoring", "59169b80", "stdout"], "values": [{"value": "\n", "step": null, "ts": 1724635275.0903862}]}, "version": 310, "at": 1724635275.0903862}
{"obj": {"type": "LogStrings", "path": ["monitoring", "59169b80", "stdout"], "values": [{"value": "rc=0 , rfov=-10 , rd=0.0 , rdir = 0.09715818405151368 , robs= 0 , r_v=0 , r_ang= 0 , rf=-50 ", "step": null, "ts": 1724635275.0923867}]}, "version": 311, "at": 1724635275.0923867}
{"obj": {"type": "LogStrings", "path": ["monitoring", "59169b80", "stdout"], "values": [{"value": "\n", "step": null, "ts": 1724635275.093386}]}, "version": 312, "at": 1724635275.093386}
{"obj": {"type": "LogStrings", "path": ["monitoring", "59169b80", "stdout"], "values": [{"value": "next state ", "step": null, "ts": 1724635275.093386}]}, "version": 313, "at": 1724635275.093386}
{"obj": {"type": "LogStrings", "path": ["monitoring", "59169b80", "stdout"], "values": [{"value": " ", "step": null, "ts": 1724635275.093386}]}, "version": 314, "at": 1724635275.093386}
{"obj": {"type": "LogStrings", "path": ["monitoring", "59169b80", "stdout"], "values": [{"value": "[-0.07728171348571777, 0.04270561536153158, -0.061774404843648274, -0.0579772671063741, 0.029425660769144695, -0.06083405017852783, -1, 0.825345618611589, -1, -1, 0.0006158095039427281, 0.0012929408932909553, 0.0006516730040311814, 0.00017817057209250367, 14.857909202575684, 14.857909202575684, 14.857909202575684, 14.857909202575684, 14.857909202575684, 14.857909202575684, 14.857909202575684, 14.857909202575684, 14.857909202575684]", "step": null, "ts": 1724635275.093386}]}, "version": 315, "at": 1724635275.093386}
{"obj": {"type": "LogStrings", "path": ["monitoring", "59169b80", "stdout"], "values": [{"value": "\n", "step": null, "ts": 1724635275.093386}]}, "version": 316, "at": 1724635275.093386}
{"obj": {"type": "LogStrings", "path": ["monitoring", "59169b80", "stdout"], "values": [{"value": "after thread drone ", "step": null, "ts": 1724635275.0948946}]}, "version": 317, "at": 1724635275.0948946}
{"obj": {"type": "LogStrings", "path": ["monitoring", "59169b80", "stdout"], "values": [{"value": " ", "step": null, "ts": 1724635275.0948946}]}, "version": 318, "at": 1724635275.0948946}
{"obj": {"type": "LogStrings", "path": ["monitoring", "59169b80", "stdout"], "values": [{"value": "1", "step": null, "ts": 1724635275.0948946}]}, "version": 319, "at": 1724635275.0948946}
{"obj": {"type": "LogStrings", "path": ["monitoring", "59169b80", "stdout"], "values": [{"value": "\n", "step": null, "ts": 1724635275.095423}]}, "version": 320, "at": 1724635275.095423}
{"obj": {"type": "LogStrings", "path": ["monitoring", "59169b80", "stdout"], "values": [{"value": "episode ", "step": null, "ts": 1724635275.095423}]}, "version": 321, "at": 1724635275.095423}
{"obj": {"type": "LogStrings", "path": ["monitoring", "59169b80", "stdout"], "values": [{"value": " ", "step": null, "ts": 1724635275.095423}]}, "version": 322, "at": 1724635275.095423}
{"obj": {"type": "LogStrings", "path": ["monitoring", "59169b80", "stdout"], "values": [{"value": "0", "step": null, "ts": 1724635275.095423}]}, "version": 323, "at": 1724635275.095423}
{"obj": {"type": "LogStrings", "path": ["monitoring", "59169b80", "stdout"], "values": [{"value": " ", "step": null, "ts": 1724635275.095423}]}, "version": 324, "at": 1724635275.095423}
{"obj": {"type": "LogStrings", "path": ["monitoring", "59169b80", "stdout"], "values": [{"value": "score -384.7", "step": null, "ts": 1724635275.095423}]}, "version": 325, "at": 1724635275.095423}
{"obj": {"type": "LogStrings", "path": ["monitoring", "59169b80", "stdout"], "values": [{"value": "\n", "step": null, "ts": 1724635275.095423}]}, "version": 326, "at": 1724635275.095423}
{"obj": {"type": "LogFloats", "path": ["reward"], "values": [{"value": -384.67307539397706, "step": null, "ts": 1724635275.0965073}]}, "version": 327, "at": 1724635275.0965073}
{"obj": {"type": "LogFloats", "path": ["epsilon"], "values": [{"value": 0.9983184297396994, "step": null, "ts": 1724635275.0965073}]}, "version": 328, "at": 1724635275.0965073}
{"obj": {"type": "LogStrings", "path": ["monitoring", "59169b80", "stdout"], "values": [{"value": " ... saving checkpoint ...", "step": null, "ts": 1724635275.0975118}]}, "version": 329, "at": 1724635275.0975118}
{"obj": {"type": "LogStrings", "path": ["monitoring", "59169b80", "stdout"], "values": [{"value": "\n", "step": null, "ts": 1724635275.0975118}]}, "version": 330, "at": 1724635275.0975118}
{"obj": {"type": "LogStrings", "path": ["monitoring", "59169b80", "stdout"], "values": [{"value": "episode ", "step": null, "ts": 1724635275.1510022}]}, "version": 331, "at": 1724635275.1510022}
{"obj": {"type": "LogStrings", "path": ["monitoring", "59169b80", "stdout"], "values": [{"value": " ", "step": null, "ts": 1724635275.1510022}]}, "version": 332, "at": 1724635275.1510022}
{"obj": {"type": "LogStrings", "path": ["monitoring", "59169b80", "stdout"], "values": [{"value": "1", "step": null, "ts": 1724635275.1520019}]}, "version": 333, "at": 1724635275.1520019}
{"obj": {"type": "LogStrings", "path": ["monitoring", "59169b80", "stdout"], "values": [{"value": "\n", "step": null, "ts": 1724635275.1520019}]}, "version": 334, "at": 1724635275.1520019}
{"obj": {"type": "LogStrings", "path": ["monitoring", "59169b80", "stdout"], "values": [{"value": "reset", "step": null, "ts": 1724635275.153003}]}, "version": 335, "at": 1724635275.153003}
{"obj": {"type": "LogStrings", "path": ["monitoring", "59169b80", "stdout"], "values": [{"value": "\n", "step": null, "ts": 1724635275.153003}]}, "version": 336, "at": 1724635275.153003}
{"obj": {"type": "LogStrings", "path": ["monitoring", "59169b80", "stdout"], "values": [{"value": "Found 1 cylinders in image", "step": null, "ts": 1724635275.289241}]}, "version": 337, "at": 1724635275.289241}
{"obj": {"type": "LogStrings", "path": ["monitoring", "59169b80", "stdout"], "values": [{"value": "\n", "step": null, "ts": 1724635275.2932422}]}, "version": 338, "at": 1724635275.2932422}
{"obj": {"type": "LogStrings", "path": ["monitoring", "59169b80", "stdout"], "values": [{"value": "Drone1 moved with speed vector [1, 0, 0] with duration 2", "step": null, "ts": 1724635281.379364}]}, "version": 339, "at": 1724635281.379364}
{"obj": {"type": "LogStrings", "path": ["monitoring", "59169b80", "stdout"], "values": [{"value": "\n", "step": null, "ts": 1724635281.379364}]}, "version": 340, "at": 1724635281.379364}
{"obj": {"type": "LogStrings", "path": ["monitoring", "59169b80", "stdout"], "values": [{"value": "before threads ", "step": null, "ts": 1724635281.3803654}]}, "version": 341, "at": 1724635281.3803654}
{"obj": {"type": "LogStrings", "path": ["monitoring", "59169b80", "stdout"], "values": [{"value": " ", "step": null, "ts": 1724635281.3803654}]}, "version": 342, "at": 1724635281.3803654}
{"obj": {"type": "LogStrings", "path": ["monitoring", "59169b80", "stdout"], "values": [{"value": "0", "step": null, "ts": 1724635281.3803654}]}, "version": 343, "at": 1724635281.3803654}
{"obj": {"type": "LogStrings", "path": ["monitoring", "59169b80", "stdout"], "values": [{"value": "\n", "step": null, "ts": 1724635281.3803654}]}, "version": 344, "at": 1724635281.381365}
{"obj": {"type": "LogStrings", "path": ["monitoring", "59169b80", "stdout"], "values": [{"value": "drone 2 ", "step": null, "ts": 1724635281.381365}]}, "version": 345, "at": 1724635281.381365}
{"obj": {"type": "LogStrings", "path": ["monitoring", "59169b80", "stdout"], "values": [{"value": " ", "step": null, "ts": 1724635281.383365}]}, "version": 346, "at": 1724635281.383365}
{"obj": {"type": "LogStrings", "path": ["monitoring", "59169b80", "stdout"], "values": [{"value": "(3, 0, 0)", "step": null, "ts": 1724635281.383365}]}, "version": 347, "at": 1724635281.383365}
{"obj": {"type": "LogStrings", "path": ["monitoring", "59169b80", "stdout"], "values": [{"value": "\n", "step": null, "ts": 1724635281.3870254}]}, "version": 348, "at": 1724635281.3870254}
{"obj": {"type": "LogStrings", "path": ["monitoring", "59169b80", "stdout"], "values": [{"value": "action ", "step": null, "ts": 1724635281.3870254}]}, "version": 349, "at": 1724635281.3870254}
{"obj": {"type": "LogStrings", "path": ["monitoring", "59169b80", "stdout"], "values": [{"value": " ", "step": null, "ts": 1724635281.3878305}]}, "version": 350, "at": 1724635281.3878305}
{"obj": {"type": "LogStrings", "path": ["monitoring", "59169b80", "stdout"], "values": [{"value": "185", "step": null, "ts": 1724635281.3878305}]}, "version": 351, "at": 1724635281.3878305}
{"obj": {"type": "LogStrings", "path": ["monitoring", "59169b80", "stdout"], "values": [{"value": "\n", "step": null, "ts": 1724635281.3878305}]}, "version": 352, "at": 1724635281.3878305}
{"obj": {"type": "LogStrings", "path": ["monitoring", "59169b80", "stdout"], "values": [{"value": "Found 1 cylinders in image", "step": null, "ts": 1724635281.4912097}]}, "version": 353, "at": 1724635281.4912097}
{"obj": {"type": "LogStrings", "path": ["monitoring", "59169b80", "stdout"], "values": [{"value": "\n", "step": null, "ts": 1724635281.4932106}]}, "version": 354, "at": 1724635281.4932106}
{"obj": {"type": "LogStrings", "path": ["monitoring", "59169b80", "stdout"], "values": [{"value": "new_x = ", "step": null, "ts": 1724635281.4993188}]}, "version": 355, "at": 1724635281.4993188}
{"obj": {"type": "LogStrings", "path": ["monitoring", "59169b80", "stdout"], "values": [{"value": " ", "step": null, "ts": 1724635281.4993188}]}, "version": 356, "at": 1724635281.5003166}
{"obj": {"type": "LogStrings", "path": ["monitoring", "59169b80", "stdout"], "values": [{"value": "-1.1475659905255162", "step": null, "ts": 1724635281.5003166}]}, "version": 357, "at": 1724635281.5003166}
{"obj": {"type": "LogStrings", "path": ["monitoring", "59169b80", "stdout"], "values": [{"value": " ", "step": null, "ts": 1724635281.5003166}]}, "version": 358, "at": 1724635281.5003166}
{"obj": {"type": "LogStrings", "path": ["monitoring", "59169b80", "stdout"], "values": [{"value": " new_y = ", "step": null, "ts": 1724635281.5003166}]}, "version": 359, "at": 1724635281.5003166}
{"obj": {"type": "LogStrings", "path": ["monitoring", "59169b80", "stdout"], "values": [{"value": " ", "step": null, "ts": 1724635281.5003166}]}, "version": 360, "at": 1724635281.5003166}
{"obj": {"type": "LogStrings", "path": ["monitoring", "59169b80", "stdout"], "values": [{"value": "-0.22277182863594205", "step": null, "ts": 1724635281.5003166}]}, "version": 361, "at": 1724635281.5003166}
{"obj": {"type": "LogStrings", "path": ["monitoring", "59169b80", "stdout"], "values": [{"value": "\n", "step": null, "ts": 1724635281.5003166}]}, "version": 362, "at": 1724635281.5003166}
{"obj": {"type": "LogFloats", "path": ["monitoring", "59169b80", "cpu"], "values": [{"value": 13.6, "step": null, "ts": 1724635281.5273752}]}, "version": 363, "at": 1724635281.547457}
{"obj": {"type": "LogFloats", "path": ["monitoring", "59169b80", "memory"], "values": [{"value": 13.080814361572266, "step": null, "ts": 1724635281.5273752}]}, "version": 364, "at": 1724635281.547457}
{"obj": {"type": "LogFloats", "path": ["monitoring", "59169b80", "gpu"], "values": [{"value": 35.0, "step": null, "ts": 1724635281.5273752}]}, "version": 365, "at": 1724635281.547457}
{"obj": {"type": "LogFloats", "path": ["monitoring", "59169b80", "gpu_memory"], "values": [{"value": 1.2941627502441406, "step": null, "ts": 1724635281.5273752}]}, "version": 366, "at": 1724635281.547457}
{"obj": {"type": "LogFloats", "path": ["monitoring", "59169b80", "gpu_power"], "values": [{"value": 14.459, "step": null, "ts": 1724635281.5273752}]}, "version": 367, "at": 1724635281.547457}
{"obj": {"type": "LogStrings", "path": ["monitoring", "59169b80", "stdout"], "values": [{"value": "Drone2 moved with speed vector [3, 0, 0] with duration 2", "step": null, "ts": 1724635283.4294615}]}, "version": 368, "at": 1724635283.4294615}
{"obj": {"type": "LogStrings", "path": ["monitoring", "59169b80", "stdout"], "values": [{"value": "\n", "step": null, "ts": 1724635283.4294615}]}, "version": 369, "at": 1724635283.4294615}
{"obj": {"type": "LogStrings", "path": ["monitoring", "59169b80", "stdout"], "values": [{"value": "drone 2 ", "step": null, "ts": 1724635283.430464}]}, "version": 370, "at": 1724635283.430464}
{"obj": {"type": "LogStrings", "path": ["monitoring", "59169b80", "stdout"], "values": [{"value": " ", "step": null, "ts": 1724635283.430464}]}, "version": 371, "at": 1724635283.430464}
{"obj": {"type": "LogStrings", "path": ["monitoring", "59169b80", "stdout"], "values": [{"value": "(3, 2, 0)", "step": null, "ts": 1724635283.430464}]}, "version": 372, "at": 1724635283.430464}
{"obj": {"type": "LogStrings", "path": ["monitoring", "59169b80", "stdout"], "values": [{"value": "\n", "step": null, "ts": 1724635283.430464}]}, "version": 373, "at": 1724635283.430464}
{"obj": {"type": "LogStrings", "path": ["monitoring", "59169b80", "stdout"], "values": [{"value": "Drone1 moved with speed vector [-1.1475659905255162, -0.22277182863594205, 0] with duration 2", "step": null, "ts": 1724635283.545471}]}, "version": 374, "at": 1724635283.5464993}
{"obj": {"type": "LogStrings", "path": ["monitoring", "59169b80", "stdout"], "values": [{"value": "\n", "step": null, "ts": 1724635283.5464993}]}, "version": 375, "at": 1724635283.5464993}
{"obj": {"type": "LogStrings", "path": ["monitoring", "59169b80", "stdout"], "values": [{"value": "rc=0 , rfov=0 , rd=1.0000906230391806 , rdir = 0.047738323211669924 , robs= 0 , r_v=0 , r_ang= -1.0568124509662913 , rf=0 ", "step": null, "ts": 1724635283.5474772}]}, "version": 376, "at": 1724635283.5474772}
{"obj": {"type": "LogStrings", "path": ["monitoring", "59169b80", "stdout"], "values": [{"value": "\n", "step": null, "ts": 1724635283.5474772}]}, "version": 377, "at": 1724635283.5474772}
{"obj": {"type": "LogStrings", "path": ["monitoring", "59169b80", "stdout"], "values": [{"value": "next state ", "step": null, "ts": 1724635283.5474772}]}, "version": 378, "at": 1724635283.5474772}
{"obj": {"type": "LogStrings", "path": ["monitoring", "59169b80", "stdout"], "values": [{"value": " ", "step": null, "ts": 1724635283.5488803}]}, "version": 379, "at": 1724635283.5488803}
{"obj": {"type": "LogStrings", "path": ["monitoring", "59169b80", "stdout"], "values": [{"value": "[6.829995254520327e-06, 2.988649875268392e-16, -0.03492758274078369, 0.0, 0.0, -0.0005324476088086765, 0.10670153314986124, 0.10715464834576387, 0.000781249962747097, 0.0012348656006801277, 0.000781249962747097, 0.0013957120754100661, -1, -1, 14.771010398864746, 14.771010398864746, 14.771010398864746, 14.860124588012695, 12.386916160583496, 14.860124588012695, 14.860124588012695, 14.860124588012695, 14.860124588012695]", "step": null, "ts": 1724635283.5488803}]}, "version": 380, "at": 1724635283.5488803}
{"obj": {"type": "LogStrings", "path": ["monitoring", "59169b80", "stdout"], "values": [{"value": "\n", "step": null, "ts": 1724635283.5498943}]}, "version": 381, "at": 1724635283.5498943}
{"obj": {"type": "LogStrings", "path": ["monitoring", "59169b80", "stdout"], "values": [{"value": "action ", "step": null, "ts": 1724635283.5498943}]}, "version": 382, "at": 1724635283.5498943}
{"obj": {"type": "LogStrings", "path": ["monitoring", "59169b80", "stdout"], "values": [{"value": " ", "step": null, "ts": 1724635283.5498943}]}, "version": 383, "at": 1724635283.5498943}
{"obj": {"type": "LogStrings", "path": ["monitoring", "59169b80", "stdout"], "values": [{"value": "91", "step": null, "ts": 1724635283.5498943}]}, "version": 384, "at": 1724635283.5498943}
{"obj": {"type": "LogStrings", "path": ["monitoring", "59169b80", "stdout"], "values": [{"value": "\n", "step": null, "ts": 1724635283.5511305}]}, "version": 385, "at": 1724635283.5511305}
{"obj": {"type": "LogStrings", "path": ["monitoring", "59169b80", "stdout"], "values": [{"value": "Found 1 cylinders in image", "step": null, "ts": 1724635283.668574}]}, "version": 386, "at": 1724635283.668574}
{"obj": {"type": "LogStrings", "path": ["monitoring", "59169b80", "stdout"], "values": [{"value": "\n", "step": null, "ts": 1724635283.6705675}]}, "version": 387, "at": 1724635283.6705675}
{"obj": {"type": "LogStrings", "path": ["monitoring", "59169b80", "stdout"], "values": [{"value": "new_x = ", "step": null, "ts": 1724635283.6745672}]}, "version": 388, "at": 1724635283.6745672}
{"obj": {"type": "LogStrings", "path": ["monitoring", "59169b80", "stdout"], "values": [{"value": " ", "step": null, "ts": 1724635283.675071}]}, "version": 389, "at": 1724635283.675071}
{"obj": {"type": "LogStrings", "path": ["monitoring", "59169b80", "stdout"], "values": [{"value": "1.6681624350844935", "step": null, "ts": 1724635283.6755753}]}, "version": 390, "at": 1724635283.6755753}
{"obj": {"type": "LogStrings", "path": ["monitoring", "59169b80", "stdout"], "values": [{"value": " ", "step": null, "ts": 1724635283.6755753}]}, "version": 391, "at": 1724635283.6755753}
{"obj": {"type": "LogStrings", "path": ["monitoring", "59169b80", "stdout"], "values": [{"value": " new_y = ", "step": null, "ts": 1724635283.6755753}]}, "version": 392, "at": 1724635283.6755753}
{"obj": {"type": "LogStrings", "path": ["monitoring", "59169b80", "stdout"], "values": [{"value": " ", "step": null, "ts": 1724635283.6755753}]}, "version": 393, "at": 1724635283.6755753}
{"obj": {"type": "LogStrings", "path": ["monitoring", "59169b80", "stdout"], "values": [{"value": "-3.710279906668452", "step": null, "ts": 1724635283.6755753}]}, "version": 394, "at": 1724635283.6755753}
{"obj": {"type": "LogStrings", "path": ["monitoring", "59169b80", "stdout"], "values": [{"value": "\n", "step": null, "ts": 1724635283.6755753}]}, "version": 395, "at": 1724635283.6755753}
{"obj": {"type": "LogStrings", "path": ["monitoring", "59169b80", "stdout"], "values": [{"value": "Drone1 moved with speed vector [1.6681624350844935, -3.710279906668452, 0] with duration 1", "step": null, "ts": 1724635284.6968148}]}, "version": 396, "at": 1724635284.6968148}
{"obj": {"type": "LogStrings", "path": ["monitoring", "59169b80", "stdout"], "values": [{"value": "\n", "step": null, "ts": 1724635284.6983511}]}, "version": 397, "at": 1724635284.6983511}
{"obj": {"type": "LogStrings", "path": ["monitoring", "59169b80", "stdout"], "values": [{"value": "rc=0 , rfov=0 , rd=0.9923136198514007 , rdir = 0.10185089111328126 , robs= 0 , r_v=0 , r_ang= -1.0564433184864919 , rf=0 ", "step": null, "ts": 1724635284.7003615}]}, "version": 398, "at": 1724635284.7003615}
{"obj": {"type": "LogStrings", "path": ["monitoring", "59169b80", "stdout"], "values": [{"value": "\n", "step": null, "ts": 1724635284.7003615}]}, "version": 399, "at": 1724635284.7003615}
{"obj": {"type": "LogStrings", "path": ["monitoring", "59169b80", "stdout"], "values": [{"value": "next state ", "step": null, "ts": 1724635284.7003615}]}, "version": 400, "at": 1724635284.7003615}
{"obj": {"type": "LogStrings", "path": ["monitoring", "59169b80", "stdout"], "values": [{"value": " ", "step": null, "ts": 1724635284.7003615}]}, "version": 401, "at": 1724635284.7003615}
{"obj": {"type": "LogStrings", "path": ["monitoring", "59169b80", "stdout"], "values": [{"value": "[-0.011410966515541077, -0.002397006501754125, -0.03485196431477865, 6.829995254520327e-06, 2.988649875268392e-16, -0.03492758274078369, 0.14513343389285763, 0.10670153314986124, 0.0007950584962964057, 0.0012732717725965712, 0.000781249962747097, 0.0012348656006801277, 0.000781249962747097, 0.0013957120754100661, 15.092544555664062, 15.092544555664062, 15.092544555664062, 15.092544555664062, 15.092544555664062, 15.092544555664062, 15.092544555664062, 15.092544555664062, 15.092544555664062]", "step": null, "ts": 1724635284.7013838}]}, "version": 402, "at": 1724635284.7013838}
{"obj": {"type": "LogStrings", "path": ["monitoring", "59169b80", "stdout"], "values": [{"value": "\n", "step": null, "ts": 1724635284.7013838}]}, "version": 403, "at": 1724635284.7013838}
{"obj": {"type": "LogStrings", "path": ["monitoring", "59169b80", "stdout"], "values": [{"value": "action ", "step": null, "ts": 1724635284.702365}]}, "version": 404, "at": 1724635284.702365}
{"obj": {"type": "LogStrings", "path": ["monitoring", "59169b80", "stdout"], "values": [{"value": " ", "step": null, "ts": 1724635284.702365}]}, "version": 405, "at": 1724635284.702365}
{"obj": {"type": "LogStrings", "path": ["monitoring", "59169b80", "stdout"], "values": [{"value": "1", "step": null, "ts": 1724635284.702365}]}, "version": 406, "at": 1724635284.702365}
{"obj": {"type": "LogStrings", "path": ["monitoring", "59169b80", "stdout"], "values": [{"value": "\n", "step": null, "ts": 1724635284.7033606}]}, "version": 407, "at": 1724635284.7033606}
{"obj": {"type": "LogStrings", "path": ["monitoring", "59169b80", "stdout"], "values": [{"value": "Found 0 cylinders in image", "step": null, "ts": 1724635284.8060722}]}, "version": 408, "at": 1724635284.8060722}
{"obj": {"type": "LogStrings", "path": ["monitoring", "59169b80", "stdout"], "values": [{"value": "\n", "step": null, "ts": 1724635284.8081079}]}, "version": 409, "at": 1724635284.8081079}
{"obj": {"type": "LogStrings", "path": ["monitoring", "59169b80", "stdout"], "values": [{"value": "new_x = ", "step": null, "ts": 1724635284.8111093}]}, "version": 410, "at": 1724635284.8111093}
{"obj": {"type": "LogStrings", "path": ["monitoring", "59169b80", "stdout"], "values": [{"value": " ", "step": null, "ts": 1724635284.8111093}]}, "version": 411, "at": 1724635284.8111093}
{"obj": {"type": "LogStrings", "path": ["monitoring", "59169b80", "stdout"], "values": [{"value": "-0.07543880346009947", "step": null, "ts": 1724635284.8111093}]}, "version": 412, "at": 1724635284.8111093}
{"obj": {"type": "LogStrings", "path": ["monitoring", "59169b80", "stdout"], "values": [{"value": " ", "step": null, "ts": 1724635284.8111093}]}, "version": 413, "at": 1724635284.8121047}
{"obj": {"type": "LogStrings", "path": ["monitoring", "59169b80", "stdout"], "values": [{"value": " new_y = ", "step": null, "ts": 1724635284.8121047}]}, "version": 414, "at": 1724635284.8121047}
{"obj": {"type": "LogStrings", "path": ["monitoring", "59169b80", "stdout"], "values": [{"value": " ", "step": null, "ts": 1724635284.8121047}]}, "version": 415, "at": 1724635284.8121047}
{"obj": {"type": "LogStrings", "path": ["monitoring", "59169b80", "stdout"], "values": [{"value": "-0.048921815083023366", "step": null, "ts": 1724635284.8121047}]}, "version": 416, "at": 1724635284.8121047}
{"obj": {"type": "LogStrings", "path": ["monitoring", "59169b80", "stdout"], "values": [{"value": "\n", "step": null, "ts": 1724635284.8121047}]}, "version": 417, "at": 1724635284.8121047}
{"obj": {"type": "LogStrings", "path": ["monitoring", "59169b80", "stdout"], "values": [{"value": "Drone2 moved with speed vector [3, 2, 0] with duration 2", "step": null, "ts": 1724635285.4803305}]}, "version": 418, "at": 1724635285.4803305}
{"obj": {"type": "LogStrings", "path": ["monitoring", "59169b80", "stdout"], "values": [{"value": "\n", "step": null, "ts": 1724635285.4803305}]}, "version": 419, "at": 1724635285.4803305}
{"obj": {"type": "LogStrings", "path": ["monitoring", "59169b80", "stdout"], "values": [{"value": "drone 2 ", "step": null, "ts": 1724635285.4803305}]}, "version": 420, "at": 1724635285.4803305}
{"obj": {"type": "LogStrings", "path": ["monitoring", "59169b80", "stdout"], "values": [{"value": " ", "step": null, "ts": 1724635285.4813318}]}, "version": 421, "at": 1724635285.4813318}
{"obj": {"type": "LogStrings", "path": ["monitoring", "59169b80", "stdout"], "values": [{"value": "(6, 0, 0)", "step": null, "ts": 1724635285.4813318}]}, "version": 422, "at": 1724635285.4813318}
{"obj": {"type": "LogStrings", "path": ["monitoring", "59169b80", "stdout"], "values": [{"value": "\n", "step": null, "ts": 1724635285.4813318}]}, "version": 423, "at": 1724635285.4813318}
{"obj": {"type": "LogStrings", "path": ["monitoring", "59169b80", "stdout"], "values": [{"value": "Drone1 moved with speed vector [-0.07543880346009947, -0.048921815083023366, 0] with duration 1", "step": null, "ts": 1724635285.8366766}]}, "version": 424, "at": 1724635285.8366766}
{"obj": {"type": "LogStrings", "path": ["monitoring", "59169b80", "stdout"], "values": [{"value": "\n", "step": null, "ts": 1724635285.8376832}]}, "version": 425, "at": 1724635285.8376832}
{"obj": {"type": "LogStrings", "path": ["monitoring", "59169b80", "stdout"], "values": [{"value": "rc=0 , rfov=-10 , rd=0.0 , rdir = 0.1064423179626465 , robs= 0 , r_v=0 , r_ang= 0 , rf=-50 ", "step": null, "ts": 1724635285.8386836}]}, "version": 426, "at": 1724635285.8386836}
{"obj": {"type": "LogStrings", "path": ["monitoring", "59169b80", "stdout"], "values": [{"value": "\n", "step": null, "ts": 1724635285.8386836}]}, "version": 427, "at": 1724635285.8386836}
{"obj": {"type": "LogStrings", "path": ["monitoring", "59169b80", "stdout"], "values": [{"value": "next state ", "step": null, "ts": 1724635285.8386836}]}, "version": 428, "at": 1724635285.8386836}
{"obj": {"type": "LogStrings", "path": ["monitoring", "59169b80", "stdout"], "values": [{"value": " ", "step": null, "ts": 1724635285.8386836}]}, "version": 429, "at": 1724635285.8386836}
{"obj": {"type": "LogStrings", "path": ["monitoring", "59169b80", "stdout"], "values": [{"value": "[-0.010262752572695414, -0.017628010114034018, -0.04096769491831462, -0.011410966515541077, -0.002397006501754125, -0.03485196431477865, -1, 0.14513343389285763, -1, -1, 0.0007950584962964057, 0.0012732717725965712, 0.000781249962747097, 0.0012348656006801277, 15.322115898132324, 15.322115898132324, 15.322115898132324, 15.322115898132324, 15.322115898132324, 15.322115898132324, 15.322115898132324, 15.322115898132324, 15.322115898132324]", "step": null, "ts": 1724635285.8396828}]}, "version": 430, "at": 1724635285.8396828}
{"obj": {"type": "LogStrings", "path": ["monitoring", "59169b80", "stdout"], "values": [{"value": "\n", "step": null, "ts": 1724635285.8396828}]}, "version": 431, "at": 1724635285.8396828}
{"obj": {"type": "LogStrings", "path": ["monitoring", "59169b80", "stdout"], "values": [{"value": "action ", "step": null, "ts": 1724635285.8406875}]}, "version": 432, "at": 1724635285.8406875}
{"obj": {"type": "LogStrings", "path": ["monitoring", "59169b80", "stdout"], "values": [{"value": " ", "step": null, "ts": 1724635285.8406875}]}, "version": 433, "at": 1724635285.8406875}
{"obj": {"type": "LogStrings", "path": ["monitoring", "59169b80", "stdout"], "values": [{"value": "290", "step": null, "ts": 1724635285.8406875}]}, "version": 434, "at": 1724635285.8406875}
{"obj": {"type": "LogStrings", "path": ["monitoring", "59169b80", "stdout"], "values": [{"value": "\n", "step": null, "ts": 1724635285.8416822}]}, "version": 435, "at": 1724635285.8416822}
{"obj": {"type": "LogStrings", "path": ["monitoring", "59169b80", "stdout"], "values": [{"value": "Found 1 cylinders in image", "step": null, "ts": 1724635285.9384289}]}, "version": 436, "at": 1724635285.9384289}
{"obj": {"type": "LogStrings", "path": ["monitoring", "59169b80", "stdout"], "values": [{"value": "\n", "step": null, "ts": 1724635285.9404259}]}, "version": 437, "at": 1724635285.9404259}
{"obj": {"type": "LogStrings", "path": ["monitoring", "59169b80", "stdout"], "values": [{"value": "new_x = ", "step": null, "ts": 1724635285.9434292}]}, "version": 438, "at": 1724635285.9434292}
{"obj": {"type": "LogStrings", "path": ["monitoring", "59169b80", "stdout"], "values": [{"value": " ", "step": null, "ts": 1724635285.9449449}]}, "version": 439, "at": 1724635285.9449449}
{"obj": {"type": "LogStrings", "path": ["monitoring", "59169b80", "stdout"], "values": [{"value": "3.7929090250309354", "step": null, "ts": 1724635285.9449449}]}, "version": 440, "at": 1724635285.9449449}
{"obj": {"type": "LogStrings", "path": ["monitoring", "59169b80", "stdout"], "values": [{"value": " ", "step": null, "ts": 1724635285.9454522}]}, "version": 441, "at": 1724635285.9454522}
{"obj": {"type": "LogStrings", "path": ["monitoring", "59169b80", "stdout"], "values": [{"value": " new_y = ", "step": null, "ts": 1724635285.9454522}]}, "version": 442, "at": 1724635285.9454522}
{"obj": {"type": "LogStrings", "path": ["monitoring", "59169b80", "stdout"], "values": [{"value": " ", "step": null, "ts": 1724635285.9454522}]}, "version": 443, "at": 1724635285.9454522}
{"obj": {"type": "LogStrings", "path": ["monitoring", "59169b80", "stdout"], "values": [{"value": "0.5326058409588427", "step": null, "ts": 1724635285.9454522}]}, "version": 444, "at": 1724635285.9454522}
{"obj": {"type": "LogStrings", "path": ["monitoring", "59169b80", "stdout"], "values": [{"value": "\n", "step": null, "ts": 1724635285.9454522}]}, "version": 445, "at": 1724635285.9454522}
{"obj": {"type": "LogStrings", "path": ["monitoring", "59169b80", "stdout"], "values": [{"value": "Drone2 moved with speed vector [6, 0, 0] with duration 2", "step": null, "ts": 1724635287.5374026}]}, "version": 446, "at": 1724635287.5374026}
{"obj": {"type": "LogStrings", "path": ["monitoring", "59169b80", "stdout"], "values": [{"value": "\n", "step": null, "ts": 1724635287.5374026}]}, "version": 447, "at": 1724635287.5374026}
{"obj": {"type": "LogStrings", "path": ["monitoring", "59169b80", "stdout"], "values": [{"value": "drone 2 ", "step": null, "ts": 1724635287.5374026}]}, "version": 448, "at": 1724635287.5374026}
{"obj": {"type": "LogStrings", "path": ["monitoring", "59169b80", "stdout"], "values": [{"value": " ", "step": null, "ts": 1724635287.5384035}]}, "version": 449, "at": 1724635287.5384035}
{"obj": {"type": "LogStrings", "path": ["monitoring", "59169b80", "stdout"], "values": [{"value": "(6, -4, 0)", "step": null, "ts": 1724635287.5384035}]}, "version": 450, "at": 1724635287.5384035}
{"obj": {"type": "LogStrings", "path": ["monitoring", "59169b80", "stdout"], "values": [{"value": "\n", "step": null, "ts": 1724635287.5394034}]}, "version": 451, "at": 1724635287.5394034}
{"obj": {"type": "LogStrings", "path": ["monitoring", "59169b80", "stdout"], "values": [{"value": "Drone1 moved with speed vector [3.7929090250309354, 0.5326058409588427, 0] with duration 3", "step": null, "ts": 1724635288.998522}]}, "version": 452, "at": 1724635288.998522}
{"obj": {"type": "LogStrings", "path": ["monitoring", "59169b80", "stdout"], "values": [{"value": "\n", "step": null, "ts": 1724635288.998522}]}, "version": 453, "at": 1724635288.998522}
{"obj": {"type": "LogStrings", "path": ["monitoring", "59169b80", "stdout"], "values": [{"value": "rc=0 , rfov=0 , rd=1.0 , rdir = 0.10638845443725586 , robs= 0 , r_v=0 , r_ang= -1.0537074893041487 , rf=0 ", "step": null, "ts": 1724635289.000709}]}, "version": 454, "at": 1724635289.000709}
{"obj": {"type": "LogStrings", "path": ["monitoring", "59169b80", "stdout"], "values": [{"value": "\n", "step": null, "ts": 1724635289.000709}]}, "version": 455, "at": 1724635289.000709}
{"obj": {"type": "LogStrings", "path": ["monitoring", "59169b80", "stdout"], "values": [{"value": "next state ", "step": null, "ts": 1724635289.0018122}]}, "version": 456, "at": 1724635289.0018122}
{"obj": {"type": "LogStrings", "path": ["monitoring", "59169b80", "stdout"], "values": [{"value": " ", "step": null, "ts": 1724635289.0018122}]}, "version": 457, "at": 1724635289.0018122}
{"obj": {"type": "LogStrings", "path": ["monitoring", "59169b80", "stdout"], "values": [{"value": "[-0.004506245752175649, -0.033499340216318764, -0.0435460368792216, -0.010262752572695414, -0.017628010114034018, -0.04096769491831462, 0.14022469758615477, -1, 0.0010357175394892692, 0.0014194766386055652, -1, -1, 0.0007950584962964057, 0.0012732717725965712, 15.319422721862793, 15.319422721862793, 15.319422721862793, 15.319422721862793, 15.319422721862793, 15.319422721862793, 15.319422721862793, 15.319422721862793, 15.319422721862793]", "step": null, "ts": 1724635289.0028267}]}, "version": 458, "at": 1724635289.0028267}
{"obj": {"type": "LogStrings", "path": ["monitoring", "59169b80", "stdout"], "values": [{"value": "\n", "step": null, "ts": 1724635289.0028267}]}, "version": 459, "at": 1724635289.0028267}
{"obj": {"type": "LogStrings", "path": ["monitoring", "59169b80", "stdout"], "values": [{"value": "action ", "step": null, "ts": 1724635289.0038233}]}, "version": 460, "at": 1724635289.0038233}
{"obj": {"type": "LogStrings", "path": ["monitoring", "59169b80", "stdout"], "values": [{"value": " ", "step": null, "ts": 1724635289.0038233}]}, "version": 461, "at": 1724635289.0038233}
{"obj": {"type": "LogStrings", "path": ["monitoring", "59169b80", "stdout"], "values": [{"value": "95", "step": null, "ts": 1724635289.0038233}]}, "version": 462, "at": 1724635289.0038233}
{"obj": {"type": "LogStrings", "path": ["monitoring", "59169b80", "stdout"], "values": [{"value": "\n", "step": null, "ts": 1724635289.0038233}]}, "version": 463, "at": 1724635289.0038233}
{"obj": {"type": "LogStrings", "path": ["monitoring", "59169b80", "stdout"], "values": [{"value": "Found 1 cylinders in image", "step": null, "ts": 1724635289.0955548}]}, "version": 464, "at": 1724635289.0955548}
{"obj": {"type": "LogStrings", "path": ["monitoring", "59169b80", "stdout"], "values": [{"value": "\n", "step": null, "ts": 1724635289.0975716}]}, "version": 465, "at": 1724635289.0975716}
{"obj": {"type": "LogStrings", "path": ["monitoring", "59169b80", "stdout"], "values": [{"value": "new_x = ", "step": null, "ts": 1724635289.0995672}]}, "version": 466, "at": 1724635289.0995672}
{"obj": {"type": "LogStrings", "path": ["monitoring", "59169b80", "stdout"], "values": [{"value": " ", "step": null, "ts": 1724635289.100567}]}, "version": 467, "at": 1724635289.100567}
{"obj": {"type": "LogStrings", "path": ["monitoring", "59169b80", "stdout"], "values": [{"value": "-6.335354862568988", "step": null, "ts": 1724635289.100567}]}, "version": 468, "at": 1724635289.100567}
{"obj": {"type": "LogStrings", "path": ["monitoring", "59169b80", "stdout"], "values": [{"value": " ", "step": null, "ts": 1724635289.100567}]}, "version": 469, "at": 1724635289.100567}
{"obj": {"type": "LogStrings", "path": ["monitoring", "59169b80", "stdout"], "values": [{"value": " new_y = ", "step": null, "ts": 1724635289.100567}]}, "version": 470, "at": 1724635289.100567}
{"obj": {"type": "LogStrings", "path": ["monitoring", "59169b80", "stdout"], "values": [{"value": " ", "step": null, "ts": 1724635289.100567}]}, "version": 471, "at": 1724635289.100567}
{"obj": {"type": "LogStrings", "path": ["monitoring", "59169b80", "stdout"], "values": [{"value": "-2.1810924241669674", "step": null, "ts": 1724635289.100567}]}, "version": 472, "at": 1724635289.100567}
{"obj": {"type": "LogStrings", "path": ["monitoring", "59169b80", "stdout"], "values": [{"value": "\n", "step": null, "ts": 1724635289.100567}]}, "version": 473, "at": 1724635289.100567}
{"obj": {"type": "LogStrings", "path": ["monitoring", "59169b80", "stdout"], "values": [{"value": "Drone2 moved with speed vector [6, -4, 0] with duration 2", "step": null, "ts": 1724635289.5753329}]}, "version": 474, "at": 1724635289.5753329}
{"obj": {"type": "LogStrings", "path": ["monitoring", "59169b80", "stdout"], "values": [{"value": "\n", "step": null, "ts": 1724635289.5753329}]}, "version": 475, "at": 1724635289.5763214}
{"obj": {"type": "LogStrings", "path": ["monitoring", "59169b80", "stdout"], "values": [{"value": "drone 2 ", "step": null, "ts": 1724635289.5763214}]}, "version": 476, "at": 1724635289.5763214}
{"obj": {"type": "LogStrings", "path": ["monitoring", "59169b80", "stdout"], "values": [{"value": " ", "step": null, "ts": 1724635289.5763214}]}, "version": 477, "at": 1724635289.5763214}
{"obj": {"type": "LogStrings", "path": ["monitoring", "59169b80", "stdout"], "values": [{"value": "(12, 0, 0)", "step": null, "ts": 1724635289.5773363}]}, "version": 478, "at": 1724635289.5773363}
{"obj": {"type": "LogStrings", "path": ["monitoring", "59169b80", "stdout"], "values": [{"value": "\n", "step": null, "ts": 1724635289.5773363}]}, "version": 479, "at": 1724635289.5773363}
{"obj": {"type": "LogStrings", "path": ["monitoring", "59169b80", "stdout"], "values": [{"value": "Drone1 moved with speed vector [-6.335354862568988, -2.1810924241669674, 0] with duration 1", "step": null, "ts": 1724635290.110312}]}, "version": 480, "at": 1724635290.110312}
{"obj": {"type": "LogStrings", "path": ["monitoring", "59169b80", "stdout"], "values": [{"value": "\n", "step": null, "ts": 1724635290.11131}]}, "version": 481, "at": 1724635290.11131}
{"obj": {"type": "LogStrings", "path": ["monitoring", "59169b80", "stdout"], "values": [{"value": "rc=0 , rfov=0 , rd=-2.019168729639082 , rdir = 0.10380752563476564 , robs= 0 , r_v=0 , r_ang= -1.0553704150234045 , rf=-50 ", "step": null, "ts": 1724635290.1123083}]}, "version": 482, "at": 1724635290.1123083}
{"obj": {"type": "LogStrings", "path": ["monitoring", "59169b80", "stdout"], "values": [{"value": "\n", "step": null, "ts": 1724635290.1123083}]}, "version": 483, "at": 1724635290.1123083}
{"obj": {"type": "LogStrings", "path": ["monitoring", "59169b80", "stdout"], "values": [{"value": "next state ", "step": null, "ts": 1724635290.1123083}]}, "version": 484, "at": 1724635290.1123083}
{"obj": {"type": "LogStrings", "path": ["monitoring", "59169b80", "stdout"], "values": [{"value": " ", "step": null, "ts": 1724635290.113308}]}, "version": 485, "at": 1724635290.113308}
{"obj": {"type": "LogStrings", "path": ["monitoring", "59169b80", "stdout"], "values": [{"value": "[0.06677881081899008, -0.027728633085886637, -0.04864922364552816, -0.004506245752175649, -0.033499340216318764, -0.0435460368792216, 0.23606834578156563, 0.14022469758615477, 0.0009223613888025284, 0.0012976563418353045, 0.0010357175394892692, 0.0014194766386055652, -1, -1, 15.190376281738281, 15.190376281738281, 15.190376281738281, 15.190376281738281, 15.190376281738281, 15.190376281738281, 15.190376281738281, 15.190376281738281, 14.905314445495605]", "step": null, "ts": 1724635290.113308}]}, "version": 486, "at": 1724635290.113308}
{"obj": {"type": "LogStrings", "path": ["monitoring", "59169b80", "stdout"], "values": [{"value": "\n", "step": null, "ts": 1724635290.113308}]}, "version": 487, "at": 1724635290.113308}
{"obj": {"type": "LogStrings", "path": ["monitoring", "59169b80", "stdout"], "values": [{"value": "action ", "step": null, "ts": 1724635290.113308}]}, "version": 488, "at": 1724635290.113308}
{"obj": {"type": "LogStrings", "path": ["monitoring", "59169b80", "stdout"], "values": [{"value": " ", "step": null, "ts": 1724635290.114814}]}, "version": 489, "at": 1724635290.114814}
{"obj": {"type": "LogStrings", "path": ["monitoring", "59169b80", "stdout"], "values": [{"value": "237", "step": null, "ts": 1724635290.1153338}]}, "version": 490, "at": 1724635290.1153338}
{"obj": {"type": "LogStrings", "path": ["monitoring", "59169b80", "stdout"], "values": [{"value": "\n", "step": null, "ts": 1724635290.1153338}]}, "version": 491, "at": 1724635290.1167798}
{"obj": {"type": "LogStrings", "path": ["monitoring", "59169b80", "stdout"], "values": [{"value": "Found 0 cylinders in image", "step": null, "ts": 1724635290.1896238}]}, "version": 492, "at": 1724635290.1896238}
{"obj": {"type": "LogStrings", "path": ["monitoring", "59169b80", "stdout"], "values": [{"value": "\n", "step": null, "ts": 1724635290.1896238}]}, "version": 493, "at": 1724635290.1896238}
{"obj": {"type": "LogStrings", "path": ["monitoring", "59169b80", "stdout"], "values": [{"value": "new_x = ", "step": null, "ts": 1724635290.19262}]}, "version": 494, "at": 1724635290.19262}
{"obj": {"type": "LogStrings", "path": ["monitoring", "59169b80", "stdout"], "values": [{"value": " ", "step": null, "ts": 1724635290.1941328}]}, "version": 495, "at": 1724635290.1941328}
{"obj": {"type": "LogStrings", "path": ["monitoring", "59169b80", "stdout"], "values": [{"value": "0.46062732576067567", "step": null, "ts": 1724635290.1941328}]}, "version": 496, "at": 1724635290.1941328}
{"obj": {"type": "LogStrings", "path": ["monitoring", "59169b80", "stdout"], "values": [{"value": " ", "step": null, "ts": 1724635290.1941328}]}, "version": 497, "at": 1724635290.1941328}
{"obj": {"type": "LogStrings", "path": ["monitoring", "59169b80", "stdout"], "values": [{"value": " new_y = ", "step": null, "ts": 1724635290.1946867}]}, "version": 498, "at": 1724635290.1946867}
{"obj": {"type": "LogStrings", "path": ["monitoring", "59169b80", "stdout"], "values": [{"value": " ", "step": null, "ts": 1724635290.1946867}]}, "version": 499, "at": 1724635290.1946867}
{"obj": {"type": "LogStrings", "path": ["monitoring", "59169b80", "stdout"], "values": [{"value": "2.834931494361228", "step": null, "ts": 1724635290.1946867}]}, "version": 500, "at": 1724635290.1946867}
{"obj": {"type": "LogStrings", "path": ["monitoring", "59169b80", "stdout"], "values": [{"value": "\n", "step": null, "ts": 1724635290.1946867}]}, "version": 501, "at": 1724635290.1946867}
{"obj": {"type": "LogFloats", "path": ["monitoring", "59169b80", "cpu"], "values": [{"value": 12.5, "step": null, "ts": 1724635291.5623925}]}, "version": 502, "at": 1724635291.5770986}
{"obj": {"type": "LogFloats", "path": ["monitoring", "59169b80", "memory"], "values": [{"value": 13.098373413085938, "step": null, "ts": 1724635291.5623925}]}, "version": 503, "at": 1724635291.5770986}
{"obj": {"type": "LogFloats", "path": ["monitoring", "59169b80", "gpu"], "values": [{"value": 35.0, "step": null, "ts": 1724635291.5623925}]}, "version": 504, "at": 1724635291.5770986}
{"obj": {"type": "LogFloats", "path": ["monitoring", "59169b80", "gpu_memory"], "values": [{"value": 1.2932472229003906, "step": null, "ts": 1724635291.5623925}]}, "version": 505, "at": 1724635291.5770986}
{"obj": {"type": "LogFloats", "path": ["monitoring", "59169b80", "gpu_power"], "values": [{"value": 16.847, "step": null, "ts": 1724635291.5623925}]}, "version": 506, "at": 1724635291.5770986}
{"obj": {"type": "LogStrings", "path": ["monitoring", "59169b80", "stdout"], "values": [{"value": "Drone2 moved with speed vector [12, 0, 0] with duration 2", "step": null, "ts": 1724635291.606634}]}, "version": 507, "at": 1724635291.606634}
{"obj": {"type": "LogStrings", "path": ["monitoring", "59169b80", "stdout"], "values": [{"value": "\n", "step": null, "ts": 1724635291.606634}]}, "version": 508, "at": 1724635291.606634}
{"obj": {"type": "LogStrings", "path": ["monitoring", "59169b80", "stdout"], "values": [{"value": "drone 2 ", "step": null, "ts": 1724635291.606634}]}, "version": 509, "at": 1724635291.606634}
{"obj": {"type": "LogStrings", "path": ["monitoring", "59169b80", "stdout"], "values": [{"value": " ", "step": null, "ts": 1724635291.6076493}]}, "version": 510, "at": 1724635291.6076493}
{"obj": {"type": "LogStrings", "path": ["monitoring", "59169b80", "stdout"], "values": [{"value": "(3, 2, 0)", "step": null, "ts": 1724635291.6076493}]}, "version": 511, "at": 1724635291.6076493}
{"obj": {"type": "LogStrings", "path": ["monitoring", "59169b80", "stdout"], "values": [{"value": "\n", "step": null, "ts": 1724635291.6076493}]}, "version": 512, "at": 1724635291.6076493}
{"obj": {"type": "LogStrings", "path": ["monitoring", "59169b80", "stdout"], "values": [{"value": "Drone1 moved with speed vector [0.46062732576067567, 2.834931494361228, 0] with duration 3", "step": null, "ts": 1724635293.2232833}]}, "version": 513, "at": 1724635293.2232833}
{"obj": {"type": "LogStrings", "path": ["monitoring", "59169b80", "stdout"], "values": [{"value": "\n", "step": null, "ts": 1724635293.2232833}]}, "version": 514, "at": 1724635293.2232833}
{"obj": {"type": "LogStrings", "path": ["monitoring", "59169b80", "stdout"], "values": [{"value": "rc=0 , rfov=-10 , rd=0.0 , rdir = 0.10205518722534179 , robs= 0 , r_v=0 , r_ang= 0 , rf=-50 ", "step": null, "ts": 1724635293.2253048}]}, "version": 515, "at": 1724635293.2253048}
{"obj": {"type": "LogStrings", "path": ["monitoring", "59169b80", "stdout"], "values": [{"value": "\n", "step": null, "ts": 1724635293.2253048}]}, "version": 516, "at": 1724635293.2253048}
{"obj": {"type": "LogStrings", "path": ["monitoring", "59169b80", "stdout"], "values": [{"value": "next state ", "step": null, "ts": 1724635293.2253048}]}, "version": 517, "at": 1724635293.2253048}
{"obj": {"type": "LogStrings", "path": ["monitoring", "59169b80", "stdout"], "values": [{"value": " ", "step": null, "ts": 1724635293.2262585}]}, "version": 518, "at": 1724635293.2262585}
{"obj": {"type": "LogStrings", "path": ["monitoring", "59169b80", "stdout"], "values": [{"value": "[0.06793465614318847, -0.03440443674723307, -0.0649241050084432, 0.06677881081899008, -0.027728633085886637, -0.04864922364552816, -1, 0.23606834578156563, -1, -1, 0.0009223613888025284, 0.0012976563418353045, 0.0010357175394892692, 0.0014194766386055652, 15.10275936126709, 15.10275936126709, 15.10275936126709, 15.10275936126709, 15.10275936126709, 15.10275936126709, 15.10275936126709, 15.10275936126709, 15.10275936126709]", "step": null, "ts": 1724635293.2262585}]}, "version": 519, "at": 1724635293.2262585}
{"obj": {"type": "LogStrings", "path": ["monitoring", "59169b80", "stdout"], "values": [{"value": "\n", "step": null, "ts": 1724635293.2262585}]}, "version": 520, "at": 1724635293.2262585}
{"obj": {"type": "LogStrings", "path": ["monitoring", "59169b80", "stdout"], "values": [{"value": "action ", "step": null, "ts": 1724635293.2275164}]}, "version": 521, "at": 1724635293.2275164}
{"obj": {"type": "LogStrings", "path": ["monitoring", "59169b80", "stdout"], "values": [{"value": " ", "step": null, "ts": 1724635293.2275164}]}, "version": 522, "at": 1724635293.2275164}
{"obj": {"type": "LogStrings", "path": ["monitoring", "59169b80", "stdout"], "values": [{"value": "17", "step": null, "ts": 1724635293.2275164}]}, "version": 523, "at": 1724635293.2275164}
{"obj": {"type": "LogStrings", "path": ["monitoring", "59169b80", "stdout"], "values": [{"value": "\n", "step": null, "ts": 1724635293.2285156}]}, "version": 524, "at": 1724635293.2285156}
{"obj": {"type": "LogStrings", "path": ["monitoring", "59169b80", "stdout"], "values": [{"value": "Found 1 cylinders in image", "step": null, "ts": 1724635293.318037}]}, "version": 525, "at": 1724635293.318037}
{"obj": {"type": "LogStrings", "path": ["monitoring", "59169b80", "stdout"], "values": [{"value": "\n", "step": null, "ts": 1724635293.3200417}]}, "version": 526, "at": 1724635293.3200417}
{"obj": {"type": "LogStrings", "path": ["monitoring", "59169b80", "stdout"], "values": [{"value": "new_x = ", "step": null, "ts": 1724635293.3230364}]}, "version": 527, "at": 1724635293.3230364}
{"obj": {"type": "LogStrings", "path": ["monitoring", "59169b80", "stdout"], "values": [{"value": " ", "step": null, "ts": 1724635293.3230364}]}, "version": 528, "at": 1724635293.3245502}
{"obj": {"type": "LogStrings", "path": ["monitoring", "59169b80", "stdout"], "values": [{"value": "0.29708528660276073", "step": null, "ts": 1724635293.3246555}]}, "version": 529, "at": 1724635293.3246555}
{"obj": {"type": "LogStrings", "path": ["monitoring", "59169b80", "stdout"], "values": [{"value": " ", "step": null, "ts": 1724635293.3246555}]}, "version": 530, "at": 1724635293.3246555}
{"obj": {"type": "LogStrings", "path": ["monitoring", "59169b80", "stdout"], "values": [{"value": " new_y = ", "step": null, "ts": 1724635293.3246555}]}, "version": 531, "at": 1724635293.3246555}
{"obj": {"type": "LogStrings", "path": ["monitoring", "59169b80", "stdout"], "values": [{"value": " ", "step": null, "ts": 1724635293.3246555}]}, "version": 532, "at": 1724635293.3246555}
{"obj": {"type": "LogStrings", "path": ["monitoring", "59169b80", "stdout"], "values": [{"value": "-0.2756539918919368", "step": null, "ts": 1724635293.325561}]}, "version": 533, "at": 1724635293.325561}
{"obj": {"type": "LogStrings", "path": ["monitoring", "59169b80", "stdout"], "values": [{"value": "\n", "step": null, "ts": 1724635293.325561}]}, "version": 534, "at": 1724635293.325561}
{"obj": {"type": "LogStrings", "path": ["monitoring", "59169b80", "stdout"], "values": [{"value": "Drone2 moved with speed vector [3, 2, 0] with duration 2", "step": null, "ts": 1724635293.6433883}]}, "version": 535, "at": 1724635293.6433883}
{"obj": {"type": "LogStrings", "path": ["monitoring", "59169b80", "stdout"], "values": [{"value": "\n", "step": null, "ts": 1724635293.6443906}]}, "version": 536, "at": 1724635293.6443906}
{"obj": {"type": "LogStrings", "path": ["monitoring", "59169b80", "stdout"], "values": [{"value": "drone 2 ", "step": null, "ts": 1724635293.6443906}]}, "version": 537, "at": 1724635293.6448998}
{"obj": {"type": "LogStrings", "path": ["monitoring", "59169b80", "stdout"], "values": [{"value": " ", "step": null, "ts": 1724635293.6454062}]}, "version": 538, "at": 1724635293.6454062}
{"obj": {"type": "LogStrings", "path": ["monitoring", "59169b80", "stdout"], "values": [{"value": "(6, 0, 0)", "step": null, "ts": 1724635293.6454062}]}, "version": 539, "at": 1724635293.6454062}
{"obj": {"type": "LogStrings", "path": ["monitoring", "59169b80", "stdout"], "values": [{"value": "\n", "step": null, "ts": 1724635293.6454062}]}, "version": 540, "at": 1724635293.6454062}
{"obj": {"type": "LogStrings", "path": ["monitoring", "59169b80", "stdout"], "values": [{"value": "Drone1 moved with speed vector [0.29708528660276073, -0.2756539918919368, 0] with duration 1", "step": null, "ts": 1724635294.345678}]}, "version": 541, "at": 1724635294.345678}
{"obj": {"type": "LogStrings", "path": ["monitoring", "59169b80", "stdout"], "values": [{"value": "\n", "step": null, "ts": 1724635294.3466165}]}, "version": 542, "at": 1724635294.3466165}
{"obj": {"type": "LogStrings", "path": ["monitoring", "59169b80", "stdout"], "values": [{"value": "rc=0 , rfov=0 , rd=-2.0 , rdir = 0.09734186172485353 , robs= 0 , r_v=0 , r_ang= -1.0553402807221157 , rf=-50 ", "step": null, "ts": 1724635294.3476162}]}, "version": 543, "at": 1724635294.3476162}
{"obj": {"type": "LogStrings", "path": ["monitoring", "59169b80", "stdout"], "values": [{"value": "\n", "step": null, "ts": 1724635294.3476162}]}, "version": 544, "at": 1724635294.3476162}
{"obj": {"type": "LogStrings", "path": ["monitoring", "59169b80", "stdout"], "values": [{"value": "next state ", "step": null, "ts": 1724635294.3486185}]}, "version": 545, "at": 1724635294.3486185}
{"obj": {"type": "LogStrings", "path": ["monitoring", "59169b80", "stdout"], "values": [{"value": " ", "step": null, "ts": 1724635294.3486185}]}, "version": 546, "at": 1724635294.3486185}
{"obj": {"type": "LogStrings", "path": ["monitoring", "59169b80", "stdout"], "values": [{"value": "[0.04609790643056234, 0.004954964915911356, -0.07859963575998942, 0.06793465614318847, -0.03440443674723307, -0.0649241050084432, 0.5273828654111161, -1, 0.0009028189629316331, 0.0013214776545395087, -1, -1, 0.0009223613888025284, 0.0012976563418353045, 14.867093086242676, 14.867093086242676, 14.867093086242676, 14.867093086242676, 14.867093086242676, 14.867093086242676, 14.867093086242676, 14.867093086242676, 14.867093086242676]", "step": null, "ts": 1724635294.3486185}]}, "version": 547, "at": 1724635294.3486185}
{"obj": {"type": "LogStrings", "path": ["monitoring", "59169b80", "stdout"], "values": [{"value": "\n", "step": null, "ts": 1724635294.3496165}]}, "version": 548, "at": 1724635294.3496165}
{"obj": {"type": "LogStrings", "path": ["monitoring", "59169b80", "stdout"], "values": [{"value": "action ", "step": null, "ts": 1724635294.3496165}]}, "version": 549, "at": 1724635294.3496165}
{"obj": {"type": "LogStrings", "path": ["monitoring", "59169b80", "stdout"], "values": [{"value": " ", "step": null, "ts": 1724635294.3496165}]}, "version": 550, "at": 1724635294.3496165}
{"obj": {"type": "LogStrings", "path": ["monitoring", "59169b80", "stdout"], "values": [{"value": "36", "step": null, "ts": 1724635294.3506184}]}, "version": 551, "at": 1724635294.3506184}
{"obj": {"type": "LogStrings", "path": ["monitoring", "59169b80", "stdout"], "values": [{"value": "\n", "step": null, "ts": 1724635294.3506184}]}, "version": 552, "at": 1724635294.3506184}
{"obj": {"type": "LogStrings", "path": ["monitoring", "59169b80", "stdout"], "values": [{"value": "Found 1 cylinders in image", "step": null, "ts": 1724635294.4433746}]}, "version": 553, "at": 1724635294.4433746}
{"obj": {"type": "LogStrings", "path": ["monitoring", "59169b80", "stdout"], "values": [{"value": "\n", "step": null, "ts": 1724635294.4448786}]}, "version": 554, "at": 1724635294.4448786}
{"obj": {"type": "LogStrings", "path": ["monitoring", "59169b80", "stdout"], "values": [{"value": "new_x = ", "step": null, "ts": 1724635294.4485106}]}, "version": 555, "at": 1724635294.4485106}
{"obj": {"type": "LogStrings", "path": ["monitoring", "59169b80", "stdout"], "values": [{"value": " ", "step": null, "ts": 1724635294.4485106}]}, "version": 556, "at": 1724635294.4485106}
{"obj": {"type": "LogStrings", "path": ["monitoring", "59169b80", "stdout"], "values": [{"value": "-0.009135634322762265", "step": null, "ts": 1724635294.4495075}]}, "version": 557, "at": 1724635294.4495075}
{"obj": {"type": "LogStrings", "path": ["monitoring", "59169b80", "stdout"], "values": [{"value": " ", "step": null, "ts": 1724635294.4495075}]}, "version": 558, "at": 1724635294.4495075}
{"obj": {"type": "LogStrings", "path": ["monitoring", "59169b80", "stdout"], "values": [{"value": " new_y = ", "step": null, "ts": 1724635294.4495075}]}, "version": 559, "at": 1724635294.4495075}
{"obj": {"type": "LogStrings", "path": ["monitoring", "59169b80", "stdout"], "values": [{"value": " ", "step": null, "ts": 1724635294.4495075}]}, "version": 560, "at": 1724635294.4495075}
{"obj": {"type": "LogStrings", "path": ["monitoring", "59169b80", "stdout"], "values": [{"value": "0.39302078963047105", "step": null, "ts": 1724635294.4495075}]}, "version": 561, "at": 1724635294.4495075}
{"obj": {"type": "LogStrings", "path": ["monitoring", "59169b80", "stdout"], "values": [{"value": "\n", "step": null, "ts": 1724635294.4495075}]}, "version": 562, "at": 1724635294.4495075}
{"obj": {"type": "LogStrings", "path": ["monitoring", "59169b80", "stdout"], "values": [{"value": "Drone1 moved with speed vector [-0.009135634322762265, 0.39302078963047105, 0] with duration 1", "step": null, "ts": 1724635295.4707246}]}, "version": 563, "at": 1724635295.4707246}
{"obj": {"type": "LogStrings", "path": ["monitoring", "59169b80", "stdout"], "values": [{"value": "\n", "step": null, "ts": 1724635295.4707246}]}, "version": 564, "at": 1724635295.4707246}
{"obj": {"type": "LogStrings", "path": ["monitoring", "59169b80", "stdout"], "values": [{"value": "rc=0 , rfov=0 , rd=-1.9991439808830926 , rdir = 0.10441486358642578 , robs= 0 , r_v=-0.0244892175870728 , r_ang= -1.0551154772697746 , rf=-50 ", "step": null, "ts": 1724635295.4727023}]}, "version": 565, "at": 1724635295.4727023}
{"obj": {"type": "LogStrings", "path": ["monitoring", "59169b80", "stdout"], "values": [{"value": "\n", "step": null, "ts": 1724635295.4727023}]}, "version": 566, "at": 1724635295.4727023}
{"obj": {"type": "LogStrings", "path": ["monitoring", "59169b80", "stdout"], "values": [{"value": "next state ", "step": null, "ts": 1724635295.4727023}]}, "version": 567, "at": 1724635295.4727023}
{"obj": {"type": "LogStrings", "path": ["monitoring", "59169b80", "stdout"], "values": [{"value": " ", "step": null, "ts": 1724635295.4727023}]}, "version": 568, "at": 1724635295.4727023}
{"obj": {"type": "LogStrings", "path": ["monitoring", "59169b80", "stdout"], "values": [{"value": "[0.04924840927124023, 0.018759395678838095, -0.08140339056650797, 0.04609790643056234, 0.004954964915911356, -0.07859963575998942, 0.5231027698265797, 0.5273828654111161, 0.0009066586568951607, 0.0013494403862658842, 0.0009028189629316331, 0.0013214776545395087, -1, -1, 15.220743179321289, 15.220743179321289, 15.220743179321289, 15.220743179321289, 15.220743179321289, 15.220743179321289, 15.220743179321289, 15.220743179321289, 15.220743179321289]", "step": null, "ts": 1724635295.4737024}]}, "version": 569, "at": 1724635295.4737024}
{"obj": {"type": "LogStrings", "path": ["monitoring", "59169b80", "stdout"], "values": [{"value": "\n", "step": null, "ts": 1724635295.4737024}]}, "version": 570, "at": 1724635295.4737024}
{"obj": {"type": "LogStrings", "path": ["monitoring", "59169b80", "stdout"], "values": [{"value": "action ", "step": null, "ts": 1724635295.4737024}]}, "version": 571, "at": 1724635295.4737024}
{"obj": {"type": "LogStrings", "path": ["monitoring", "59169b80", "stdout"], "values": [{"value": " ", "step": null, "ts": 1724635295.4752066}]}, "version": 572, "at": 1724635295.4752066}
{"obj": {"type": "LogStrings", "path": ["monitoring", "59169b80", "stdout"], "values": [{"value": "195", "step": null, "ts": 1724635295.4752066}]}, "version": 573, "at": 1724635295.4752066}
{"obj": {"type": "LogStrings", "path": ["monitoring", "59169b80", "stdout"], "values": [{"value": "\n", "step": null, "ts": 1724635295.4762144}]}, "version": 574, "at": 1724635295.4762144}
{"obj": {"type": "LogStrings", "path": ["monitoring", "59169b80", "stdout"], "values": [{"value": "Found 1 cylinders in image", "step": null, "ts": 1724635295.566441}]}, "version": 575, "at": 1724635295.566441}
{"obj": {"type": "LogStrings", "path": ["monitoring", "59169b80", "stdout"], "values": [{"value": "\n", "step": null, "ts": 1724635295.5694373}]}, "version": 576, "at": 1724635295.5694373}
{"obj": {"type": "LogStrings", "path": ["monitoring", "59169b80", "stdout"], "values": [{"value": "new_x = ", "step": null, "ts": 1724635295.5724375}]}, "version": 577, "at": 1724635295.5724375}
{"obj": {"type": "LogStrings", "path": ["monitoring", "59169b80", "stdout"], "values": [{"value": " ", "step": null, "ts": 1724635295.5724375}]}, "version": 578, "at": 1724635295.5724375}
{"obj": {"type": "LogStrings", "path": ["monitoring", "59169b80", "stdout"], "values": [{"value": "-0.04864169614968738", "step": null, "ts": 1724635295.5734382}]}, "version": 579, "at": 1724635295.5734382}
{"obj": {"type": "LogStrings", "path": ["monitoring", "59169b80", "stdout"], "values": [{"value": " ", "step": null, "ts": 1724635295.5734382}]}, "version": 580, "at": 1724635295.5734382}
{"obj": {"type": "LogStrings", "path": ["monitoring", "59169b80", "stdout"], "values": [{"value": " new_y = ", "step": null, "ts": 1724635295.5734382}]}, "version": 581, "at": 1724635295.5734382}
{"obj": {"type": "LogStrings", "path": ["monitoring", "59169b80", "stdout"], "values": [{"value": " ", "step": null, "ts": 1724635295.5734382}]}, "version": 582, "at": 1724635295.5734382}
{"obj": {"type": "LogStrings", "path": ["monitoring", "59169b80", "stdout"], "values": [{"value": "-3.34210523227402", "step": null, "ts": 1724635295.5734382}]}, "version": 583, "at": 1724635295.5734382}
{"obj": {"type": "LogStrings", "path": ["monitoring", "59169b80", "stdout"], "values": [{"value": "\n", "step": null, "ts": 1724635295.5734382}]}, "version": 584, "at": 1724635295.5734382}
{"obj": {"type": "LogStrings", "path": ["monitoring", "59169b80", "stdout"], "values": [{"value": "Drone2 moved with speed vector [6, 0, 0] with duration 2", "step": null, "ts": 1724635295.6814568}]}, "version": 585, "at": 1724635295.6814568}
{"obj": {"type": "LogStrings", "path": ["monitoring", "59169b80", "stdout"], "values": [{"value": "\n", "step": null, "ts": 1724635295.6824563}]}, "version": 586, "at": 1724635295.6824563}
{"obj": {"type": "LogStrings", "path": ["monitoring", "59169b80", "stdout"], "values": [{"value": "drone 2 ", "step": null, "ts": 1724635295.6834562}]}, "version": 587, "at": 1724635295.6834562}
{"obj": {"type": "LogStrings", "path": ["monitoring", "59169b80", "stdout"], "values": [{"value": " ", "step": null, "ts": 1724635295.6844585}]}, "version": 588, "at": 1724635295.6844585}
{"obj": {"type": "LogStrings", "path": ["monitoring", "59169b80", "stdout"], "values": [{"value": "(6, -4, 0)", "step": null, "ts": 1724635295.6844585}]}, "version": 589, "at": 1724635295.6844585}
{"obj": {"type": "LogStrings", "path": ["monitoring", "59169b80", "stdout"], "values": [{"value": "\n", "step": null, "ts": 1724635295.6844585}]}, "version": 590, "at": 1724635295.6844585}
{"obj": {"type": "LogStrings", "path": ["monitoring", "59169b80", "stdout"], "values": [{"value": "Drone1 moved with speed vector [-0.04864169614968738, -3.34210523227402, 0] with duration 2", "step": null, "ts": 1724635297.6112494}]}, "version": 591, "at": 1724635297.6112494}
{"obj": {"type": "LogStrings", "path": ["monitoring", "59169b80", "stdout"], "values": [{"value": "\n", "step": null, "ts": 1724635297.6112494}]}, "version": 592, "at": 1724635297.6112494}
{"obj": {"type": "LogStrings", "path": ["monitoring", "59169b80", "stdout"], "values": [{"value": "rc=0 , rfov=0 , rd=-2.017780314697189 , rdir = 0.10097322463989258 , robs= 0 , r_v=0 , r_ang= -1.0548682355990946 , rf=-50 ", "step": null, "ts": 1724635297.6122525}]}, "version": 593, "at": 1724635297.6122525}
{"obj": {"type": "LogStrings", "path": ["monitoring", "59169b80", "stdout"], "values": [{"value": "\n", "step": null, "ts": 1724635297.6132493}]}, "version": 594, "at": 1724635297.6132493}
{"obj": {"type": "LogStrings", "path": ["monitoring", "59169b80", "stdout"], "values": [{"value": "next state ", "step": null, "ts": 1724635297.6132493}]}, "version": 595, "at": 1724635297.6132493}
{"obj": {"type": "LogStrings", "path": ["monitoring", "59169b80", "stdout"], "values": [{"value": " ", "step": null, "ts": 1724635297.6132493}]}, "version": 596, "at": 1724635297.6132493}
{"obj": {"type": "LogStrings", "path": ["monitoring", "59169b80", "stdout"], "values": [{"value": "[0.05099048217137655, 0.02222705284754435, -0.08092366059621176, 0.04924840927124023, 0.018759395678838095, -0.08140339056650797, 0.6120043433125221, 0.5231027698265797, 0.0009099226817488671, 0.0013811546490516192, 0.0009066586568951607, 0.0013494403862658842, 0.0009028189629316331, 0.0013214776545395087, 15.048661231994629, 15.048661231994629, 15.048661231994629, 15.048661231994629, 15.048661231994629, 15.048661231994629, 15.048661231994629, 15.048661231994629, 15.048661231994629]", "step": null, "ts": 1724635297.6132493}]}, "version": 597, "at": 1724635297.6132493}
{"obj": {"type": "LogStrings", "path": ["monitoring", "59169b80", "stdout"], "values": [{"value": "\n", "step": null, "ts": 1724635297.6132493}]}, "version": 598, "at": 1724635297.6132493}
{"obj": {"type": "LogStrings", "path": ["monitoring", "59169b80", "stdout"], "values": [{"value": "action ", "step": null, "ts": 1724635297.6147559}]}, "version": 599, "at": 1724635297.6147559}
{"obj": {"type": "LogStrings", "path": ["monitoring", "59169b80", "stdout"], "values": [{"value": " ", "step": null, "ts": 1724635297.6152816}]}, "version": 600, "at": 1724635297.6152816}
{"obj": {"type": "LogStrings", "path": ["monitoring", "59169b80", "stdout"], "values": [{"value": "111", "step": null, "ts": 1724635297.6152816}]}, "version": 601, "at": 1724635297.6152816}
{"obj": {"type": "LogStrings", "path": ["monitoring", "59169b80", "stdout"], "values": [{"value": "\n", "step": null, "ts": 1724635297.6152816}]}, "version": 602, "at": 1724635297.6152816}
{"obj": {"type": "LogStrings", "path": ["monitoring", "59169b80", "stdout"], "values": [{"value": "Found 1 cylinders in image", "step": null, "ts": 1724635297.7155218}]}, "version": 603, "at": 1724635297.7155218}
{"obj": {"type": "LogStrings", "path": ["monitoring", "59169b80", "stdout"], "values": [{"value": "\n", "step": null, "ts": 1724635297.7169757}]}, "version": 604, "at": 1724635297.7169757}
{"obj": {"type": "LogStrings", "path": ["monitoring", "59169b80", "stdout"], "values": [{"value": "new_x = ", "step": null, "ts": 1724635297.7209787}]}, "version": 605, "at": 1724635297.7209787}
{"obj": {"type": "LogStrings", "path": ["monitoring", "59169b80", "stdout"], "values": [{"value": " ", "step": null, "ts": 1724635297.7219772}]}, "version": 606, "at": 1724635297.7219772}
{"obj": {"type": "LogStrings", "path": ["monitoring", "59169b80", "stdout"], "values": [{"value": "0.709921844894223", "step": null, "ts": 1724635297.7219772}]}, "version": 607, "at": 1724635297.7219772}
{"obj": {"type": "LogStrings", "path": ["monitoring", "59169b80", "stdout"], "values": [{"value": " ", "step": null, "ts": 1724635297.7219772}]}, "version": 608, "at": 1724635297.7219772}
{"obj": {"type": "LogStrings", "path": ["monitoring", "59169b80", "stdout"], "values": [{"value": " new_y = ", "step": null, "ts": 1724635297.7244906}]}, "version": 609, "at": 1724635297.7244906}
{"obj": {"type": "LogStrings", "path": ["monitoring", "59169b80", "stdout"], "values": [{"value": " ", "step": null, "ts": 1724635297.7244906}]}, "version": 610, "at": 1724635297.7244906}
{"obj": {"type": "LogStrings", "path": ["monitoring", "59169b80", "stdout"], "values": [{"value": "0.15668567327545388", "step": null, "ts": 1724635297.7279267}]}, "version": 611, "at": 1724635297.7279267}
{"obj": {"type": "LogStrings", "path": ["monitoring", "59169b80", "stdout"], "values": [{"value": "\n", "step": null, "ts": 1724635297.7279267}]}, "version": 612, "at": 1724635297.7279267}
{"obj": {"type": "LogStrings", "path": ["monitoring", "59169b80", "stdout"], "values": [{"value": "Drone2 moved with speed vector [6, -4, 0] with duration 2", "step": null, "ts": 1724635297.7279267}]}, "version": 613, "at": 1724635297.7279267}
{"obj": {"type": "LogStrings", "path": ["monitoring", "59169b80", "stdout"], "values": [{"value": "\n", "step": null, "ts": 1724635297.7279267}]}, "version": 614, "at": 1724635297.7279267}
{"obj": {"type": "LogStrings", "path": ["monitoring", "59169b80", "stdout"], "values": [{"value": "drone 2 ", "step": null, "ts": 1724635297.7279267}]}, "version": 615, "at": 1724635297.7279267}
{"obj": {"type": "LogStrings", "path": ["monitoring", "59169b80", "stdout"], "values": [{"value": " ", "step": null, "ts": 1724635297.7279267}]}, "version": 616, "at": 1724635297.7279267}
{"obj": {"type": "LogStrings", "path": ["monitoring", "59169b80", "stdout"], "values": [{"value": "(9, 0, 0)", "step": null, "ts": 1724635297.7279267}]}, "version": 617, "at": 1724635297.7279267}
{"obj": {"type": "LogStrings", "path": ["monitoring", "59169b80", "stdout"], "values": [{"value": "\n", "step": null, "ts": 1724635297.7289257}]}, "version": 618, "at": 1724635297.7289257}
{"obj": {"type": "LogStrings", "path": ["monitoring", "59169b80", "stdout"], "values": [{"value": "Drone1 moved with speed vector [0.709921844894223, 0.15668567327545388, 0] with duration 2", "step": null, "ts": 1724635299.756939}]}, "version": 619, "at": 1724635299.756939}
{"obj": {"type": "LogStrings", "path": ["monitoring", "59169b80", "stdout"], "values": [{"value": "\n", "step": null, "ts": 1724635299.756939}]}, "version": 620, "at": 1724635299.756939}
{"obj": {"type": "LogStrings", "path": ["monitoring", "59169b80", "stdout"], "values": [{"value": "rc=0 , rfov=0 , rd=-2.0174423101438292 , rdir = 0.0985073471069336 , robs= 0 , r_v=0 , r_ang= -1.0551177112125332 , rf=-50 ", "step": null, "ts": 1724635299.7589383}]}, "version": 621, "at": 1724635299.7589383}
{"obj": {"type": "LogStrings", "path": ["monitoring", "59169b80", "stdout"], "values": [{"value": "\n", "step": null, "ts": 1724635299.7599397}]}, "version": 622, "at": 1724635299.7599397}
{"obj": {"type": "LogStrings", "path": ["monitoring", "59169b80", "stdout"], "values": [{"value": "next state ", "step": null, "ts": 1724635299.7599397}]}, "version": 623, "at": 1724635299.7599397}
{"obj": {"type": "LogStrings", "path": ["monitoring", "59169b80", "stdout"], "values": [{"value": " ", "step": null, "ts": 1724635299.768721}]}, "version": 624, "at": 1724635299.768721}
{"obj": {"type": "LogStrings", "path": ["monitoring", "59169b80", "stdout"], "values": [{"value": "[0.050887779394785566, -0.011577874422073364, -0.08572441736857096, 0.05099048217137655, 0.02222705284754435, -0.08092366059621176, 0.6992158940316686, 0.6120043433125221, 0.0009079472720623016, 0.001347834563549654, 0.0009099226817488671, 0.0013811546490516192, 0.0009066586568951607, 0.0013494403862658842, 14.92536735534668, 14.92536735534668, 14.92536735534668, 14.92536735534668, 14.92536735534668, 14.983429908752441, 14.983429908752441, 14.983429908752441, 14.983429908752441]", "step": null, "ts": 1724635299.7697234}]}, "version": 625, "at": 1724635299.7697234}
{"obj": {"type": "LogStrings", "path": ["monitoring", "59169b80", "stdout"], "values": [{"value": "\n", "step": null, "ts": 1724635299.7697234}]}, "version": 626, "at": 1724635299.7697234}
{"obj": {"type": "LogStrings", "path": ["monitoring", "59169b80", "stdout"], "values": [{"value": "action ", "step": null, "ts": 1724635299.7697234}]}, "version": 627, "at": 1724635299.7697234}
{"obj": {"type": "LogStrings", "path": ["monitoring", "59169b80", "stdout"], "values": [{"value": " ", "step": null, "ts": 1724635299.7697234}]}, "version": 628, "at": 1724635299.7697234}
{"obj": {"type": "LogStrings", "path": ["monitoring", "59169b80", "stdout"], "values": [{"value": "254", "step": null, "ts": 1724635299.7697234}]}, "version": 629, "at": 1724635299.7697234}
{"obj": {"type": "LogStrings", "path": ["monitoring", "59169b80", "stdout"], "values": [{"value": "\n", "step": null, "ts": 1724635299.7697234}]}, "version": 630, "at": 1724635299.7697234}
{"obj": {"type": "LogStrings", "path": ["monitoring", "59169b80", "stdout"], "values": [{"value": "Drone2 moved with speed vector [9, 0, 0] with duration 2", "step": null, "ts": 1724635299.7697234}]}, "version": 631, "at": 1724635299.7697234}
{"obj": {"type": "LogStrings", "path": ["monitoring", "59169b80", "stdout"], "values": [{"value": "\n", "step": null, "ts": 1724635299.7737286}]}, "version": 632, "at": 1724635299.7737286}
{"obj": {"type": "LogStrings", "path": ["monitoring", "59169b80", "stdout"], "values": [{"value": "drone 2 ", "step": null, "ts": 1724635299.7752342}]}, "version": 633, "at": 1724635299.7752342}
{"obj": {"type": "LogStrings", "path": ["monitoring", "59169b80", "stdout"], "values": [{"value": " ", "step": null, "ts": 1724635299.7763486}]}, "version": 634, "at": 1724635299.7763486}
{"obj": {"type": "LogStrings", "path": ["monitoring", "59169b80", "stdout"], "values": [{"value": "(0, 0, 0)", "step": null, "ts": 1724635299.7763486}]}, "version": 635, "at": 1724635299.7763486}
{"obj": {"type": "LogStrings", "path": ["monitoring", "59169b80", "stdout"], "values": [{"value": "\n", "step": null, "ts": 1724635299.7763486}]}, "version": 636, "at": 1724635299.7763486}
{"obj": {"type": "LogStrings", "path": ["monitoring", "59169b80", "stdout"], "values": [{"value": "Found 1 cylinders in image", "step": null, "ts": 1724635300.3089523}]}, "version": 637, "at": 1724635300.3099475}
{"obj": {"type": "LogStrings", "path": ["monitoring", "59169b80", "stdout"], "values": [{"value": "\n", "step": null, "ts": 1724635300.3109446}]}, "version": 638, "at": 1724635300.3109446}
{"obj": {"type": "LogStrings", "path": ["monitoring", "59169b80", "stdout"], "values": [{"value": "new_x = ", "step": null, "ts": 1724635300.3159997}]}, "version": 639, "at": 1724635300.3159997}
{"obj": {"type": "LogStrings", "path": ["monitoring", "59169b80", "stdout"], "values": [{"value": " ", "step": null, "ts": 1724635300.3159997}]}, "version": 640, "at": 1724635300.3159997}
{"obj": {"type": "LogStrings", "path": ["monitoring", "59169b80", "stdout"], "values": [{"value": "-0.7089052578272846", "step": null, "ts": 1724635300.3170109}]}, "version": 641, "at": 1724635300.3170109}
{"obj": {"type": "LogStrings", "path": ["monitoring", "59169b80", "stdout"], "values": [{"value": " ", "step": null, "ts": 1724635300.3170109}]}, "version": 642, "at": 1724635300.3170109}
{"obj": {"type": "LogStrings", "path": ["monitoring", "59169b80", "stdout"], "values": [{"value": " new_y = ", "step": null, "ts": 1724635300.3170109}]}, "version": 643, "at": 1724635300.3170109}
{"obj": {"type": "LogStrings", "path": ["monitoring", "59169b80", "stdout"], "values": [{"value": " ", "step": null, "ts": 1724635300.3170109}]}, "version": 644, "at": 1724635300.3170109}
{"obj": {"type": "LogStrings", "path": ["monitoring", "59169b80", "stdout"], "values": [{"value": "0.10715902685833742", "step": null, "ts": 1724635300.3170109}]}, "version": 645, "at": 1724635300.3170109}
{"obj": {"type": "LogStrings", "path": ["monitoring", "59169b80", "stdout"], "values": [{"value": "\n", "step": null, "ts": 1724635300.3170109}]}, "version": 646, "at": 1724635300.3170109}
{"obj": {"type": "LogFloats", "path": ["monitoring", "59169b80", "cpu"], "values": [{"value": 13.1, "step": null, "ts": 1724635301.59071}]}, "version": 647, "at": 1724635301.6023498}
{"obj": {"type": "LogFloats", "path": ["monitoring", "59169b80", "memory"], "values": [{"value": 13.314273834228516, "step": null, "ts": 1724635301.59071}]}, "version": 648, "at": 1724635301.6023498}
{"obj": {"type": "LogFloats", "path": ["monitoring", "59169b80", "gpu"], "values": [{"value": 11.0, "step": null, "ts": 1724635301.59071}]}, "version": 649, "at": 1724635301.6033554}
{"obj": {"type": "LogFloats", "path": ["monitoring", "59169b80", "gpu_memory"], "values": [{"value": 1.2941627502441406, "step": null, "ts": 1724635301.59071}]}, "version": 650, "at": 1724635301.6033554}
{"obj": {"type": "LogFloats", "path": ["monitoring", "59169b80", "gpu_power"], "values": [{"value": 5.564, "step": null, "ts": 1724635301.59071}]}, "version": 651, "at": 1724635301.6033554}
{"obj": {"type": "LogStrings", "path": ["monitoring", "59169b80", "stdout"], "values": [{"value": "Drone2 moved with speed vector [0, 0, 0] with duration 2", "step": null, "ts": 1724635301.7932777}]}, "version": 652, "at": 1724635301.7932777}
{"obj": {"type": "LogStrings", "path": ["monitoring", "59169b80", "stdout"], "values": [{"value": "\n", "step": null, "ts": 1724635301.7932777}]}, "version": 653, "at": 1724635301.7932777}
{"obj": {"type": "LogStrings", "path": ["monitoring", "59169b80", "stdout"], "values": [{"value": "after thread target ", "step": null, "ts": 1724635301.7932777}]}, "version": 654, "at": 1724635301.7932777}
{"obj": {"type": "LogStrings", "path": ["monitoring", "59169b80", "stdout"], "values": [{"value": " ", "step": null, "ts": 1724635301.7932777}]}, "version": 655, "at": 1724635301.7932777}
{"obj": {"type": "LogStrings", "path": ["monitoring", "59169b80", "stdout"], "values": [{"value": "1", "step": null, "ts": 1724635301.7932777}]}, "version": 656, "at": 1724635301.7932777}
{"obj": {"type": "LogStrings", "path": ["monitoring", "59169b80", "stdout"], "values": [{"value": "\n", "step": null, "ts": 1724635301.7932777}]}, "version": 657, "at": 1724635301.7932777}
{"obj": {"type": "LogStrings", "path": ["monitoring", "59169b80", "stdout"], "values": [{"value": "Drone1 moved with speed vector [-0.7089052578272846, 0.10715902685833742, 0] with duration 3", "step": null, "ts": 1724635303.3207693}]}, "version": 658, "at": 1724635303.3207693}
{"obj": {"type": "LogStrings", "path": ["monitoring", "59169b80", "stdout"], "values": [{"value": "\n", "step": null, "ts": 1724635303.3219001}]}, "version": 659, "at": 1724635303.3219001}
{"obj": {"type": "LogStrings", "path": ["monitoring", "59169b80", "stdout"], "values": [{"value": "rc=0 , rfov=0 , rd=-2.0246457981452592 , rdir = 0.09640335083007813 , robs= 0 , r_v=0 , r_ang= -1.0537603653528704 , rf=-50 ", "step": null, "ts": 1724635303.3227725}]}, "version": 660, "at": 1724635303.3227725}
{"obj": {"type": "LogStrings", "path": ["monitoring", "59169b80", "stdout"], "values": [{"value": "\n", "step": null, "ts": 1724635303.3238413}]}, "version": 661, "at": 1724635303.3238413}
{"obj": {"type": "LogStrings", "path": ["monitoring", "59169b80", "stdout"], "values": [{"value": "next state ", "step": null, "ts": 1724635303.3243468}]}, "version": 662, "at": 1724635303.3243468}
{"obj": {"type": "LogStrings", "path": ["monitoring", "59169b80", "stdout"], "values": [{"value": " ", "step": null, "ts": 1724635303.3253517}]}, "version": 663, "at": 1724635303.3253517}
{"obj": {"type": "LogStrings", "path": ["monitoring", "59169b80", "stdout"], "values": [{"value": "[0.06032275358835856, -0.030036590496699014, -0.08926203250885009, 0.050887779394785566, -0.011577874422073364, -0.08572441736857096, 0.8224448847579647, 0.6992158940316686, 0.0009076431393623352, 0.001540199974436819, 0.0009079472720623016, 0.001347834563549654, 0.0009099226817488671, 0.0013811546490516192, 14.820167541503906, 14.820167541503906, 14.820167541503906, 14.820167541503906, 14.820167541503906, 14.820167541503906, 14.820167541503906, 14.820167541503906, 14.820167541503906]", "step": null, "ts": 1724635303.3253517}]}, "version": 664, "at": 1724635303.3253517}
{"obj": {"type": "LogStrings", "path": ["monitoring", "59169b80", "stdout"], "values": [{"value": "\n", "step": null, "ts": 1724635303.3253517}]}, "version": 665, "at": 1724635303.3253517}
{"obj": {"type": "LogStrings", "path": ["monitoring", "59169b80", "stdout"], "values": [{"value": "after thread drone ", "step": null, "ts": 1724635303.3253517}]}, "version": 666, "at": 1724635303.3253517}
{"obj": {"type": "LogStrings", "path": ["monitoring", "59169b80", "stdout"], "values": [{"value": " ", "step": null, "ts": 1724635303.3259354}]}, "version": 667, "at": 1724635303.3259354}
{"obj": {"type": "LogStrings", "path": ["monitoring", "59169b80", "stdout"], "values": [{"value": "1", "step": null, "ts": 1724635303.3259354}]}, "version": 668, "at": 1724635303.3259354}
{"obj": {"type": "LogStrings", "path": ["monitoring", "59169b80", "stdout"], "values": [{"value": "\n", "step": null, "ts": 1724635303.3259354}]}, "version": 669, "at": 1724635303.3259354}
{"obj": {"type": "LogFloats", "path": ["reward"], "values": [{"value": -437.5408785046685, "step": null, "ts": 1724635303.327035}]}, "version": 670, "at": 1724635303.327035}
{"obj": {"type": "LogFloats", "path": ["epsilon"], "values": [{"value": 0.9966397157203487, "step": null, "ts": 1724635303.327035}]}, "version": 671, "at": 1724635303.327035}
{"obj": {"type": "LogStrings", "path": ["monitoring", "59169b80", "stdout"], "values": [{"value": "episode ", "step": null, "ts": 1724635303.328046}]}, "version": 672, "at": 1724635303.328046}
{"obj": {"type": "LogStrings", "path": ["monitoring", "59169b80", "stdout"], "values": [{"value": " ", "step": null, "ts": 1724635303.328046}]}, "version": 673, "at": 1724635303.328046}
{"obj": {"type": "LogStrings", "path": ["monitoring", "59169b80", "stdout"], "values": [{"value": "2", "step": null, "ts": 1724635303.3290498}]}, "version": 674, "at": 1724635303.3290498}
{"obj": {"type": "LogStrings", "path": ["monitoring", "59169b80", "stdout"], "values": [{"value": "\n", "step": null, "ts": 1724635303.3290498}]}, "version": 675, "at": 1724635303.3290498}
{"obj": {"type": "LogStrings", "path": ["monitoring", "59169b80", "stdout"], "values": [{"value": "reset", "step": null, "ts": 1724635303.3290498}]}, "version": 676, "at": 1724635303.3290498}
{"obj": {"type": "LogStrings", "path": ["monitoring", "59169b80", "stdout"], "values": [{"value": "\n", "step": null, "ts": 1724635303.330942}]}, "version": 677, "at": 1724635303.330942}
{"obj": {"type": "LogStrings", "path": ["monitoring", "59169b80", "stdout"], "values": [{"value": "Found 0 cylinders in image", "step": null, "ts": 1724635304.3270645}]}, "version": 678, "at": 1724635304.3270645}
{"obj": {"type": "LogStrings", "path": ["monitoring", "59169b80", "stdout"], "values": [{"value": "\n", "step": null, "ts": 1724635304.3280325}]}, "version": 679, "at": 1724635304.3280325}
{"obj": {"type": "LogFloats", "path": ["monitoring", "59169b80", "cpu"], "values": [{"value": 11.1, "step": null, "ts": 1724635311.6061888}]}, "version": 680, "at": 1724635311.6282616}
{"obj": {"type": "LogFloats", "path": ["monitoring", "59169b80", "memory"], "values": [{"value": 13.30440902709961, "step": null, "ts": 1724635311.6061888}]}, "version": 681, "at": 1724635311.6282616}
{"obj": {"type": "LogFloats", "path": ["monitoring", "59169b80", "gpu"], "values": [{"value": 22.0, "step": null, "ts": 1724635311.6061888}]}, "version": 682, "at": 1724635311.6282616}
{"obj": {"type": "LogFloats", "path": ["monitoring", "59169b80", "gpu_memory"], "values": [{"value": 1.2941627502441406, "step": null, "ts": 1724635311.6061888}]}, "version": 683, "at": 1724635311.6282616}
{"obj": {"type": "LogFloats", "path": ["monitoring", "59169b80", "gpu_power"], "values": [{"value": 6.451, "step": null, "ts": 1724635311.6061888}]}, "version": 684, "at": 1724635311.6293633}
{"obj": {"type": "LogStrings", "path": ["monitoring", "59169b80", "stdout"], "values": [{"value": "Drone1 moved with speed vector [1, 0, 0] with duration 2", "step": null, "ts": 1724635313.2254834}]}, "version": 685, "at": 1724635313.2254834}
{"obj": {"type": "LogStrings", "path": ["monitoring", "59169b80", "stdout"], "values": [{"value": "\n", "step": null, "ts": 1724635313.2254834}]}, "version": 686, "at": 1724635313.2254834}
{"obj": {"type": "LogStrings", "path": ["monitoring", "59169b80", "stdout"], "values": [{"value": "before threads ", "step": null, "ts": 1724635313.2267897}]}, "version": 687, "at": 1724635313.2267897}
{"obj": {"type": "LogStrings", "path": ["monitoring", "59169b80", "stdout"], "values": [{"value": " ", "step": null, "ts": 1724635313.2267897}]}, "version": 688, "at": 1724635313.2267897}
{"obj": {"type": "LogStrings", "path": ["monitoring", "59169b80", "stdout"], "values": [{"value": "0", "step": null, "ts": 1724635313.227786}]}, "version": 689, "at": 1724635313.227786}
{"obj": {"type": "LogStrings", "path": ["monitoring", "59169b80", "stdout"], "values": [{"value": "\n", "step": null, "ts": 1724635313.227786}]}, "version": 690, "at": 1724635313.227786}
{"obj": {"type": "LogStrings", "path": ["monitoring", "59169b80", "stdout"], "values": [{"value": "drone 2 ", "step": null, "ts": 1724635313.227786}]}, "version": 691, "at": 1724635313.2287848}
{"obj": {"type": "LogStrings", "path": ["monitoring", "59169b80", "stdout"], "values": [{"value": " ", "step": null, "ts": 1724635313.230784}]}, "version": 692, "at": 1724635313.230784}
{"obj": {"type": "LogStrings", "path": ["monitoring", "59169b80", "stdout"], "values": [{"value": "(3, 0, 0)", "step": null, "ts": 1724635313.230784}]}, "version": 693, "at": 1724635313.230784}
{"obj": {"type": "LogStrings", "path": ["monitoring", "59169b80", "stdout"], "values": [{"value": "\n", "step": null, "ts": 1724635313.230784}]}, "version": 694, "at": 1724635313.230784}
{"obj": {"type": "LogStrings", "path": ["monitoring", "59169b80", "stdout"], "values": [{"value": "action ", "step": null, "ts": 1724635313.230784}]}, "version": 695, "at": 1724635313.230784}
{"obj": {"type": "LogStrings", "path": ["monitoring", "59169b80", "stdout"], "values": [{"value": " ", "step": null, "ts": 1724635313.230784}]}, "version": 696, "at": 1724635313.2317839}
{"obj": {"type": "LogStrings", "path": ["monitoring", "59169b80", "stdout"], "values": [{"value": "163", "step": null, "ts": 1724635313.2317839}]}, "version": 697, "at": 1724635313.2317839}
{"obj": {"type": "LogStrings", "path": ["monitoring", "59169b80", "stdout"], "values": [{"value": "\n", "step": null, "ts": 1724635313.2328036}]}, "version": 698, "at": 1724635313.2328036}
{"obj": {"type": "LogStrings", "path": ["monitoring", "59169b80", "stdout"], "values": [{"value": "Found 1 cylinders in image", "step": null, "ts": 1724635313.7313976}]}, "version": 699, "at": 1724635313.7323985}
{"obj": {"type": "LogStrings", "path": ["monitoring", "59169b80", "stdout"], "values": [{"value": "\n", "step": null, "ts": 1724635313.7344003}]}, "version": 700, "at": 1724635313.7344003}
{"obj": {"type": "LogStrings", "path": ["monitoring", "59169b80", "stdout"], "values": [{"value": "new_x = ", "step": null, "ts": 1724635313.7379434}]}, "version": 701, "at": 1724635313.7379434}
{"obj": {"type": "LogStrings", "path": ["monitoring", "59169b80", "stdout"], "values": [{"value": " ", "step": null, "ts": 1724635313.7379434}]}, "version": 702, "at": 1724635313.7379434}
{"obj": {"type": "LogStrings", "path": ["monitoring", "59169b80", "stdout"], "values": [{"value": "-1.137137298130767", "step": null, "ts": 1724635313.7379434}]}, "version": 703, "at": 1724635313.7379434}
{"obj": {"type": "LogStrings", "path": ["monitoring", "59169b80", "stdout"], "values": [{"value": " ", "step": null, "ts": 1724635313.7389479}]}, "version": 704, "at": 1724635313.7389479}
{"obj": {"type": "LogStrings", "path": ["monitoring", "59169b80", "stdout"], "values": [{"value": " new_y = ", "step": null, "ts": 1724635313.7389479}]}, "version": 705, "at": 1724635313.7389479}
{"obj": {"type": "LogStrings", "path": ["monitoring", "59169b80", "stdout"], "values": [{"value": " ", "step": null, "ts": 1724635313.7389479}]}, "version": 706, "at": 1724635313.7389479}
{"obj": {"type": "LogStrings", "path": ["monitoring", "59169b80", "stdout"], "values": [{"value": "0.7372752798136053", "step": null, "ts": 1724635313.7389479}]}, "version": 707, "at": 1724635313.7389479}
{"obj": {"type": "LogStrings", "path": ["monitoring", "59169b80", "stdout"], "values": [{"value": "\n", "step": null, "ts": 1724635313.7389479}]}, "version": 708, "at": 1724635313.7389479}
{"obj": {"type": "LogStrings", "path": ["monitoring", "59169b80", "stdout"], "values": [{"value": "Drone2 moved with speed vector [3, 0, 0] with duration 2", "step": null, "ts": 1724635315.2473805}]}, "version": 709, "at": 1724635315.2473805}
{"obj": {"type": "LogStrings", "path": ["monitoring", "59169b80", "stdout"], "values": [{"value": "\n", "step": null, "ts": 1724635315.2473805}]}, "version": 710, "at": 1724635315.2473805}
{"obj": {"type": "LogStrings", "path": ["monitoring", "59169b80", "stdout"], "values": [{"value": "drone 2 ", "step": null, "ts": 1724635315.2473805}]}, "version": 711, "at": 1724635315.2473805}
{"obj": {"type": "LogStrings", "path": ["monitoring", "59169b80", "stdout"], "values": [{"value": " ", "step": null, "ts": 1724635315.2473805}]}, "version": 712, "at": 1724635315.2473805}
{"obj": {"type": "LogStrings", "path": ["monitoring", "59169b80", "stdout"], "values": [{"value": "(3, 2, 0)", "step": null, "ts": 1724635315.248386}]}, "version": 713, "at": 1724635315.248386}
{"obj": {"type": "LogStrings", "path": ["monitoring", "59169b80", "stdout"], "values": [{"value": "\n", "step": null, "ts": 1724635315.248386}]}, "version": 714, "at": 1724635315.248386}
{"obj": {"type": "LogStrings", "path": ["monitoring", "59169b80", "stdout"], "values": [{"value": "Drone1 moved with speed vector [-1.137137298130767, 0.7372752798136053, 0] with duration 2", "step": null, "ts": 1724635315.7553866}]}, "version": 715, "at": 1724635315.7553866}
{"obj": {"type": "LogStrings", "path": ["monitoring", "59169b80", "stdout"], "values": [{"value": "\n", "step": null, "ts": 1724635315.7553866}]}, "version": 716, "at": 1724635315.7553866}
{"obj": {"type": "LogStrings", "path": ["monitoring", "59169b80", "stdout"], "values": [{"value": "rc=0 , rfov=0 , rd=1.0 , rdir = 0.10088029861450197 , robs= 0 , r_v=0 , r_ang= -1.058446537221377 , rf=0 ", "step": null, "ts": 1724635315.756475}]}, "version": 717, "at": 1724635315.756475}
{"obj": {"type": "LogStrings", "path": ["monitoring", "59169b80", "stdout"], "values": [{"value": "\n", "step": null, "ts": 1724635315.7569833}]}, "version": 718, "at": 1724635315.7569833}
{"obj": {"type": "LogStrings", "path": ["monitoring", "59169b80", "stdout"], "values": [{"value": "next state ", "step": null, "ts": 1724635315.7569833}]}, "version": 719, "at": 1724635315.7569833}
{"obj": {"type": "LogStrings", "path": ["monitoring", "59169b80", "stdout"], "values": [{"value": " ", "step": null, "ts": 1724635315.7569833}]}, "version": 720, "at": 1724635315.7569833}
{"obj": {"type": "LogStrings", "path": ["monitoring", "59169b80", "stdout"], "values": [{"value": "[0.0006101980184515317, -5.841685280759864e-14, -0.03533922831217448, 0.0, 0.0, 0.00162027341624101, 0.10592689619858424, -1, 0.00078125, 0.0010036925621974616, -1, -1, 0.0009076431393623352, 0.001540199974436819, 15.044014930725098, 15.044014930725098, 15.044014930725098, 15.044014930725098, 15.044014930725098, 15.044014930725098, 15.044014930725098, 15.044014930725098, 15.044014930725098]", "step": null, "ts": 1724635315.7569833}]}, "version": 721, "at": 1724635315.7569833}
{"obj": {"type": "LogStrings", "path": ["monitoring", "59169b80", "stdout"], "values": [{"value": "\n", "step": null, "ts": 1724635315.7579894}]}, "version": 722, "at": 1724635315.7579894}
{"obj": {"type": "LogStrings", "path": ["monitoring", "59169b80", "stdout"], "values": [{"value": "action ", "step": null, "ts": 1724635315.7579894}]}, "version": 723, "at": 1724635315.7579894}
{"obj": {"type": "LogStrings", "path": ["monitoring", "59169b80", "stdout"], "values": [{"value": " ", "step": null, "ts": 1724635315.7589939}]}, "version": 724, "at": 1724635315.7589939}
{"obj": {"type": "LogStrings", "path": ["monitoring", "59169b80", "stdout"], "values": [{"value": "105", "step": null, "ts": 1724635315.7589939}]}, "version": 725, "at": 1724635315.7589939}
{"obj": {"type": "LogStrings", "path": ["monitoring", "59169b80", "stdout"], "values": [{"value": "\n", "step": null, "ts": 1724635315.7589939}]}, "version": 726, "at": 1724635315.7589939}
{"obj": {"type": "LogStrings", "path": ["monitoring", "59169b80", "stdout"], "values": [{"value": "Found 1 cylinders in image", "step": null, "ts": 1724635315.9428024}]}, "version": 727, "at": 1724635315.9428024}
{"obj": {"type": "LogStrings", "path": ["monitoring", "59169b80", "stdout"], "values": [{"value": "\n", "step": null, "ts": 1724635315.944313}]}, "version": 728, "at": 1724635315.944313}
{"obj": {"type": "LogStrings", "path": ["monitoring", "59169b80", "stdout"], "values": [{"value": "new_x = ", "step": null, "ts": 1724635315.9478464}]}, "version": 729, "at": 1724635315.9478464}
{"obj": {"type": "LogStrings", "path": ["monitoring", "59169b80", "stdout"], "values": [{"value": " ", "step": null, "ts": 1724635315.9478464}]}, "version": 730, "at": 1724635315.9478464}
{"obj": {"type": "LogStrings", "path": ["monitoring", "59169b80", "stdout"], "values": [{"value": "-1.6655885640569432", "step": null, "ts": 1724635315.9478464}]}, "version": 731, "at": 1724635315.9478464}
{"obj": {"type": "LogStrings", "path": ["monitoring", "59169b80", "stdout"], "values": [{"value": " ", "step": null, "ts": 1724635315.9478464}]}, "version": 732, "at": 1724635315.9478464}
{"obj": {"type": "LogStrings", "path": ["monitoring", "59169b80", "stdout"], "values": [{"value": " new_y = ", "step": null, "ts": 1724635315.948847}]}, "version": 733, "at": 1724635315.948847}
{"obj": {"type": "LogStrings", "path": ["monitoring", "59169b80", "stdout"], "values": [{"value": " ", "step": null, "ts": 1724635315.948847}]}, "version": 734, "at": 1724635315.948847}
{"obj": {"type": "LogStrings", "path": ["monitoring", "59169b80", "stdout"], "values": [{"value": "0.69781713909898", "step": null, "ts": 1724635315.948847}]}, "version": 735, "at": 1724635315.948847}
{"obj": {"type": "LogStrings", "path": ["monitoring", "59169b80", "stdout"], "values": [{"value": "\n", "step": null, "ts": 1724635315.948847}]}, "version": 736, "at": 1724635315.948847}
{"obj": {"type": "LogStrings", "path": ["monitoring", "59169b80", "stdout"], "values": [{"value": "Drone2 moved with speed vector [3, 2, 0] with duration 2", "step": null, "ts": 1724635317.2883754}]}, "version": 737, "at": 1724635317.2883754}
{"obj": {"type": "LogStrings", "path": ["monitoring", "59169b80", "stdout"], "values": [{"value": "\n", "step": null, "ts": 1724635317.2883754}]}, "version": 738, "at": 1724635317.2883754}
{"obj": {"type": "LogStrings", "path": ["monitoring", "59169b80", "stdout"], "values": [{"value": "drone 2 ", "step": null, "ts": 1724635317.2893763}]}, "version": 739, "at": 1724635317.2893763}
{"obj": {"type": "LogStrings", "path": ["monitoring", "59169b80", "stdout"], "values": [{"value": " ", "step": null, "ts": 1724635317.2893763}]}, "version": 740, "at": 1724635317.2893763}
{"obj": {"type": "LogStrings", "path": ["monitoring", "59169b80", "stdout"], "values": [{"value": "(6, 0, 0)", "step": null, "ts": 1724635317.2893763}]}, "version": 741, "at": 1724635317.2893763}
{"obj": {"type": "LogStrings", "path": ["monitoring", "59169b80", "stdout"], "values": [{"value": "\n", "step": null, "ts": 1724635317.2893763}]}, "version": 742, "at": 1724635317.2893763}
{"obj": {"type": "LogStrings", "path": ["monitoring", "59169b80", "stdout"], "values": [{"value": "Drone1 moved with speed vector [-1.6655885640569432, 0.69781713909898, 0] with duration 2", "step": null, "ts": 1724635317.995476}]}, "version": 743, "at": 1724635317.995476}
{"obj": {"type": "LogStrings", "path": ["monitoring", "59169b80", "stdout"], "values": [{"value": "\n", "step": null, "ts": 1724635317.995476}]}, "version": 744, "at": 1724635317.995476}
{"obj": {"type": "LogStrings", "path": ["monitoring", "59169b80", "stdout"], "values": [{"value": "rc=0 , rfov=0 , rd=0.9911866204081952 , rdir = 0.1007340431213379 , robs= 0 , r_v=0 , r_ang= -1.0576043922484013 , rf=0 ", "step": null, "ts": 1724635317.9974856}]}, "version": 745, "at": 1724635317.9974856}
{"obj": {"type": "LogStrings", "path": ["monitoring", "59169b80", "stdout"], "values": [{"value": "\n", "step": null, "ts": 1724635317.9974856}]}, "version": 746, "at": 1724635317.9974856}
{"obj": {"type": "LogStrings", "path": ["monitoring", "59169b80", "stdout"], "values": [{"value": "next state ", "step": null, "ts": 1724635317.998486}]}, "version": 747, "at": 1724635317.998486}
{"obj": {"type": "LogStrings", "path": ["monitoring", "59169b80", "stdout"], "values": [{"value": " ", "step": null, "ts": 1724635317.998486}]}, "version": 748, "at": 1724635317.998486}
{"obj": {"type": "LogStrings", "path": ["monitoring", "59169b80", "stdout"], "values": [{"value": "[-0.008769195278485615, 0.008300693333148956, -0.036017191410064694, 0.0006101980184515317, -5.841685280759864e-14, -0.03533922831217448, 0.1499937941576087, 0.10592689619858424, 0.0007520648092031479, 0.00115203039145764, 0.00078125, 0.0010036925621974616, -1, -1, 15.036702156066895, 15.036702156066895, 15.036702156066895, 15.036702156066895, 15.036702156066895, 15.036702156066895, 15.036702156066895, 15.036702156066895, 15.036702156066895]", "step": null, "ts": 1724635317.998486}]}, "version": 749, "at": 1724635317.998486}
{"obj": {"type": "LogStrings", "path": ["monitoring", "59169b80", "stdout"], "values": [{"value": "\n", "step": null, "ts": 1724635317.9994822}]}, "version": 750, "at": 1724635317.9994822}
{"obj": {"type": "LogStrings", "path": ["monitoring", "59169b80", "stdout"], "values": [{"value": "action ", "step": null, "ts": 1724635317.9994822}]}, "version": 751, "at": 1724635317.9994822}
{"obj": {"type": "LogStrings", "path": ["monitoring", "59169b80", "stdout"], "values": [{"value": " ", "step": null, "ts": 1724635317.9994822}]}, "version": 752, "at": 1724635317.9994822}
{"obj": {"type": "LogStrings", "path": ["monitoring", "59169b80", "stdout"], "values": [{"value": "287", "step": null, "ts": 1724635317.9994822}]}, "version": 753, "at": 1724635317.9994822}
{"obj": {"type": "LogStrings", "path": ["monitoring", "59169b80", "stdout"], "values": [{"value": "\n", "step": null, "ts": 1724635318.0004833}]}, "version": 754, "at": 1724635318.0004833}
{"obj": {"type": "LogStrings", "path": ["monitoring", "59169b80", "stdout"], "values": [{"value": "Found 1 cylinders in image", "step": null, "ts": 1724635318.1028438}]}, "version": 755, "at": 1724635318.1028438}
{"obj": {"type": "LogStrings", "path": ["monitoring", "59169b80", "stdout"], "values": [{"value": "\n", "step": null, "ts": 1724635318.1069007}]}, "version": 756, "at": 1724635318.1069007}
{"obj": {"type": "LogStrings", "path": ["monitoring", "59169b80", "stdout"], "values": [{"value": "new_x = ", "step": null, "ts": 1724635318.1099107}]}, "version": 757, "at": 1724635318.1099107}
{"obj": {"type": "LogStrings", "path": ["monitoring", "59169b80", "stdout"], "values": [{"value": " ", "step": null, "ts": 1724635318.1109142}]}, "version": 758, "at": 1724635318.1109142}
{"obj": {"type": "LogStrings", "path": ["monitoring", "59169b80", "stdout"], "values": [{"value": "3.460854536790839", "step": null, "ts": 1724635318.1109142}]}, "version": 759, "at": 1724635318.1109142}
{"obj": {"type": "LogStrings", "path": ["monitoring", "59169b80", "stdout"], "values": [{"value": " ", "step": null, "ts": 1724635318.1109142}]}, "version": 760, "at": 1724635318.1109142}
{"obj": {"type": "LogStrings", "path": ["monitoring", "59169b80", "stdout"], "values": [{"value": " new_y = ", "step": null, "ts": 1724635318.1109142}]}, "version": 761, "at": 1724635318.1109142}
{"obj": {"type": "LogStrings", "path": ["monitoring", "59169b80", "stdout"], "values": [{"value": " ", "step": null, "ts": 1724635318.1109142}]}, "version": 762, "at": 1724635318.1109142}
{"obj": {"type": "LogStrings", "path": ["monitoring", "59169b80", "stdout"], "values": [{"value": "2.1390840675650717", "step": null, "ts": 1724635318.11194}]}, "version": 763, "at": 1724635318.11194}
{"obj": {"type": "LogStrings", "path": ["monitoring", "59169b80", "stdout"], "values": [{"value": "\n", "step": null, "ts": 1724635318.11194}]}, "version": 764, "at": 1724635318.11194}
{"obj": {"type": "LogStrings", "path": ["monitoring", "59169b80", "stdout"], "values": [{"value": "Drone2 moved with speed vector [6, 0, 0] with duration 2", "step": null, "ts": 1724635319.3394296}]}, "version": 765, "at": 1724635319.3394296}
{"obj": {"type": "LogStrings", "path": ["monitoring", "59169b80", "stdout"], "values": [{"value": "\n", "step": null, "ts": 1724635319.3394296}]}, "version": 766, "at": 1724635319.3394296}
{"obj": {"type": "LogStrings", "path": ["monitoring", "59169b80", "stdout"], "values": [{"value": "drone 2 ", "step": null, "ts": 1724635319.34043}]}, "version": 767, "at": 1724635319.34043}
{"obj": {"type": "LogStrings", "path": ["monitoring", "59169b80", "stdout"], "values": [{"value": " ", "step": null, "ts": 1724635319.34043}]}, "version": 768, "at": 1724635319.34043}
{"obj": {"type": "LogStrings", "path": ["monitoring", "59169b80", "stdout"], "values": [{"value": "(6, -4, 0)", "step": null, "ts": 1724635319.34043}]}, "version": 769, "at": 1724635319.34043}
{"obj": {"type": "LogStrings", "path": ["monitoring", "59169b80", "stdout"], "values": [{"value": "\n", "step": null, "ts": 1724635319.34043}]}, "version": 770, "at": 1724635319.34043}
{"obj": {"type": "LogStrings", "path": ["monitoring", "59169b80", "stdout"], "values": [{"value": "Drone1 moved with speed vector [3.460854536790839, 2.1390840675650717, 0] with duration 3", "step": null, "ts": 1724635321.1721315}]}, "version": 771, "at": 1724635321.1721315}
{"obj": {"type": "LogStrings", "path": ["monitoring", "59169b80", "stdout"], "values": [{"value": "\n", "step": null, "ts": 1724635321.1731336}]}, "version": 772, "at": 1724635321.1731336}
{"obj": {"type": "LogStrings", "path": ["monitoring", "59169b80", "stdout"], "values": [{"value": "rc=0 , rfov=0 , rd=-2.0165636460351517 , rdir = 0.09235498428344727 , robs= 0 , r_v=0 , r_ang= -1.0562812547422018 , rf=-50 ", "step": null, "ts": 1724635321.1746428}]}, "version": 773, "at": 1724635321.1746428}
{"obj": {"type": "LogStrings", "path": ["monitoring", "59169b80", "stdout"], "values": [{"value": "\n", "step": null, "ts": 1724635321.1751766}]}, "version": 774, "at": 1724635321.1751766}
{"obj": {"type": "LogStrings", "path": ["monitoring", "59169b80", "stdout"], "values": [{"value": "next state ", "step": null, "ts": 1724635321.1751766}]}, "version": 775, "at": 1724635321.1751766}
{"obj": {"type": "LogStrings", "path": ["monitoring", "59169b80", "stdout"], "values": [{"value": " ", "step": null, "ts": 1724635321.1751766}]}, "version": 776, "at": 1724635321.176182}
{"obj": {"type": "LogStrings", "path": ["monitoring", "59169b80", "stdout"], "values": [{"value": "[-0.032704365253448484, 0.019901529947916666, -0.03549357255299886, -0.008769195278485615, 0.008300693333148956, -0.036017191410064694, 0.2328120243333671, 0.1499937941576087, 0.0008115940541028977, 0.0012796506763976298, 0.0007520648092031479, 0.00115203039145764, 0.00078125, 0.0010036925621974616, 14.617749214172363, 14.617749214172363, 14.617749214172363, 14.617749214172363, 14.617749214172363, 14.617749214172363, 14.617749214172363, 14.617749214172363, 14.617749214172363]", "step": null, "ts": 1724635321.1763077}]}, "version": 777, "at": 1724635321.1763077}
{"obj": {"type": "LogStrings", "path": ["monitoring", "59169b80", "stdout"], "values": [{"value": "\n", "step": null, "ts": 1724635321.1763077}]}, "version": 778, "at": 1724635321.1763077}
{"obj": {"type": "LogStrings", "path": ["monitoring", "59169b80", "stdout"], "values": [{"value": "action ", "step": null, "ts": 1724635321.1763077}]}, "version": 779, "at": 1724635321.1763077}
{"obj": {"type": "LogStrings", "path": ["monitoring", "59169b80", "stdout"], "values": [{"value": " ", "step": null, "ts": 1724635321.177182}]}, "version": 780, "at": 1724635321.177182}
{"obj": {"type": "LogStrings", "path": ["monitoring", "59169b80", "stdout"], "values": [{"value": "65", "step": null, "ts": 1724635321.177182}]}, "version": 781, "at": 1724635321.177182}
{"obj": {"type": "LogStrings", "path": ["monitoring", "59169b80", "stdout"], "values": [{"value": "\n", "step": null, "ts": 1724635321.177182}]}, "version": 782, "at": 1724635321.177182}
{"obj": {"type": "LogStrings", "path": ["monitoring", "59169b80", "stdout"], "values": [{"value": "Found 1 cylinders in image", "step": null, "ts": 1724635321.3134658}]}, "version": 783, "at": 1724635321.3134658}
{"obj": {"type": "LogStrings", "path": ["monitoring", "59169b80", "stdout"], "values": [{"value": "\n", "step": null, "ts": 1724635321.315477}]}, "version": 784, "at": 1724635321.315477}
{"obj": {"type": "LogStrings", "path": ["monitoring", "59169b80", "stdout"], "values": [{"value": "new_x = ", "step": null, "ts": 1724635321.3174813}]}, "version": 785, "at": 1724635321.3174813}
{"obj": {"type": "LogStrings", "path": ["monitoring", "59169b80", "stdout"], "values": [{"value": " ", "step": null, "ts": 1724635321.3174813}]}, "version": 786, "at": 1724635321.3174813}
{"obj": {"type": "LogStrings", "path": ["monitoring", "59169b80", "stdout"], "values": [{"value": "-3.571794642660912", "step": null, "ts": 1724635321.3174813}]}, "version": 787, "at": 1724635321.3174813}
{"obj": {"type": "LogStrings", "path": ["monitoring", "59169b80", "stdout"], "values": [{"value": " ", "step": null, "ts": 1724635321.3174813}]}, "version": 788, "at": 1724635321.3174813}
{"obj": {"type": "LogStrings", "path": ["monitoring", "59169b80", "stdout"], "values": [{"value": " new_y = ", "step": null, "ts": 1724635321.3174813}]}, "version": 789, "at": 1724635321.3174813}
{"obj": {"type": "LogStrings", "path": ["monitoring", "59169b80", "stdout"], "values": [{"value": " ", "step": null, "ts": 1724635321.3174813}]}, "version": 790, "at": 1724635321.3174813}
{"obj": {"type": "LogStrings", "path": ["monitoring", "59169b80", "stdout"], "values": [{"value": "-3.3349953717644683", "step": null, "ts": 1724635321.3189857}]}, "version": 791, "at": 1724635321.3189857}
{"obj": {"type": "LogStrings", "path": ["monitoring", "59169b80", "stdout"], "values": [{"value": "\n", "step": null, "ts": 1724635321.3189857}]}, "version": 792, "at": 1724635321.3189857}
{"obj": {"type": "LogStrings", "path": ["monitoring", "59169b80", "stdout"], "values": [{"value": "Drone2 moved with speed vector [6, -4, 0] with duration 2", "step": null, "ts": 1724635321.400084}]}, "version": 793, "at": 1724635321.400084}
{"obj": {"type": "LogStrings", "path": ["monitoring", "59169b80", "stdout"], "values": [{"value": "\n", "step": null, "ts": 1724635321.405115}]}, "version": 794, "at": 1724635321.405115}
{"obj": {"type": "LogStrings", "path": ["monitoring", "59169b80", "stdout"], "values": [{"value": "drone 2 ", "step": null, "ts": 1724635321.4063497}]}, "version": 795, "at": 1724635321.4063497}
{"obj": {"type": "LogStrings", "path": ["monitoring", "59169b80", "stdout"], "values": [{"value": " ", "step": null, "ts": 1724635321.4063497}]}, "version": 796, "at": 1724635321.4063497}
{"obj": {"type": "LogStrings", "path": ["monitoring", "59169b80", "stdout"], "values": [{"value": "(12, 0, 0)", "step": null, "ts": 1724635321.4063497}]}, "version": 797, "at": 1724635321.4063497}
{"obj": {"type": "LogStrings", "path": ["monitoring", "59169b80", "stdout"], "values": [{"value": "\n", "step": null, "ts": 1724635321.4063497}]}, "version": 798, "at": 1724635321.4063497}
{"obj": {"type": "LogFloats", "path": ["monitoring", "59169b80", "cpu"], "values": [{"value": 13.4, "step": null, "ts": 1724635321.6382668}]}, "version": 799, "at": 1724635321.6512866}
{"obj": {"type": "LogFloats", "path": ["monitoring", "59169b80", "memory"], "values": [{"value": 13.296974182128906, "step": null, "ts": 1724635321.6382668}]}, "version": 800, "at": 1724635321.6512866}
{"obj": {"type": "LogFloats", "path": ["monitoring", "59169b80", "gpu"], "values": [{"value": 10.0, "step": null, "ts": 1724635321.6382668}]}, "version": 801, "at": 1724635321.6512866}
{"obj": {"type": "LogFloats", "path": ["monitoring", "59169b80", "gpu_memory"], "values": [{"value": 1.2941627502441406, "step": null, "ts": 1724635321.6382668}]}, "version": 802, "at": 1724635321.6512866}
{"obj": {"type": "LogFloats", "path": ["monitoring", "59169b80", "gpu_power"], "values": [{"value": 12.536, "step": null, "ts": 1724635321.6382668}]}, "version": 803, "at": 1724635321.6512866}
{"obj": {"type": "LogStrings", "path": ["monitoring", "59169b80", "stdout"], "values": [{"value": "Drone1 moved with speed vector [-3.571794642660912, -3.3349953717644683, 0] with duration 1", "step": null, "ts": 1724635322.3312476}]}, "version": 804, "at": 1724635322.3312476}
{"obj": {"type": "LogStrings", "path": ["monitoring", "59169b80", "stdout"], "values": [{"value": "\n", "step": null, "ts": 1724635322.3322473}]}, "version": 805, "at": 1724635322.3322473}
{"obj": {"type": "LogStrings", "path": ["monitoring", "59169b80", "stdout"], "values": [{"value": "rc=0 , rfov=0 , rd=-2.00891486481257 , rdir = 0.1040532684326172 , robs= 0 , r_v=0 , r_ang= -1.0577094587523816 , rf=-50 ", "step": null, "ts": 1724635322.3356164}]}, "version": 806, "at": 1724635322.3356164}
{"obj": {"type": "LogStrings", "path": ["monitoring", "59169b80", "stdout"], "values": [{"value": "\n", "step": null, "ts": 1724635322.338733}]}, "version": 807, "at": 1724635322.338733}
{"obj": {"type": "LogStrings", "path": ["monitoring", "59169b80", "stdout"], "values": [{"value": "next state ", "step": null, "ts": 1724635322.338733}]}, "version": 808, "at": 1724635322.338733}
{"obj": {"type": "LogStrings", "path": ["monitoring", "59169b80", "stdout"], "values": [{"value": " ", "step": null, "ts": 1724635322.339627}]}, "version": 809, "at": 1724635322.339627}
{"obj": {"type": "LogStrings", "path": ["monitoring", "59169b80", "stdout"], "values": [{"value": "[0.02407950758934021, 0.06519507964452108, -0.04484301805496216, -0.032704365253448484, 0.019901529947916666, -0.03549357255299886, 0.27738634839621523, 0.2328120243333671, 0.0006116240099072457, 0.0012777546894403153, 0.0008115940541028977, 0.0012796506763976298, 0.0007520648092031479, 0.00115203039145764, 15.20266342163086, 15.20266342163086, 15.20266342163086, 15.20266342163086, 15.20266342163086, 15.20266342163086, 15.20266342163086, 15.20266342163086, 15.20266342163086]", "step": null, "ts": 1724635322.340728}]}, "version": 810, "at": 1724635322.340728}
{"obj": {"type": "LogStrings", "path": ["monitoring", "59169b80", "stdout"], "values": [{"value": "\n", "step": null, "ts": 1724635322.341741}]}, "version": 811, "at": 1724635322.341741}
{"obj": {"type": "LogStrings", "path": ["monitoring", "59169b80", "stdout"], "values": [{"value": "action ", "step": null, "ts": 1724635322.341741}]}, "version": 812, "at": 1724635322.341741}
{"obj": {"type": "LogStrings", "path": ["monitoring", "59169b80", "stdout"], "values": [{"value": " ", "step": null, "ts": 1724635322.341741}]}, "version": 813, "at": 1724635322.341741}
{"obj": {"type": "LogStrings", "path": ["monitoring", "59169b80", "stdout"], "values": [{"value": "23", "step": null, "ts": 1724635322.3426304}]}, "version": 814, "at": 1724635322.3426304}
{"obj": {"type": "LogStrings", "path": ["monitoring", "59169b80", "stdout"], "values": [{"value": "\n", "step": null, "ts": 1724635322.3426304}]}, "version": 815, "at": 1724635322.3426304}
{"obj": {"type": "LogStrings", "path": ["monitoring", "59169b80", "stdout"], "values": [{"value": "Found 1 cylinders in image", "step": null, "ts": 1724635322.6992073}]}, "version": 816, "at": 1724635322.6992073}
{"obj": {"type": "LogStrings", "path": ["monitoring", "59169b80", "stdout"], "values": [{"value": "\n", "step": null, "ts": 1724635322.7048063}]}, "version": 817, "at": 1724635322.7048063}
{"obj": {"type": "LogStrings", "path": ["monitoring", "59169b80", "stdout"], "values": [{"value": "new_x = ", "step": null, "ts": 1724635322.7103288}]}, "version": 818, "at": 1724635322.7103288}
{"obj": {"type": "LogStrings", "path": ["monitoring", "59169b80", "stdout"], "values": [{"value": " ", "step": null, "ts": 1724635322.7123287}]}, "version": 819, "at": 1724635322.7123287}
{"obj": {"type": "LogStrings", "path": ["monitoring", "59169b80", "stdout"], "values": [{"value": "0.9497128179706131", "step": null, "ts": 1724635322.7133286}]}, "version": 820, "at": 1724635322.7133286}
{"obj": {"type": "LogStrings", "path": ["monitoring", "59169b80", "stdout"], "values": [{"value": " ", "step": null, "ts": 1724635322.7133286}]}, "version": 821, "at": 1724635322.7133286}
{"obj": {"type": "LogStrings", "path": ["monitoring", "59169b80", "stdout"], "values": [{"value": " new_y = ", "step": null, "ts": 1724635322.7133286}]}, "version": 822, "at": 1724635322.7143288}
{"obj": {"type": "LogStrings", "path": ["monitoring", "59169b80", "stdout"], "values": [{"value": " ", "step": null, "ts": 1724635322.7143288}]}, "version": 823, "at": 1724635322.7143288}
{"obj": {"type": "LogStrings", "path": ["monitoring", "59169b80", "stdout"], "values": [{"value": "0.1747377871392331", "step": null, "ts": 1724635322.7150497}]}, "version": 824, "at": 1724635322.7150497}
{"obj": {"type": "LogStrings", "path": ["monitoring", "59169b80", "stdout"], "values": [{"value": "\n", "step": null, "ts": 1724635322.7160575}]}, "version": 825, "at": 1724635322.7160575}
{"obj": {"type": "LogStrings", "path": ["monitoring", "59169b80", "stdout"], "values": [{"value": "Drone2 moved with speed vector [12, 0, 0] with duration 2", "step": null, "ts": 1724635323.4251711}]}, "version": 826, "at": 1724635323.4261818}
{"obj": {"type": "LogStrings", "path": ["monitoring", "59169b80", "stdout"], "values": [{"value": "\n", "step": null, "ts": 1724635323.4272804}]}, "version": 827, "at": 1724635323.4272804}
{"obj": {"type": "LogStrings", "path": ["monitoring", "59169b80", "stdout"], "values": [{"value": "drone 2 ", "step": null, "ts": 1724635323.4282813}]}, "version": 828, "at": 1724635323.4282813}
{"obj": {"type": "LogStrings", "path": ["monitoring", "59169b80", "stdout"], "values": [{"value": " ", "step": null, "ts": 1724635323.4292257}]}, "version": 829, "at": 1724635323.4292257}
{"obj": {"type": "LogStrings", "path": ["monitoring", "59169b80", "stdout"], "values": [{"value": "(3, 2, 0)", "step": null, "ts": 1724635323.4292257}]}, "version": 830, "at": 1724635323.4292257}
{"obj": {"type": "LogStrings", "path": ["monitoring", "59169b80", "stdout"], "values": [{"value": "\n", "step": null, "ts": 1724635323.4292257}]}, "version": 831, "at": 1724635323.4292257}
{"obj": {"type": "LogStrings", "path": ["monitoring", "59169b80", "stdout"], "values": [{"value": "Drone1 moved with speed vector [0.9497128179706131, 0.1747377871392331, 0] with duration 1", "step": null, "ts": 1724635323.7193265}]}, "version": 832, "at": 1724635323.7193265}
{"obj": {"type": "LogStrings", "path": ["monitoring", "59169b80", "stdout"], "values": [{"value": "\n", "step": null, "ts": 1724635323.720957}]}, "version": 833, "at": 1724635323.720957}
{"obj": {"type": "LogStrings", "path": ["monitoring", "59169b80", "stdout"], "values": [{"value": "rc=0 , rfov=0 , rd=-2.007869380163768 , rdir = 0.10894269943237306 , robs= 0 , r_v=-0.024889527928296143 , r_ang= -1.060378179195487 , rf=-50 ", "step": null, "ts": 1724635323.7267153}]}, "version": 834, "at": 1724635323.7267153}
{"obj": {"type": "LogStrings", "path": ["monitoring", "59169b80", "stdout"], "values": [{"value": "\n", "step": null, "ts": 1724635323.7277148}]}, "version": 835, "at": 1724635323.7277148}
{"obj": {"type": "LogStrings", "path": ["monitoring", "59169b80", "stdout"], "values": [{"value": "next state ", "step": null, "ts": 1724635323.7277148}]}, "version": 836, "at": 1724635323.7277148}
{"obj": {"type": "LogStrings", "path": ["monitoring", "59169b80", "stdout"], "values": [{"value": " ", "step": null, "ts": 1724635323.728715}]}, "version": 837, "at": 1724635323.728715}
{"obj": {"type": "LogStrings", "path": ["monitoring", "59169b80", "stdout"], "values": [{"value": "[0.020566083987553916, 0.057141685485839845, -0.058394046624501546, 0.02407950758934021, 0.06519507964452108, -0.04484301805496216, 0.316733249215055, 0.27738634839621523, 0.0005821059085428715, 0.0009296969425531082, 0.0006116240099072457, 0.0012777546894403153, 0.0008115940541028977, 0.0012796506763976298, 15.447134971618652, 15.447134971618652, 15.447134971618652, 15.447134971618652, 15.447134971618652, 14.824325561523438, 14.824325561523438, 14.824325561523438, 14.824325561523438]", "step": null, "ts": 1724635323.7297149}]}, "version": 838, "at": 1724635323.7297149}
{"obj": {"type": "LogStrings", "path": ["monitoring", "59169b80", "stdout"], "values": [{"value": "\n", "step": null, "ts": 1724635323.7307146}]}, "version": 839, "at": 1724635323.7307146}
{"obj": {"type": "LogStrings", "path": ["monitoring", "59169b80", "stdout"], "values": [{"value": "action ", "step": null, "ts": 1724635323.7307146}]}, "version": 840, "at": 1724635323.7307146}
{"obj": {"type": "LogStrings", "path": ["monitoring", "59169b80", "stdout"], "values": [{"value": " ", "step": null, "ts": 1724635323.7307146}]}, "version": 841, "at": 1724635323.7307146}
{"obj": {"type": "LogStrings", "path": ["monitoring", "59169b80", "stdout"], "values": [{"value": "235", "step": null, "ts": 1724635323.7317162}]}, "version": 842, "at": 1724635323.7317162}
{"obj": {"type": "LogStrings", "path": ["monitoring", "59169b80", "stdout"], "values": [{"value": "\n", "step": null, "ts": 1724635323.7317162}]}, "version": 843, "at": 1724635323.7317162}
{"obj": {"type": "LogStrings", "path": ["monitoring", "59169b80", "stdout"], "values": [{"value": "Found 1 cylinders in image", "step": null, "ts": 1724635324.3766735}]}, "version": 844, "at": 1724635324.3766735}
{"obj": {"type": "LogStrings", "path": ["monitoring", "59169b80", "stdout"], "values": [{"value": "\n", "step": null, "ts": 1724635324.3788464}]}, "version": 845, "at": 1724635324.3788464}
{"obj": {"type": "LogStrings", "path": ["monitoring", "59169b80", "stdout"], "values": [{"value": "new_x = ", "step": null, "ts": 1724635324.3843913}]}, "version": 846, "at": 1724635324.3843913}
{"obj": {"type": "LogStrings", "path": ["monitoring", "59169b80", "stdout"], "values": [{"value": " ", "step": null, "ts": 1724635324.3843913}]}, "version": 847, "at": 1724635324.3843913}
{"obj": {"type": "LogStrings", "path": ["monitoring", "59169b80", "stdout"], "values": [{"value": "0.7892696717572557", "step": null, "ts": 1724635324.3843913}]}, "version": 848, "at": 1724635324.3843913}
{"obj": {"type": "LogStrings", "path": ["monitoring", "59169b80", "stdout"], "values": [{"value": " ", "step": null, "ts": 1724635324.3854022}]}, "version": 849, "at": 1724635324.3854022}
{"obj": {"type": "LogStrings", "path": ["monitoring", "59169b80", "stdout"], "values": [{"value": " new_y = ", "step": null, "ts": 1724635324.3859088}]}, "version": 850, "at": 1724635324.3859088}
{"obj": {"type": "LogStrings", "path": ["monitoring", "59169b80", "stdout"], "values": [{"value": " ", "step": null, "ts": 1724635324.3859088}]}, "version": 851, "at": 1724635324.3859088}
{"obj": {"type": "LogStrings", "path": ["monitoring", "59169b80", "stdout"], "values": [{"value": "-0.07045857478556657", "step": null, "ts": 1724635324.3859088}]}, "version": 852, "at": 1724635324.3859088}
{"obj": {"type": "LogStrings", "path": ["monitoring", "59169b80", "stdout"], "values": [{"value": "\n", "step": null, "ts": 1724635324.3859088}]}, "version": 853, "at": 1724635324.3859088}
{"obj": {"type": "LogStrings", "path": ["monitoring", "59169b80", "stdout"], "values": [{"value": "Drone2 moved with speed vector [3, 2, 0] with duration 2", "step": null, "ts": 1724635325.4468222}]}, "version": 854, "at": 1724635325.4468222}
{"obj": {"type": "LogStrings", "path": ["monitoring", "59169b80", "stdout"], "values": [{"value": "\n", "step": null, "ts": 1724635325.4478219}]}, "version": 855, "at": 1724635325.4478219}
{"obj": {"type": "LogStrings", "path": ["monitoring", "59169b80", "stdout"], "values": [{"value": "drone 2 ", "step": null, "ts": 1724635325.4478219}]}, "version": 856, "at": 1724635325.4478219}
{"obj": {"type": "LogStrings", "path": ["monitoring", "59169b80", "stdout"], "values": [{"value": " ", "step": null, "ts": 1724635325.4478219}]}, "version": 857, "at": 1724635325.4478219}
{"obj": {"type": "LogStrings", "path": ["monitoring", "59169b80", "stdout"], "values": [{"value": "(6, 0, 0)", "step": null, "ts": 1724635325.4478219}]}, "version": 858, "at": 1724635325.4478219}
{"obj": {"type": "LogStrings", "path": ["monitoring", "59169b80", "stdout"], "values": [{"value": "\n", "step": null, "ts": 1724635325.4478219}]}, "version": 859, "at": 1724635325.4478219}
{"obj": {"type": "LogStrings", "path": ["monitoring", "59169b80", "stdout"], "values": [{"value": "Drone1 moved with speed vector [0.7892696717572557, -0.07045857478556657, 0] with duration 3", "step": null, "ts": 1724635327.3960726}]}, "version": 860, "at": 1724635327.3960726}
{"obj": {"type": "LogStrings", "path": ["monitoring", "59169b80", "stdout"], "values": [{"value": "\n", "step": null, "ts": 1724635327.3960726}]}, "version": 861, "at": 1724635327.3960726}
{"obj": {"type": "LogStrings", "path": ["monitoring", "59169b80", "stdout"], "values": [{"value": "rc=0 , rfov=0 , rd=-2.0320318306683105 , rdir = 0.10519464492797853 , robs= 0 , r_v=0 , r_ang= -1.0562698633070744 , rf=-50 ", "step": null, "ts": 1724635327.397081}]}, "version": 862, "at": 1724635327.397081}
{"obj": {"type": "LogStrings", "path": ["monitoring", "59169b80", "stdout"], "values": [{"value": "\n", "step": null, "ts": 1724635327.3980713}]}, "version": 863, "at": 1724635327.3980713}
{"obj": {"type": "LogStrings", "path": ["monitoring", "59169b80", "stdout"], "values": [{"value": "next state ", "step": null, "ts": 1724635327.3980713}]}, "version": 864, "at": 1724635327.3980713}
{"obj": {"type": "LogStrings", "path": ["monitoring", "59169b80", "stdout"], "values": [{"value": " ", "step": null, "ts": 1724635327.3980713}]}, "version": 865, "at": 1724635327.3980713}
{"obj": {"type": "LogStrings", "path": ["monitoring", "59169b80", "stdout"], "values": [{"value": "[0.01679847836494446, 0.04913371006647746, -0.062138648827870686, 0.020566083987553916, 0.057141685485839845, -0.058394046624501546, 0.4768924025566072, 0.316733249215055, 0.00065573338419199, 0.001437318648821042, 0.0005821059085428715, 0.0009296969425531082, 0.0006116240099072457, 0.0012777546894403153, 15.259732246398926, 15.259732246398926, 15.259732246398926, 15.259732246398926, 15.259732246398926, 15.259732246398926, 15.259732246398926, 14.9010591506958, 14.9010591506958]", "step": null, "ts": 1724635327.3980713}]}, "version": 866, "at": 1724635327.3980713}
{"obj": {"type": "LogStrings", "path": ["monitoring", "59169b80", "stdout"], "values": [{"value": "\n", "step": null, "ts": 1724635327.3980713}]}, "version": 867, "at": 1724635327.3980713}
{"obj": {"type": "LogStrings", "path": ["monitoring", "59169b80", "stdout"], "values": [{"value": "action ", "step": null, "ts": 1724635327.3980713}]}, "version": 868, "at": 1724635327.3980713}
{"obj": {"type": "LogStrings", "path": ["monitoring", "59169b80", "stdout"], "values": [{"value": " ", "step": null, "ts": 1724635327.3990715}]}, "version": 869, "at": 1724635327.3990715}
{"obj": {"type": "LogStrings", "path": ["monitoring", "59169b80", "stdout"], "values": [{"value": "5", "step": null, "ts": 1724635327.3990715}]}, "version": 870, "at": 1724635327.3990715}
{"obj": {"type": "LogStrings", "path": ["monitoring", "59169b80", "stdout"], "values": [{"value": "\n", "step": null, "ts": 1724635327.3990715}]}, "version": 871, "at": 1724635327.3990715}
{"obj": {"type": "LogStrings", "path": ["monitoring", "59169b80", "stdout"], "values": [{"value": "Drone2 moved with speed vector [6, 0, 0] with duration 2", "step": null, "ts": 1724635327.4705622}]}, "version": 872, "at": 1724635327.4715672}
{"obj": {"type": "LogStrings", "path": ["monitoring", "59169b80", "stdout"], "values": [{"value": "\n", "step": null, "ts": 1724635327.4715672}]}, "version": 873, "at": 1724635327.4715672}
{"obj": {"type": "LogStrings", "path": ["monitoring", "59169b80", "stdout"], "values": [{"value": "drone 2 ", "step": null, "ts": 1724635327.4715672}]}, "version": 874, "at": 1724635327.4715672}
{"obj": {"type": "LogStrings", "path": ["monitoring", "59169b80", "stdout"], "values": [{"value": " ", "step": null, "ts": 1724635327.4715672}]}, "version": 875, "at": 1724635327.4715672}
{"obj": {"type": "LogStrings", "path": ["monitoring", "59169b80", "stdout"], "values": [{"value": "(6, -4, 0)", "step": null, "ts": 1724635327.4715672}]}, "version": 876, "at": 1724635327.4715672}
{"obj": {"type": "LogStrings", "path": ["monitoring", "59169b80", "stdout"], "values": [{"value": "\n", "step": null, "ts": 1724635327.4725683}]}, "version": 877, "at": 1724635327.4725683}
{"obj": {"type": "LogStrings", "path": ["monitoring", "59169b80", "stdout"], "values": [{"value": "Found 1 cylinders in image", "step": null, "ts": 1724635328.0517669}]}, "version": 878, "at": 1724635328.0517669}
{"obj": {"type": "LogStrings", "path": ["monitoring", "59169b80", "stdout"], "values": [{"value": "\n", "step": null, "ts": 1724635328.052767}]}, "version": 879, "at": 1724635328.052767}
{"obj": {"type": "LogStrings", "path": ["monitoring", "59169b80", "stdout"], "values": [{"value": "new_x = ", "step": null, "ts": 1724635328.056806}]}, "version": 880, "at": 1724635328.056806}
{"obj": {"type": "LogStrings", "path": ["monitoring", "59169b80", "stdout"], "values": [{"value": " ", "step": null, "ts": 1724635328.0578063}]}, "version": 881, "at": 1724635328.0578063}
{"obj": {"type": "LogStrings", "path": ["monitoring", "59169b80", "stdout"], "values": [{"value": "2.656814579739028", "step": null, "ts": 1724635328.0578063}]}, "version": 882, "at": 1724635328.0578063}
{"obj": {"type": "LogStrings", "path": ["monitoring", "59169b80", "stdout"], "values": [{"value": " ", "step": null, "ts": 1724635328.0578063}]}, "version": 883, "at": 1724635328.0578063}
{"obj": {"type": "LogStrings", "path": ["monitoring", "59169b80", "stdout"], "values": [{"value": " new_y = ", "step": null, "ts": 1724635328.0578063}]}, "version": 884, "at": 1724635328.0578063}
{"obj": {"type": "LogStrings", "path": ["monitoring", "59169b80", "stdout"], "values": [{"value": " ", "step": null, "ts": 1724635328.0578063}]}, "version": 885, "at": 1724635328.0578063}
{"obj": {"type": "LogStrings", "path": ["monitoring", "59169b80", "stdout"], "values": [{"value": "0.24892722874258208", "step": null, "ts": 1724635328.0578063}]}, "version": 886, "at": 1724635328.0578063}
{"obj": {"type": "LogStrings", "path": ["monitoring", "59169b80", "stdout"], "values": [{"value": "\n", "step": null, "ts": 1724635328.0578063}]}, "version": 887, "at": 1724635328.0578063}
{"obj": {"type": "LogStrings", "path": ["monitoring", "59169b80", "stdout"], "values": [{"value": "Drone1 moved with speed vector [2.656814579739028, 0.24892722874258208, 0] with duration 1", "step": null, "ts": 1724635329.067221}]}, "version": 888, "at": 1724635329.067221}
{"obj": {"type": "LogStrings", "path": ["monitoring", "59169b80", "stdout"], "values": [{"value": "\n", "step": null, "ts": 1724635329.068224}]}, "version": 889, "at": 1724635329.068224}
{"obj": {"type": "LogStrings", "path": ["monitoring", "59169b80", "stdout"], "values": [{"value": "rc=0 , rfov=0 , rd=-2.0311710270493535 , rdir = 0.10202171325683594 , robs= 0 , r_v=0 , r_ang= -1.0553137965656645 , rf=-50 ", "step": null, "ts": 1724635329.0692246}]}, "version": 890, "at": 1724635329.0692246}
{"obj": {"type": "LogStrings", "path": ["monitoring", "59169b80", "stdout"], "values": [{"value": "\n", "step": null, "ts": 1724635329.0692246}]}, "version": 891, "at": 1724635329.0692246}
{"obj": {"type": "LogStrings", "path": ["monitoring", "59169b80", "stdout"], "values": [{"value": "next state ", "step": null, "ts": 1724635329.0702233}]}, "version": 892, "at": 1724635329.0702233}
{"obj": {"type": "LogStrings", "path": ["monitoring", "59169b80", "stdout"], "values": [{"value": " ", "step": null, "ts": 1724635329.0702233}]}, "version": 893, "at": 1724635329.0702233}
{"obj": {"type": "LogStrings", "path": ["monitoring", "59169b80", "stdout"], "values": [{"value": "[0.03497124115626017, 0.04742687543233236, -0.061411575476328535, 0.01679847836494446, 0.04913371006647746, -0.062138648827870686, 0.6327475378033741, 0.4768924025566072, 0.000705987922847271, 0.0015223002139432933, 0.00065573338419199, 0.001437318648821042, 0.0005821059085428715, 0.0009296969425531082, 15.101085662841797, 15.101085662841797, 15.101085662841797, 15.101085662841797, 15.101085662841797, 15.101085662841797, 15.101085662841797, 15.101085662841797, 15.101085662841797]", "step": null, "ts": 1724635329.0702233}]}, "version": 894, "at": 1724635329.0702233}
{"obj": {"type": "LogStrings", "path": ["monitoring", "59169b80", "stdout"], "values": [{"value": "\n", "step": null, "ts": 1724635329.0712228}]}, "version": 895, "at": 1724635329.0712228}
{"obj": {"type": "LogStrings", "path": ["monitoring", "59169b80", "stdout"], "values": [{"value": "action ", "step": null, "ts": 1724635329.0712228}]}, "version": 896, "at": 1724635329.0712228}
{"obj": {"type": "LogStrings", "path": ["monitoring", "59169b80", "stdout"], "values": [{"value": " ", "step": null, "ts": 1724635329.0712228}]}, "version": 897, "at": 1724635329.0712228}
{"obj": {"type": "LogStrings", "path": ["monitoring", "59169b80", "stdout"], "values": [{"value": "38", "step": null, "ts": 1724635329.0712228}]}, "version": 898, "at": 1724635329.0712228}
{"obj": {"type": "LogStrings", "path": ["monitoring", "59169b80", "stdout"], "values": [{"value": "\n", "step": null, "ts": 1724635329.0712228}]}, "version": 899, "at": 1724635329.0712228}
{"obj": {"type": "LogStrings", "path": ["monitoring", "59169b80", "stdout"], "values": [{"value": "Drone2 moved with speed vector [6, -4, 0] with duration 2", "step": null, "ts": 1724635329.4947903}]}, "version": 900, "at": 1724635329.4947903}
{"obj": {"type": "LogStrings", "path": ["monitoring", "59169b80", "stdout"], "values": [{"value": "\n", "step": null, "ts": 1724635329.4947903}]}, "version": 901, "at": 1724635329.4947903}
{"obj": {"type": "LogStrings", "path": ["monitoring", "59169b80", "stdout"], "values": [{"value": "drone 2 ", "step": null, "ts": 1724635329.4953017}]}, "version": 902, "at": 1724635329.4953017}
{"obj": {"type": "LogStrings", "path": ["monitoring", "59169b80", "stdout"], "values": [{"value": " ", "step": null, "ts": 1724635329.4953017}]}, "version": 903, "at": 1724635329.4953017}
{"obj": {"type": "LogStrings", "path": ["monitoring", "59169b80", "stdout"], "values": [{"value": "(9, 0, 0)", "step": null, "ts": 1724635329.4953017}]}, "version": 904, "at": 1724635329.4953017}
{"obj": {"type": "LogStrings", "path": ["monitoring", "59169b80", "stdout"], "values": [{"value": "\n", "step": null, "ts": 1724635329.4953017}]}, "version": 905, "at": 1724635329.4953017}
{"obj": {"type": "LogStrings", "path": ["monitoring", "59169b80", "stdout"], "values": [{"value": "Found 1 cylinders in image", "step": null, "ts": 1724635329.7318747}]}, "version": 906, "at": 1724635329.7318747}
{"obj": {"type": "LogStrings", "path": ["monitoring", "59169b80", "stdout"], "values": [{"value": "\n", "step": null, "ts": 1724635329.7328756}]}, "version": 907, "at": 1724635329.7328756}
{"obj": {"type": "LogStrings", "path": ["monitoring", "59169b80", "stdout"], "values": [{"value": "new_x = ", "step": null, "ts": 1724635329.73543}]}, "version": 908, "at": 1724635329.73543}
{"obj": {"type": "LogStrings", "path": ["monitoring", "59169b80", "stdout"], "values": [{"value": " ", "step": null, "ts": 1724635329.7359385}]}, "version": 909, "at": 1724635329.7359385}
{"obj": {"type": "LogStrings", "path": ["monitoring", "59169b80", "stdout"], "values": [{"value": "0.01470032040226771", "step": null, "ts": 1724635329.7359385}]}, "version": 910, "at": 1724635329.7359385}
{"obj": {"type": "LogStrings", "path": ["monitoring", "59169b80", "stdout"], "values": [{"value": " ", "step": null, "ts": 1724635329.7359385}]}, "version": 911, "at": 1724635329.7359385}
{"obj": {"type": "LogStrings", "path": ["monitoring", "59169b80", "stdout"], "values": [{"value": " new_y = ", "step": null, "ts": 1724635329.7359385}]}, "version": 912, "at": 1724635329.7359385}
{"obj": {"type": "LogStrings", "path": ["monitoring", "59169b80", "stdout"], "values": [{"value": " ", "step": null, "ts": 1724635329.7359385}]}, "version": 913, "at": 1724635329.7359385}
{"obj": {"type": "LogStrings", "path": ["monitoring", "59169b80", "stdout"], "values": [{"value": "0.1011186249072419", "step": null, "ts": 1724635329.7359385}]}, "version": 914, "at": 1724635329.7359385}
{"obj": {"type": "LogStrings", "path": ["monitoring", "59169b80", "stdout"], "values": [{"value": "\n", "step": null, "ts": 1724635329.7359385}]}, "version": 915, "at": 1724635329.7359385}
{"obj": {"type": "LogStrings", "path": ["monitoring", "59169b80", "stdout"], "values": [{"value": "Drone1 moved with speed vector [0.01470032040226771, 0.1011186249072419, 0] with duration 1", "step": null, "ts": 1724635330.7451599}]}, "version": 916, "at": 1724635330.7451599}
{"obj": {"type": "LogStrings", "path": ["monitoring", "59169b80", "stdout"], "values": [{"value": "\n", "step": null, "ts": 1724635330.7451599}]}, "version": 917, "at": 1724635330.7451599}
{"obj": {"type": "LogStrings", "path": ["monitoring", "59169b80", "stdout"], "values": [{"value": "rc=0 , rfov=0 , rd=-1.999084310449543 , rdir = 0.10126480102539062 , robs= 0 , r_v=-0.06835414232755843 , r_ang= -1.0528212247946778 , rf=-50 ", "step": null, "ts": 1724635330.7461686}]}, "version": 918, "at": 1724635330.7461686}
{"obj": {"type": "LogStrings", "path": ["monitoring", "59169b80", "stdout"], "values": [{"value": "\n", "step": null, "ts": 1724635330.7461686}]}, "version": 919, "at": 1724635330.7461686}
{"obj": {"type": "LogStrings", "path": ["monitoring", "59169b80", "stdout"], "values": [{"value": "next state ", "step": null, "ts": 1724635330.7466884}]}, "version": 920, "at": 1724635330.7466884}
{"obj": {"type": "LogStrings", "path": ["monitoring", "59169b80", "stdout"], "values": [{"value": " ", "step": null, "ts": 1724635330.7466884}]}, "version": 921, "at": 1724635330.7466884}
{"obj": {"type": "LogStrings", "path": ["monitoring", "59169b80", "stdout"], "values": [{"value": "[0.05244413216908773, 0.048821608225504555, -0.06352254947026571, 0.03497124115626017, 0.04742687543233236, -0.061411575476328535, 0.6281690900510883, 0.6327475378033741, 0.0006619242951273919, 0.0019193253693757233, 0.000705987922847271, 0.0015223002139432933, 0.00065573338419199, 0.001437318648821042, 15.063240051269531, 15.063240051269531, 15.063240051269531, 15.063240051269531, 15.063240051269531, 15.063240051269531, 15.063240051269531, 15.063240051269531, 15.063240051269531]", "step": null, "ts": 1724635330.7466884}]}, "version": 922, "at": 1724635330.7466884}
{"obj": {"type": "LogStrings", "path": ["monitoring", "59169b80", "stdout"], "values": [{"value": "\n", "step": null, "ts": 1724635330.7466884}]}, "version": 923, "at": 1724635330.7466884}
{"obj": {"type": "LogStrings", "path": ["monitoring", "59169b80", "stdout"], "values": [{"value": "action ", "step": null, "ts": 1724635330.7466884}]}, "version": 924, "at": 1724635330.7466884}
{"obj": {"type": "LogStrings", "path": ["monitoring", "59169b80", "stdout"], "values": [{"value": " ", "step": null, "ts": 1724635330.7466884}]}, "version": 925, "at": 1724635330.7466884}
{"obj": {"type": "LogStrings", "path": ["monitoring", "59169b80", "stdout"], "values": [{"value": "243", "step": null, "ts": 1724635330.7466884}]}, "version": 926, "at": 1724635330.7466884}
{"obj": {"type": "LogStrings", "path": ["monitoring", "59169b80", "stdout"], "values": [{"value": "\n", "step": null, "ts": 1724635330.7477002}]}, "version": 927, "at": 1724635330.7477002}
{"obj": {"type": "LogStrings", "path": ["monitoring", "59169b80", "stdout"], "values": [{"value": "Found 1 cylinders in image", "step": null, "ts": 1724635331.40909}]}, "version": 928, "at": 1724635331.40909}
{"obj": {"type": "LogStrings", "path": ["monitoring", "59169b80", "stdout"], "values": [{"value": "\n", "step": null, "ts": 1724635331.4119942}]}, "version": 929, "at": 1724635331.4119942}
{"obj": {"type": "LogStrings", "path": ["monitoring", "59169b80", "stdout"], "values": [{"value": "new_x = ", "step": null, "ts": 1724635331.4152038}]}, "version": 930, "at": 1724635331.416212}
{"obj": {"type": "LogStrings", "path": ["monitoring", "59169b80", "stdout"], "values": [{"value": " ", "step": null, "ts": 1724635331.416417}]}, "version": 931, "at": 1724635331.416417}
{"obj": {"type": "LogStrings", "path": ["monitoring", "59169b80", "stdout"], "values": [{"value": "0.2686122604625355", "step": null, "ts": 1724635331.416417}]}, "version": 932, "at": 1724635331.416417}
{"obj": {"type": "LogStrings", "path": ["monitoring", "59169b80", "stdout"], "values": [{"value": " ", "step": null, "ts": 1724635331.416417}]}, "version": 933, "at": 1724635331.416417}
{"obj": {"type": "LogStrings", "path": ["monitoring", "59169b80", "stdout"], "values": [{"value": " new_y = ", "step": null, "ts": 1724635331.416417}]}, "version": 934, "at": 1724635331.416417}
{"obj": {"type": "LogStrings", "path": ["monitoring", "59169b80", "stdout"], "values": [{"value": " ", "step": null, "ts": 1724635331.4174259}]}, "version": 935, "at": 1724635331.4174259}
{"obj": {"type": "LogStrings", "path": ["monitoring", "59169b80", "stdout"], "values": [{"value": "0.05003288065068614", "step": null, "ts": 1724635331.4174259}]}, "version": 936, "at": 1724635331.4174259}
{"obj": {"type": "LogStrings", "path": ["monitoring", "59169b80", "stdout"], "values": [{"value": "\n", "step": null, "ts": 1724635331.4174259}]}, "version": 937, "at": 1724635331.4174259}
{"obj": {"type": "LogStrings", "path": ["monitoring", "59169b80", "stdout"], "values": [{"value": "Drone2 moved with speed vector [9, 0, 0] with duration 2", "step": null, "ts": 1724635331.5167363}]}, "version": 938, "at": 1724635331.5167363}
{"obj": {"type": "LogStrings", "path": ["monitoring", "59169b80", "stdout"], "values": [{"value": "\n", "step": null, "ts": 1724635331.5171745}]}, "version": 939, "at": 1724635331.5171745}
{"obj": {"type": "LogStrings", "path": ["monitoring", "59169b80", "stdout"], "values": [{"value": "drone 2 ", "step": null, "ts": 1724635331.5171745}]}, "version": 940, "at": 1724635331.5171745}
{"obj": {"type": "LogStrings", "path": ["monitoring", "59169b80", "stdout"], "values": [{"value": " ", "step": null, "ts": 1724635331.5171745}]}, "version": 941, "at": 1724635331.5171745}
{"obj": {"type": "LogStrings", "path": ["monitoring", "59169b80", "stdout"], "values": [{"value": "(0, 0, 0)", "step": null, "ts": 1724635331.5171745}]}, "version": 942, "at": 1724635331.5171745}
{"obj": {"type": "LogStrings", "path": ["monitoring", "59169b80", "stdout"], "values": [{"value": "\n", "step": null, "ts": 1724635331.5181744}]}, "version": 943, "at": 1724635331.5181744}
{"obj": {"type": "LogFloats", "path": ["monitoring", "59169b80", "cpu"], "values": [{"value": 19.0, "step": null, "ts": 1724635331.6610901}]}, "version": 944, "at": 1724635331.6681912}
{"obj": {"type": "LogFloats", "path": ["monitoring", "59169b80", "memory"], "values": [{"value": 13.217788696289062, "step": null, "ts": 1724635331.6610901}]}, "version": 945, "at": 1724635331.6691961}
{"obj": {"type": "LogFloats", "path": ["monitoring", "59169b80", "gpu"], "values": [{"value": 3.0, "step": null, "ts": 1724635331.6610901}]}, "version": 946, "at": 1724635331.6691961}
{"obj": {"type": "LogFloats", "path": ["monitoring", "59169b80", "gpu_memory"], "values": [{"value": 1.2941627502441406, "step": null, "ts": 1724635331.6610901}]}, "version": 947, "at": 1724635331.6691961}
{"obj": {"type": "LogFloats", "path": ["monitoring", "59169b80", "gpu_power"], "values": [{"value": 5.365, "step": null, "ts": 1724635331.6610901}]}, "version": 948, "at": 1724635331.6691961}
{"obj": {"type": "LogStrings", "path": ["monitoring", "59169b80", "stdout"], "values": [{"value": "Drone2 moved with speed vector [0, 0, 0] with duration 2", "step": null, "ts": 1724635333.5419128}]}, "version": 949, "at": 1724635333.5419128}
{"obj": {"type": "LogStrings", "path": ["monitoring", "59169b80", "stdout"], "values": [{"value": "\n", "step": null, "ts": 1724635333.54282}]}, "version": 950, "at": 1724635333.54282}
{"obj": {"type": "LogStrings", "path": ["monitoring", "59169b80", "stdout"], "values": [{"value": "after thread target ", "step": null, "ts": 1724635333.54282}]}, "version": 951, "at": 1724635333.54282}
{"obj": {"type": "LogStrings", "path": ["monitoring", "59169b80", "stdout"], "values": [{"value": " ", "step": null, "ts": 1724635333.54282}]}, "version": 952, "at": 1724635333.54282}
{"obj": {"type": "LogStrings", "path": ["monitoring", "59169b80", "stdout"], "values": [{"value": "1", "step": null, "ts": 1724635333.54282}]}, "version": 953, "at": 1724635333.54282}
{"obj": {"type": "LogStrings", "path": ["monitoring", "59169b80", "stdout"], "values": [{"value": "\n", "step": null, "ts": 1724635333.54282}]}, "version": 954, "at": 1724635333.54282}
{"obj": {"type": "LogStrings", "path": ["monitoring", "59169b80", "stdout"], "values": [{"value": "Drone1 moved with speed vector [0.2686122604625355, 0.05003288065068614, 0] with duration 3", "step": null, "ts": 1724635334.4321659}]}, "version": 955, "at": 1724635334.4321659}
{"obj": {"type": "LogStrings", "path": ["monitoring", "59169b80", "stdout"], "values": [{"value": "\n", "step": null, "ts": 1724635334.4321659}]}, "version": 956, "at": 1724635334.4321659}
{"obj": {"type": "LogStrings", "path": ["monitoring", "59169b80", "stdout"], "values": [{"value": "rc=0 , rfov=0 , rd=-2.0240622229305063 , rdir = 0.09869264602661133 , robs= 0 , r_v=-0.04633469447636654 , r_ang= -1.0572540092875138 , rf=-50 ", "step": null, "ts": 1724635334.4331152}]}, "version": 957, "at": 1724635334.4331152}
{"obj": {"type": "LogStrings", "path": ["monitoring", "59169b80", "stdout"], "values": [{"value": "\n", "step": null, "ts": 1724635334.4346228}]}, "version": 958, "at": 1724635334.4346228}
{"obj": {"type": "LogStrings", "path": ["monitoring", "59169b80", "stdout"], "values": [{"value": "next state ", "step": null, "ts": 1724635334.4346228}]}, "version": 959, "at": 1724635334.4346228}
{"obj": {"type": "LogStrings", "path": ["monitoring", "59169b80", "stdout"], "values": [{"value": " ", "step": null, "ts": 1724635334.4346228}]}, "version": 960, "at": 1724635334.4346228}
{"obj": {"type": "LogStrings", "path": ["monitoring", "59169b80", "stdout"], "values": [{"value": "[0.05586180289586385, 0.049673068523406985, -0.06310691436131795, 0.05244413216908773, 0.048821608225504555, -0.06352254947026571, 0.7484802047036196, 0.6281690900510883, 0.0006623870879411697, 0.0012913778093126087, 0.0006619242951273919, 0.0019193253693757233, 0.000705987922847271, 0.0015223002139432933, 14.934632301330566, 14.934632301330566, 14.934632301330566, 14.934632301330566, 14.934632301330566, 14.934632301330566, 14.934632301330566, 14.934632301330566, 14.934632301330566]", "step": null, "ts": 1724635334.4346228}]}, "version": 961, "at": 1724635334.4346228}
{"obj": {"type": "LogStrings", "path": ["monitoring", "59169b80", "stdout"], "values": [{"value": "\n", "step": null, "ts": 1724635334.435144}]}, "version": 962, "at": 1724635334.435144}
{"obj": {"type": "LogStrings", "path": ["monitoring", "59169b80", "stdout"], "values": [{"value": "after thread drone ", "step": null, "ts": 1724635334.435144}]}, "version": 963, "at": 1724635334.435144}
{"obj": {"type": "LogStrings", "path": ["monitoring", "59169b80", "stdout"], "values": [{"value": " ", "step": null, "ts": 1724635334.435144}]}, "version": 964, "at": 1724635334.435144}
{"obj": {"type": "LogStrings", "path": ["monitoring", "59169b80", "stdout"], "values": [{"value": "1", "step": null, "ts": 1724635334.435144}]}, "version": 965, "at": 1724635334.435144}
{"obj": {"type": "LogStrings", "path": ["monitoring", "59169b80", "stdout"], "values": [{"value": "\n", "step": null, "ts": 1724635334.436153}]}, "version": 966, "at": 1724635334.436153}
{"obj": {"type": "LogStrings", "path": ["monitoring", "59169b80", "stdout"], "values": [{"value": "episode ", "step": null, "ts": 1724635334.436153}]}, "version": 967, "at": 1724635334.436153}
{"obj": {"type": "LogStrings", "path": ["monitoring", "59169b80", "stdout"], "values": [{"value": " ", "step": null, "ts": 1724635334.436153}]}, "version": 968, "at": 1724635334.436153}
{"obj": {"type": "LogStrings", "path": ["monitoring", "59169b80", "stdout"], "values": [{"value": "2", "step": null, "ts": 1724635334.436153}]}, "version": 969, "at": 1724635334.436153}
{"obj": {"type": "LogStrings", "path": ["monitoring", "59169b80", "stdout"], "values": [{"value": " ", "step": null, "ts": 1724635334.436153}]}, "version": 970, "at": 1724635334.436153}
{"obj": {"type": "LogStrings", "path": ["monitoring", "59169b80", "stdout"], "values": [{"value": "score -370.9", "step": null, "ts": 1724635334.436153}]}, "version": 971, "at": 1724635334.436153}
{"obj": {"type": "LogStrings", "path": ["monitoring", "59169b80", "stdout"], "values": [{"value": "\n", "step": null, "ts": 1724635334.436153}]}, "version": 972, "at": 1724635334.436153}
{"obj": {"type": "LogFloats", "path": ["reward"], "values": [{"value": -370.8660286434269, "step": null, "ts": 1724635334.436153}]}, "version": 973, "at": 1724635334.436153}
{"obj": {"type": "LogFloats", "path": ["epsilon"], "values": [{"value": 0.994963853090463, "step": null, "ts": 1724635334.436153}]}, "version": 974, "at": 1724635334.436153}
{"obj": {"type": "LogStrings", "path": ["monitoring", "59169b80", "stdout"], "values": [{"value": "episode ", "step": null, "ts": 1724635334.436153}]}, "version": 975, "at": 1724635334.436153}
{"obj": {"type": "LogStrings", "path": ["monitoring", "59169b80", "stdout"], "values": [{"value": " ", "step": null, "ts": 1724635334.437152}]}, "version": 976, "at": 1724635334.437152}
{"obj": {"type": "LogStrings", "path": ["monitoring", "59169b80", "stdout"], "values": [{"value": "3", "step": null, "ts": 1724635334.437152}]}, "version": 977, "at": 1724635334.437152}
{"obj": {"type": "LogStrings", "path": ["monitoring", "59169b80", "stdout"], "values": [{"value": "\n", "step": null, "ts": 1724635334.437152}]}, "version": 978, "at": 1724635334.437152}
{"obj": {"type": "LogStrings", "path": ["monitoring", "59169b80", "stdout"], "values": [{"value": "reset", "step": null, "ts": 1724635334.437152}]}, "version": 979, "at": 1724635334.437152}
{"obj": {"type": "LogStrings", "path": ["monitoring", "59169b80", "stdout"], "values": [{"value": "\n", "step": null, "ts": 1724635334.437152}]}, "version": 980, "at": 1724635334.437152}
{"obj": {"type": "LogStrings", "path": ["monitoring", "59169b80", "stdout"], "values": [{"value": "Found 1 cylinders in image", "step": null, "ts": 1724635335.4172177}]}, "version": 981, "at": 1724635335.4172177}
{"obj": {"type": "LogStrings", "path": ["monitoring", "59169b80", "stdout"], "values": [{"value": "\n", "step": null, "ts": 1724635335.4192154}]}, "version": 982, "at": 1724635335.4192154}
{"obj": {"type": "LogFloats", "path": ["monitoring", "59169b80", "cpu"], "values": [{"value": 9.9, "step": null, "ts": 1724635341.6777513}]}, "version": 983, "at": 1724635341.6853642}
{"obj": {"type": "LogFloats", "path": ["monitoring", "59169b80", "memory"], "values": [{"value": 13.211483001708984, "step": null, "ts": 1724635341.6777513}]}, "version": 984, "at": 1724635341.6853642}
{"obj": {"type": "LogFloats", "path": ["monitoring", "59169b80", "gpu"], "values": [{"value": 14.0, "step": null, "ts": 1724635341.6777513}]}, "version": 985, "at": 1724635341.6853642}
{"obj": {"type": "LogFloats", "path": ["monitoring", "59169b80", "gpu_memory"], "values": [{"value": 1.2941627502441406, "step": null, "ts": 1724635341.6777513}]}, "version": 986, "at": 1724635341.6853642}
{"obj": {"type": "LogFloats", "path": ["monitoring", "59169b80", "gpu_power"], "values": [{"value": 5.412, "step": null, "ts": 1724635341.6777513}]}, "version": 987, "at": 1724635341.6853642}
{"obj": {"type": "LogStrings", "path": ["monitoring", "59169b80", "stdout"], "values": [{"value": "Drone1 moved with speed vector [1, 0, 0] with duration 2", "step": null, "ts": 1724635344.2922933}]}, "version": 988, "at": 1724635344.2922933}
{"obj": {"type": "LogStrings", "path": ["monitoring", "59169b80", "stdout"], "values": [{"value": "\n", "step": null, "ts": 1724635344.2922933}]}, "version": 989, "at": 1724635344.2922933}
{"obj": {"type": "LogStrings", "path": ["monitoring", "59169b80", "stdout"], "values": [{"value": "before threads ", "step": null, "ts": 1724635344.2922933}]}, "version": 990, "at": 1724635344.2922933}
{"obj": {"type": "LogStrings", "path": ["monitoring", "59169b80", "stdout"], "values": [{"value": " ", "step": null, "ts": 1724635344.2922933}]}, "version": 991, "at": 1724635344.2922933}
{"obj": {"type": "LogStrings", "path": ["monitoring", "59169b80", "stdout"], "values": [{"value": "0", "step": null, "ts": 1724635344.2922933}]}, "version": 992, "at": 1724635344.2922933}
{"obj": {"type": "LogStrings", "path": ["monitoring", "59169b80", "stdout"], "values": [{"value": "\n", "step": null, "ts": 1724635344.2932918}]}, "version": 993, "at": 1724635344.2932918}
{"obj": {"type": "LogStrings", "path": ["monitoring", "59169b80", "stdout"], "values": [{"value": "drone 2 ", "step": null, "ts": 1724635344.2932918}]}, "version": 994, "at": 1724635344.2932918}
{"obj": {"type": "LogStrings", "path": ["monitoring", "59169b80", "stdout"], "values": [{"value": " ", "step": null, "ts": 1724635344.3056161}]}, "version": 995, "at": 1724635344.3056161}
{"obj": {"type": "LogStrings", "path": ["monitoring", "59169b80", "stdout"], "values": [{"value": "(3, 0, 0)", "step": null, "ts": 1724635344.3056161}]}, "version": 996, "at": 1724635344.3056161}
{"obj": {"type": "LogStrings", "path": ["monitoring", "59169b80", "stdout"], "values": [{"value": "\n", "step": null, "ts": 1724635344.3056161}]}, "version": 997, "at": 1724635344.3056161}
{"obj": {"type": "LogStrings", "path": ["monitoring", "59169b80", "stdout"], "values": [{"value": "action ", "step": null, "ts": 1724635344.3770106}]}, "version": 998, "at": 1724635344.3770106}
{"obj": {"type": "LogStrings", "path": ["monitoring", "59169b80", "stdout"], "values": [{"value": " ", "step": null, "ts": 1724635344.3770106}]}, "version": 999, "at": 1724635344.3770106}
{"obj": {"type": "LogStrings", "path": ["monitoring", "59169b80", "stdout"], "values": [{"value": "154", "step": null, "ts": 1724635344.3770106}]}, "version": 1000, "at": 1724635344.3770106}
{"obj": {"type": "LogStrings", "path": ["monitoring", "59169b80", "stdout"], "values": [{"value": "\n", "step": null, "ts": 1724635344.3780112}]}, "version": 1001, "at": 1724635344.3780112}
{"obj": {"type": "LogStrings", "path": ["monitoring", "59169b80", "stdout"], "values": [{"value": "Found 1 cylinders in image", "step": null, "ts": 1724635344.7920983}]}, "version": 1002, "at": 1724635344.7920983}
{"obj": {"type": "LogStrings", "path": ["monitoring", "59169b80", "stdout"], "values": [{"value": "\n", "step": null, "ts": 1724635344.7930982}]}, "version": 1003, "at": 1724635344.7930982}
{"obj": {"type": "LogStrings", "path": ["monitoring", "59169b80", "stdout"], "values": [{"value": "new_x = ", "step": null, "ts": 1724635344.7959344}]}, "version": 1004, "at": 1724635344.7959344}
{"obj": {"type": "LogStrings", "path": ["monitoring", "59169b80", "stdout"], "values": [{"value": " ", "step": null, "ts": 1724635344.7959344}]}, "version": 1005, "at": 1724635344.7959344}
{"obj": {"type": "LogStrings", "path": ["monitoring", "59169b80", "stdout"], "values": [{"value": "-0.6686512835735815", "step": null, "ts": 1724635344.7959344}]}, "version": 1006, "at": 1724635344.7959344}
{"obj": {"type": "LogStrings", "path": ["monitoring", "59169b80", "stdout"], "values": [{"value": " ", "step": null, "ts": 1724635344.7959344}]}, "version": 1007, "at": 1724635344.7959344}
{"obj": {"type": "LogStrings", "path": ["monitoring", "59169b80", "stdout"], "values": [{"value": " new_y = ", "step": null, "ts": 1724635344.7959344}]}, "version": 1008, "at": 1724635344.7959344}
{"obj": {"type": "LogStrings", "path": ["monitoring", "59169b80", "stdout"], "values": [{"value": " ", "step": null, "ts": 1724635344.7969344}]}, "version": 1009, "at": 1724635344.7969344}
{"obj": {"type": "LogStrings", "path": ["monitoring", "59169b80", "stdout"], "values": [{"value": "0.129802268709848", "step": null, "ts": 1724635344.7969344}]}, "version": 1010, "at": 1724635344.7969344}
{"obj": {"type": "LogStrings", "path": ["monitoring", "59169b80", "stdout"], "values": [{"value": "\n", "step": null, "ts": 1724635344.7969344}]}, "version": 1011, "at": 1724635344.7969344}
{"obj": {"type": "LogStrings", "path": ["monitoring", "59169b80", "stdout"], "values": [{"value": "Drone2 moved with speed vector [3, 0, 0] with duration 2", "step": null, "ts": 1724635346.320894}]}, "version": 1012, "at": 1724635346.320894}
{"obj": {"type": "LogStrings", "path": ["monitoring", "59169b80", "stdout"], "values": [{"value": "\n", "step": null, "ts": 1724635346.3219182}]}, "version": 1013, "at": 1724635346.3219182}
{"obj": {"type": "LogStrings", "path": ["monitoring", "59169b80", "stdout"], "values": [{"value": "drone 2 ", "step": null, "ts": 1724635346.3219182}]}, "version": 1014, "at": 1724635346.3219182}
{"obj": {"type": "LogStrings", "path": ["monitoring", "59169b80", "stdout"], "values": [{"value": " ", "step": null, "ts": 1724635346.3219182}]}, "version": 1015, "at": 1724635346.3219182}
{"obj": {"type": "LogStrings", "path": ["monitoring", "59169b80", "stdout"], "values": [{"value": "(3, 2, 0)", "step": null, "ts": 1724635346.3219182}]}, "version": 1016, "at": 1724635346.3219182}
{"obj": {"type": "LogStrings", "path": ["monitoring", "59169b80", "stdout"], "values": [{"value": "\n", "step": null, "ts": 1724635346.3219182}]}, "version": 1017, "at": 1724635346.3219182}
{"obj": {"type": "LogStrings", "path": ["monitoring", "59169b80", "stdout"], "values": [{"value": "Drone1 moved with speed vector [-0.6686512835735815, 0.129802268709848, 0] with duration 2", "step": null, "ts": 1724635346.8144073}]}, "version": 1018, "at": 1724635346.8144073}
{"obj": {"type": "LogStrings", "path": ["monitoring", "59169b80", "stdout"], "values": [{"value": "\n", "step": null, "ts": 1724635346.8144073}]}, "version": 1019, "at": 1724635346.8144073}
{"obj": {"type": "LogStrings", "path": ["monitoring", "59169b80", "stdout"], "values": [{"value": "rc=0 , rfov=0 , rd=1.000258540553977 , rdir = 0.09942380905151367 , robs= 0 , r_v=0 , r_ang= -1.0584531035925526 , rf=0 ", "step": null, "ts": 1724635346.815694}]}, "version": 1020, "at": 1724635346.815694}
{"obj": {"type": "LogStrings", "path": ["monitoring", "59169b80", "stdout"], "values": [{"value": "\n", "step": null, "ts": 1724635346.8159273}]}, "version": 1021, "at": 1724635346.8159273}
{"obj": {"type": "LogStrings", "path": ["monitoring", "59169b80", "stdout"], "values": [{"value": "next state ", "step": null, "ts": 1724635346.8159273}]}, "version": 1022, "at": 1724635346.8159273}
{"obj": {"type": "LogStrings", "path": ["monitoring", "59169b80", "stdout"], "values": [{"value": " ", "step": null, "ts": 1724635346.8159273}]}, "version": 1023, "at": 1724635346.8159273}
{"obj": {"type": "LogStrings", "path": ["monitoring", "59169b80", "stdout"], "values": [{"value": "[0.0005926833177606265, 1.7019164217392062e-14, -0.0353214701016744, 0.0, 0.0, 0.00162027341624101, 0.10586194557587911, 0.10715464834576387, 0.00078125, 0.00100276373050831, 0.000781249962747097, 0.0013950525095433365, 0.0006623870879411697, 0.0012913778093126087, 14.971190452575684, 14.971190452575684, 14.971190452575684, 14.971190452575684, 14.971190452575684, 14.971190452575684, 14.971190452575684, 14.971190452575684, 14.971190452575684]", "step": null, "ts": 1724635346.8159273}]}, "version": 1024, "at": 1724635346.8159273}
{"obj": {"type": "LogStrings", "path": ["monitoring", "59169b80", "stdout"], "values": [{"value": "\n", "step": null, "ts": 1724635346.8159273}]}, "version": 1025, "at": 1724635346.8159273}
{"obj": {"type": "LogStrings", "path": ["monitoring", "59169b80", "stdout"], "values": [{"value": "action ", "step": null, "ts": 1724635346.8159273}]}, "version": 1026, "at": 1724635346.8159273}
{"obj": {"type": "LogStrings", "path": ["monitoring", "59169b80", "stdout"], "values": [{"value": " ", "step": null, "ts": 1724635346.8159273}]}, "version": 1027, "at": 1724635346.8159273}
{"obj": {"type": "LogStrings", "path": ["monitoring", "59169b80", "stdout"], "values": [{"value": "290", "step": null, "ts": 1724635346.8159273}]}, "version": 1028, "at": 1724635346.8159273}
{"obj": {"type": "LogStrings", "path": ["monitoring", "59169b80", "stdout"], "values": [{"value": "\n", "step": null, "ts": 1724635346.8159273}]}, "version": 1029, "at": 1724635346.8159273}
{"obj": {"type": "LogStrings", "path": ["monitoring", "59169b80", "stdout"], "values": [{"value": "Found 1 cylinders in image", "step": null, "ts": 1724635347.4708972}]}, "version": 1030, "at": 1724635347.4708972}
{"obj": {"type": "LogStrings", "path": ["monitoring", "59169b80", "stdout"], "values": [{"value": "\n", "step": null, "ts": 1724635347.471898}]}, "version": 1031, "at": 1724635347.4728985}
{"obj": {"type": "LogStrings", "path": ["monitoring", "59169b80", "stdout"], "values": [{"value": "new_x = ", "step": null, "ts": 1724635347.4759517}]}, "version": 1032, "at": 1724635347.4759517}
{"obj": {"type": "LogStrings", "path": ["monitoring", "59169b80", "stdout"], "values": [{"value": " ", "step": null, "ts": 1724635347.4763122}]}, "version": 1033, "at": 1724635347.4763122}
{"obj": {"type": "LogStrings", "path": ["monitoring", "59169b80", "stdout"], "values": [{"value": "-1.1352521936075575", "step": null, "ts": 1724635347.4763122}]}, "version": 1034, "at": 1724635347.4763122}
{"obj": {"type": "LogStrings", "path": ["monitoring", "59169b80", "stdout"], "values": [{"value": " ", "step": null, "ts": 1724635347.4763122}]}, "version": 1035, "at": 1724635347.4763122}
{"obj": {"type": "LogStrings", "path": ["monitoring", "59169b80", "stdout"], "values": [{"value": " new_y = ", "step": null, "ts": 1724635347.4763122}]}, "version": 1036, "at": 1724635347.4763122}
{"obj": {"type": "LogStrings", "path": ["monitoring", "59169b80", "stdout"], "values": [{"value": " ", "step": null, "ts": 1724635347.4763122}]}, "version": 1037, "at": 1724635347.4763122}
{"obj": {"type": "LogStrings", "path": ["monitoring", "59169b80", "stdout"], "values": [{"value": "-3.0626153544328125", "step": null, "ts": 1724635347.4763122}]}, "version": 1038, "at": 1724635347.4763122}
{"obj": {"type": "LogStrings", "path": ["monitoring", "59169b80", "stdout"], "values": [{"value": "\n", "step": null, "ts": 1724635347.4763122}]}, "version": 1039, "at": 1724635347.4763122}
{"obj": {"type": "LogStrings", "path": ["monitoring", "59169b80", "stdout"], "values": [{"value": "Drone2 moved with speed vector [3, 2, 0] with duration 2", "step": null, "ts": 1724635348.340134}]}, "version": 1040, "at": 1724635348.340134}
{"obj": {"type": "LogStrings", "path": ["monitoring", "59169b80", "stdout"], "values": [{"value": "\n", "step": null, "ts": 1724635348.340134}]}, "version": 1041, "at": 1724635348.340134}
{"obj": {"type": "LogStrings", "path": ["monitoring", "59169b80", "stdout"], "values": [{"value": "drone 2 ", "step": null, "ts": 1724635348.3410332}]}, "version": 1042, "at": 1724635348.3410332}
{"obj": {"type": "LogStrings", "path": ["monitoring", "59169b80", "stdout"], "values": [{"value": " ", "step": null, "ts": 1724635348.3410332}]}, "version": 1043, "at": 1724635348.3410332}
{"obj": {"type": "LogStrings", "path": ["monitoring", "59169b80", "stdout"], "values": [{"value": "(6, 0, 0)", "step": null, "ts": 1724635348.3410332}]}, "version": 1044, "at": 1724635348.3410332}
{"obj": {"type": "LogStrings", "path": ["monitoring", "59169b80", "stdout"], "values": [{"value": "\n", "step": null, "ts": 1724635348.3410332}]}, "version": 1045, "at": 1724635348.3410332}
{"obj": {"type": "LogStrings", "path": ["monitoring", "59169b80", "stdout"], "values": [{"value": "Drone2 moved with speed vector [6, 0, 0] with duration 2", "step": null, "ts": 1724635350.3580055}]}, "version": 1046, "at": 1724635350.3580055}
{"obj": {"type": "LogStrings", "path": ["monitoring", "59169b80", "stdout"], "values": [{"value": "\n", "step": null, "ts": 1724635350.3590102}]}, "version": 1047, "at": 1724635350.3590102}
{"obj": {"type": "LogStrings", "path": ["monitoring", "59169b80", "stdout"], "values": [{"value": "drone 2 ", "step": null, "ts": 1724635350.3600073}]}, "version": 1048, "at": 1724635350.3600073}
{"obj": {"type": "LogStrings", "path": ["monitoring", "59169b80", "stdout"], "values": [{"value": " ", "step": null, "ts": 1724635350.3600073}]}, "version": 1049, "at": 1724635350.3600073}
{"obj": {"type": "LogStrings", "path": ["monitoring", "59169b80", "stdout"], "values": [{"value": "(6, -4, 0)", "step": null, "ts": 1724635350.3600073}]}, "version": 1050, "at": 1724635350.3600073}
{"obj": {"type": "LogStrings", "path": ["monitoring", "59169b80", "stdout"], "values": [{"value": "\n", "step": null, "ts": 1724635350.361009}]}, "version": 1051, "at": 1724635350.361009}
{"obj": {"type": "LogStrings", "path": ["monitoring", "59169b80", "stdout"], "values": [{"value": "Drone1 moved with speed vector [-1.1352521936075575, -3.0626153544328125, 0] with duration 3", "step": null, "ts": 1724635350.48108}]}, "version": 1052, "at": 1724635350.48108}
{"obj": {"type": "LogStrings", "path": ["monitoring", "59169b80", "stdout"], "values": [{"value": "\n", "step": null, "ts": 1724635350.4820828}]}, "version": 1053, "at": 1724635350.4820828}
{"obj": {"type": "LogStrings", "path": ["monitoring", "59169b80", "stdout"], "values": [{"value": "rc=0 , rfov=0 , rd=0.98916133417127 , rdir = 0.10141263961791994 , robs= 0 , r_v=0 , r_ang= -1.0576942632206188 , rf=0 ", "step": null, "ts": 1724635350.4851131}]}, "version": 1054, "at": 1724635350.4851131}
{"obj": {"type": "LogStrings", "path": ["monitoring", "59169b80", "stdout"], "values": [{"value": "\n", "step": null, "ts": 1724635350.4851131}]}, "version": 1055, "at": 1724635350.4851131}
{"obj": {"type": "LogStrings", "path": ["monitoring", "59169b80", "stdout"], "values": [{"value": "next state ", "step": null, "ts": 1724635350.4851131}]}, "version": 1056, "at": 1724635350.4851131}
{"obj": {"type": "LogStrings", "path": ["monitoring", "59169b80", "stdout"], "values": [{"value": " ", "step": null, "ts": 1724635350.4864786}]}, "version": 1057, "at": 1724635350.4864786}
{"obj": {"type": "LogStrings", "path": ["monitoring", "59169b80", "stdout"], "values": [{"value": "[-0.00521998256444931, 0.0018051207065582276, -0.03517686128616333, 0.0005926833177606265, 1.7019164217392062e-14, -0.0353214701016744, 0.1600552747195299, 0.10586194557587911, 0.0008095545321702957, 0.0010817879806330176, 0.00078125, 0.00100276373050831, 0.000781249962747097, 0.0013950525095433365, 15.070631980895996, 15.070631980895996, 15.070631980895996, 15.070631980895996, 15.070631980895996, 15.070631980895996, 15.070631980895996, 15.070631980895996, 15.070631980895996]", "step": null, "ts": 1724635350.4864786}]}, "version": 1058, "at": 1724635350.4864786}
{"obj": {"type": "LogStrings", "path": ["monitoring", "59169b80", "stdout"], "values": [{"value": "\n", "step": null, "ts": 1724635350.4871967}]}, "version": 1059, "at": 1724635350.4871967}
{"obj": {"type": "LogStrings", "path": ["monitoring", "59169b80", "stdout"], "values": [{"value": "action ", "step": null, "ts": 1724635350.4871967}]}, "version": 1060, "at": 1724635350.4871967}
{"obj": {"type": "LogStrings", "path": ["monitoring", "59169b80", "stdout"], "values": [{"value": " ", "step": null, "ts": 1724635350.4871967}]}, "version": 1061, "at": 1724635350.4871967}
{"obj": {"type": "LogStrings", "path": ["monitoring", "59169b80", "stdout"], "values": [{"value": "34", "step": null, "ts": 1724635350.488197}]}, "version": 1062, "at": 1724635350.488197}
{"obj": {"type": "LogStrings", "path": ["monitoring", "59169b80", "stdout"], "values": [{"value": "\n", "step": null, "ts": 1724635350.488197}]}, "version": 1063, "at": 1724635350.488197}
{"obj": {"type": "LogStrings", "path": ["monitoring", "59169b80", "stdout"], "values": [{"value": "Found 1 cylinders in image", "step": null, "ts": 1724635350.6642234}]}, "version": 1064, "at": 1724635350.6642234}
{"obj": {"type": "LogStrings", "path": ["monitoring", "59169b80", "stdout"], "values": [{"value": "\n", "step": null, "ts": 1724635350.6649458}]}, "version": 1065, "at": 1724635350.6649458}
{"obj": {"type": "LogStrings", "path": ["monitoring", "59169b80", "stdout"], "values": [{"value": "new_x = ", "step": null, "ts": 1724635350.6679542}]}, "version": 1066, "at": 1724635350.6679542}
{"obj": {"type": "LogStrings", "path": ["monitoring", "59169b80", "stdout"], "values": [{"value": " ", "step": null, "ts": 1724635350.6679542}]}, "version": 1067, "at": 1724635350.6679542}
{"obj": {"type": "LogStrings", "path": ["monitoring", "59169b80", "stdout"], "values": [{"value": "1.0607533382924155", "step": null, "ts": 1724635350.6679542}]}, "version": 1068, "at": 1724635350.6679542}
{"obj": {"type": "LogStrings", "path": ["monitoring", "59169b80", "stdout"], "values": [{"value": " ", "step": null, "ts": 1724635350.6679542}]}, "version": 1069, "at": 1724635350.6679542}
{"obj": {"type": "LogStrings", "path": ["monitoring", "59169b80", "stdout"], "values": [{"value": " new_y = ", "step": null, "ts": 1724635350.6679542}]}, "version": 1070, "at": 1724635350.6679542}
{"obj": {"type": "LogStrings", "path": ["monitoring", "59169b80", "stdout"], "values": [{"value": " ", "step": null, "ts": 1724635350.6679542}]}, "version": 1071, "at": 1724635350.6679542}
{"obj": {"type": "LogStrings", "path": ["monitoring", "59169b80", "stdout"], "values": [{"value": "1.7261800455787282", "step": null, "ts": 1724635350.6679542}]}, "version": 1072, "at": 1724635350.6679542}
{"obj": {"type": "LogStrings", "path": ["monitoring", "59169b80", "stdout"], "values": [{"value": "\n", "step": null, "ts": 1724635350.6679542}]}, "version": 1073, "at": 1724635350.6679542}
{"obj": {"type": "LogStrings", "path": ["monitoring", "59169b80", "stdout"], "values": [{"value": "Drone1 moved with speed vector [1.0607533382924155, 1.7261800455787282, 0] with duration 1", "step": null, "ts": 1724635351.699965}]}, "version": 1074, "at": 1724635351.699965}
{"obj": {"type": "LogStrings", "path": ["monitoring", "59169b80", "stdout"], "values": [{"value": "\n", "step": null, "ts": 1724635351.700967}]}, "version": 1075, "at": 1724635351.700967}
{"obj": {"type": "LogFloats", "path": ["monitoring", "59169b80", "cpu"], "values": [{"value": 12.1, "step": null, "ts": 1724635351.686905}]}, "version": 1076, "at": 1724635351.700967}
{"obj": {"type": "LogStrings", "path": ["monitoring", "59169b80", "stdout"], "values": [{"value": "rc=0 , rfov=0 , rd=-2.0122460582370034 , rdir = 0.09599712371826173 , robs= 0 , r_v=0 , r_ang= -1.0563797887132187 , rf=-50 ", "step": null, "ts": 1724635351.7019656}]}, "version": 1077, "at": 1724635351.7019656}
{"obj": {"type": "LogFloats", "path": ["monitoring", "59169b80", "memory"], "values": [{"value": 13.18448257446289, "step": null, "ts": 1724635351.686905}]}, "version": 1078, "at": 1724635351.7019656}
{"obj": {"type": "LogStrings", "path": ["monitoring", "59169b80", "stdout"], "values": [{"value": "\n", "step": null, "ts": 1724635351.7029676}]}, "version": 1079, "at": 1724635351.7029676}
{"obj": {"type": "LogFloats", "path": ["monitoring", "59169b80", "gpu"], "values": [{"value": 33.0, "step": null, "ts": 1724635351.686905}]}, "version": 1080, "at": 1724635351.7029676}
{"obj": {"type": "LogStrings", "path": ["monitoring", "59169b80", "stdout"], "values": [{"value": "next state ", "step": null, "ts": 1724635351.7029676}]}, "version": 1081, "at": 1724635351.7029676}
{"obj": {"type": "LogFloats", "path": ["monitoring", "59169b80", "gpu_memory"], "values": [{"value": 1.2932472229003906, "step": null, "ts": 1724635351.686905}]}, "version": 1082, "at": 1724635351.703965}
{"obj": {"type": "LogStrings", "path": ["monitoring", "59169b80", "stdout"], "values": [{"value": " ", "step": null, "ts": 1724635351.703965}]}, "version": 1083, "at": 1724635351.703965}
{"obj": {"type": "LogFloats", "path": ["monitoring", "59169b80", "gpu_power"], "values": [{"value": 19.36, "step": null, "ts": 1724635351.686905}]}, "version": 1084, "at": 1724635351.703965}
{"obj": {"type": "LogStrings", "path": ["monitoring", "59169b80", "stdout"], "values": [{"value": "[-0.02787319620450338, -0.05666572650273641, -0.03875100612640381, -0.00521998256444931, 0.0018051207065582276, -0.03517686128616333, 0.2212855659045462, 0.1600552747195299, 0.001013147458434105, 0.0010640539946379485, 0.0008095545321702957, 0.0010817879806330176, 0.00078125, 0.00100276373050831, 14.799856185913086, 14.799856185913086, 14.799856185913086, 14.799856185913086, 14.799856185913086, 14.799856185913086, 14.799856185913086, 14.799856185913086, 14.799856185913086]", "step": null, "ts": 1724635351.7052112}]}, "version": 1085, "at": 1724635351.7052112}
{"obj": {"type": "LogStrings", "path": ["monitoring", "59169b80", "stdout"], "values": [{"value": "\n", "step": null, "ts": 1724635351.706217}]}, "version": 1086, "at": 1724635351.706217}
{"obj": {"type": "LogStrings", "path": ["monitoring", "59169b80", "stdout"], "values": [{"value": "action ", "step": null, "ts": 1724635351.706217}]}, "version": 1087, "at": 1724635351.706217}
{"obj": {"type": "LogStrings", "path": ["monitoring", "59169b80", "stdout"], "values": [{"value": " ", "step": null, "ts": 1724635351.706217}]}, "version": 1088, "at": 1724635351.706217}
{"obj": {"type": "LogStrings", "path": ["monitoring", "59169b80", "stdout"], "values": [{"value": "78", "step": null, "ts": 1724635351.707221}]}, "version": 1089, "at": 1724635351.707221}
{"obj": {"type": "LogStrings", "path": ["monitoring", "59169b80", "stdout"], "values": [{"value": "\n", "step": null, "ts": 1724635351.707221}]}, "version": 1090, "at": 1724635351.707221}
{"obj": {"type": "LogStrings", "path": ["monitoring", "59169b80", "stdout"], "values": [{"value": "Found 1 cylinders in image", "step": null, "ts": 1724635351.8004336}]}, "version": 1091, "at": 1724635351.8004336}
{"obj": {"type": "LogStrings", "path": ["monitoring", "59169b80", "stdout"], "values": [{"value": "\n", "step": null, "ts": 1724635351.8014345}]}, "version": 1092, "at": 1724635351.8024352}
{"obj": {"type": "LogStrings", "path": ["monitoring", "59169b80", "stdout"], "values": [{"value": "new_x = ", "step": null, "ts": 1724635351.8044348}]}, "version": 1093, "at": 1724635351.8044348}
{"obj": {"type": "LogStrings", "path": ["monitoring", "59169b80", "stdout"], "values": [{"value": " ", "step": null, "ts": 1724635351.8049402}]}, "version": 1094, "at": 1724635351.8049402}
{"obj": {"type": "LogStrings", "path": ["monitoring", "59169b80", "stdout"], "values": [{"value": "1.4128672571523255", "step": null, "ts": 1724635351.8049402}]}, "version": 1095, "at": 1724635351.8049402}
{"obj": {"type": "LogStrings", "path": ["monitoring", "59169b80", "stdout"], "values": [{"value": " ", "step": null, "ts": 1724635351.8049402}]}, "version": 1096, "at": 1724635351.8049402}
{"obj": {"type": "LogStrings", "path": ["monitoring", "59169b80", "stdout"], "values": [{"value": " new_y = ", "step": null, "ts": 1724635351.8049402}]}, "version": 1097, "at": 1724635351.8049402}
{"obj": {"type": "LogStrings", "path": ["monitoring", "59169b80", "stdout"], "values": [{"value": " ", "step": null, "ts": 1724635351.8059468}]}, "version": 1098, "at": 1724635351.8059468}
{"obj": {"type": "LogStrings", "path": ["monitoring", "59169b80", "stdout"], "values": [{"value": "-2.0065056998690713", "step": null, "ts": 1724635351.8059468}]}, "version": 1099, "at": 1724635351.8059468}
{"obj": {"type": "LogStrings", "path": ["monitoring", "59169b80", "stdout"], "values": [{"value": "\n", "step": null, "ts": 1724635351.8061197}]}, "version": 1100, "at": 1724635351.8061197}
{"obj": {"type": "LogStrings", "path": ["monitoring", "59169b80", "stdout"], "values": [{"value": "Drone2 moved with speed vector [6, -4, 0] with duration 2", "step": null, "ts": 1724635352.4120293}]}, "version": 1101, "at": 1724635352.4120293}
{"obj": {"type": "LogStrings", "path": ["monitoring", "59169b80", "stdout"], "values": [{"value": "\n", "step": null, "ts": 1724635352.4120293}]}, "version": 1102, "at": 1724635352.4120293}
{"obj": {"type": "LogStrings", "path": ["monitoring", "59169b80", "stdout"], "values": [{"value": "drone 2 ", "step": null, "ts": 1724635352.4130306}]}, "version": 1103, "at": 1724635352.4130306}
{"obj": {"type": "LogStrings", "path": ["monitoring", "59169b80", "stdout"], "values": [{"value": " ", "step": null, "ts": 1724635352.4130306}]}, "version": 1104, "at": 1724635352.4130306}
{"obj": {"type": "LogStrings", "path": ["monitoring", "59169b80", "stdout"], "values": [{"value": "(12, 0, 0)", "step": null, "ts": 1724635352.4130306}]}, "version": 1105, "at": 1724635352.4130306}
{"obj": {"type": "LogStrings", "path": ["monitoring", "59169b80", "stdout"], "values": [{"value": "\n", "step": null, "ts": 1724635352.4130306}]}, "version": 1106, "at": 1724635352.4130306}
{"obj": {"type": "LogStrings", "path": ["monitoring", "59169b80", "stdout"], "values": [{"value": "Drone1 moved with speed vector [1.4128672571523255, -2.0065056998690713, 0] with duration 1", "step": null, "ts": 1724635352.827234}]}, "version": 1107, "at": 1724635352.827234}
{"obj": {"type": "LogStrings", "path": ["monitoring", "59169b80", "stdout"], "values": [{"value": "\n", "step": null, "ts": 1724635352.8277388}]}, "version": 1108, "at": 1724635352.8277388}
{"obj": {"type": "LogStrings", "path": ["monitoring", "59169b80", "stdout"], "values": [{"value": "rc=0 , rfov=0 , rd=-2.013465807398149 , rdir = 0.10048822402954101 , robs= 0 , r_v=0 , r_ang= -1.0567086493625155 , rf=-50 ", "step": null, "ts": 1724635352.8287482}]}, "version": 1109, "at": 1724635352.8287482}
{"obj": {"type": "LogStrings", "path": ["monitoring", "59169b80", "stdout"], "values": [{"value": "\n", "step": null, "ts": 1724635352.8287482}]}, "version": 1110, "at": 1724635352.8287482}
{"obj": {"type": "LogStrings", "path": ["monitoring", "59169b80", "stdout"], "values": [{"value": "next state ", "step": null, "ts": 1724635352.8287482}]}, "version": 1111, "at": 1724635352.8287482}
{"obj": {"type": "LogStrings", "path": ["monitoring", "59169b80", "stdout"], "values": [{"value": " ", "step": null, "ts": 1724635352.8287482}]}, "version": 1112, "at": 1724635352.8287482}
{"obj": {"type": "LogStrings", "path": ["monitoring", "59169b80", "stdout"], "values": [{"value": "[-0.028697840372721353, -0.06328618923823039, -0.046806891759236656, -0.02787319620450338, -0.05666572650273641, -0.03875100612640381, 0.28861460289529, 0.2212855659045462, 0.0009440236911177636, 0.0010866787404189876, 0.001013147458434105, 0.0010640539946379485, 0.0008095545321702957, 0.0010817879806330176, 15.02441120147705, 15.02441120147705, 15.02441120147705, 15.02441120147705, 15.02441120147705, 15.02441120147705, 15.02441120147705, 15.02441120147705, 15.02441120147705]", "step": null, "ts": 1724635352.8297448}]}, "version": 1113, "at": 1724635352.8297448}
{"obj": {"type": "LogStrings", "path": ["monitoring", "59169b80", "stdout"], "values": [{"value": "\n", "step": null, "ts": 1724635352.8297448}]}, "version": 1114, "at": 1724635352.8297448}
{"obj": {"type": "LogStrings", "path": ["monitoring", "59169b80", "stdout"], "values": [{"value": "action ", "step": null, "ts": 1724635352.8297448}]}, "version": 1115, "at": 1724635352.8297448}
{"obj": {"type": "LogStrings", "path": ["monitoring", "59169b80", "stdout"], "values": [{"value": " ", "step": null, "ts": 1724635352.8307464}]}, "version": 1116, "at": 1724635352.8307464}
{"obj": {"type": "LogStrings", "path": ["monitoring", "59169b80", "stdout"], "values": [{"value": "296", "step": null, "ts": 1724635352.8307464}]}, "version": 1117, "at": 1724635352.8307464}
{"obj": {"type": "LogStrings", "path": ["monitoring", "59169b80", "stdout"], "values": [{"value": "\n", "step": null, "ts": 1724635352.8307464}]}, "version": 1118, "at": 1724635352.8307464}
{"obj": {"type": "LogStrings", "path": ["monitoring", "59169b80", "stdout"], "values": [{"value": "Found 1 cylinders in image", "step": null, "ts": 1724635352.9301455}]}, "version": 1119, "at": 1724635352.9301455}
{"obj": {"type": "LogStrings", "path": ["monitoring", "59169b80", "stdout"], "values": [{"value": "\n", "step": null, "ts": 1724635352.9311564}]}, "version": 1120, "at": 1724635352.9311564}
{"obj": {"type": "LogStrings", "path": ["monitoring", "59169b80", "stdout"], "values": [{"value": "new_x = ", "step": null, "ts": 1724635352.9351006}]}, "version": 1121, "at": 1724635352.9352279}
{"obj": {"type": "LogStrings", "path": ["monitoring", "59169b80", "stdout"], "values": [{"value": " ", "step": null, "ts": 1724635352.936114}]}, "version": 1122, "at": 1724635352.936114}
{"obj": {"type": "LogStrings", "path": ["monitoring", "59169b80", "stdout"], "values": [{"value": "-4.588724855250744", "step": null, "ts": 1724635352.936114}]}, "version": 1123, "at": 1724635352.936114}
{"obj": {"type": "LogStrings", "path": ["monitoring", "59169b80", "stdout"], "values": [{"value": " ", "step": null, "ts": 1724635352.937374}]}, "version": 1124, "at": 1724635352.937374}
{"obj": {"type": "LogStrings", "path": ["monitoring", "59169b80", "stdout"], "values": [{"value": " new_y = ", "step": null, "ts": 1724635352.937374}]}, "version": 1125, "at": 1724635352.937374}
{"obj": {"type": "LogStrings", "path": ["monitoring", "59169b80", "stdout"], "values": [{"value": " ", "step": null, "ts": 1724635352.937374}]}, "version": 1126, "at": 1724635352.937374}
{"obj": {"type": "LogStrings", "path": ["monitoring", "59169b80", "stdout"], "values": [{"value": "1.0010884516472944", "step": null, "ts": 1724635352.938122}]}, "version": 1127, "at": 1724635352.938122}
{"obj": {"type": "LogStrings", "path": ["monitoring", "59169b80", "stdout"], "values": [{"value": "\n", "step": null, "ts": 1724635352.938122}]}, "version": 1128, "at": 1724635352.938122}
{"obj": {"type": "LogStrings", "path": ["monitoring", "59169b80", "stdout"], "values": [{"value": "Drone2 moved with speed vector [12, 0, 0] with duration 2", "step": null, "ts": 1724635354.4543593}]}, "version": 1129, "at": 1724635354.4548726}
{"obj": {"type": "LogStrings", "path": ["monitoring", "59169b80", "stdout"], "values": [{"value": "\n", "step": null, "ts": 1724635354.4557598}]}, "version": 1130, "at": 1724635354.4558847}
{"obj": {"type": "LogStrings", "path": ["monitoring", "59169b80", "stdout"], "values": [{"value": "drone 2 ", "step": null, "ts": 1724635354.4558847}]}, "version": 1131, "at": 1724635354.4558847}
{"obj": {"type": "LogStrings", "path": ["monitoring", "59169b80", "stdout"], "values": [{"value": " ", "step": null, "ts": 1724635354.4558847}]}, "version": 1132, "at": 1724635354.4558847}
{"obj": {"type": "LogStrings", "path": ["monitoring", "59169b80", "stdout"], "values": [{"value": "(3, 2, 0)", "step": null, "ts": 1724635354.4558847}]}, "version": 1133, "at": 1724635354.4558847}
{"obj": {"type": "LogStrings", "path": ["monitoring", "59169b80", "stdout"], "values": [{"value": "\n", "step": null, "ts": 1724635354.4568844}]}, "version": 1134, "at": 1724635354.4568844}
{"obj": {"type": "LogStrings", "path": ["monitoring", "59169b80", "stdout"], "values": [{"value": "Drone1 moved with speed vector [-4.588724855250744, 1.0010884516472944, 0] with duration 3", "step": null, "ts": 1724635355.97308}]}, "version": 1135, "at": 1724635355.9740787}
{"obj": {"type": "LogStrings", "path": ["monitoring", "59169b80", "stdout"], "values": [{"value": "\n", "step": null, "ts": 1724635355.976103}]}, "version": 1136, "at": 1724635355.976103}
{"obj": {"type": "LogStrings", "path": ["monitoring", "59169b80", "stdout"], "values": [{"value": "rc=0 , rfov=0 , rd=-2.006123179685088 , rdir = 0.09900108337402344 , robs= 0 , r_v=0 , r_ang= -1.0555983136295521 , rf=-50 ", "step": null, "ts": 1724635355.978112}]}, "version": 1137, "at": 1724635355.978112}
{"obj": {"type": "LogStrings", "path": ["monitoring", "59169b80", "stdout"], "values": [{"value": "\n", "step": null, "ts": 1724635355.978112}]}, "version": 1138, "at": 1724635355.978112}
{"obj": {"type": "LogStrings", "path": ["monitoring", "59169b80", "stdout"], "values": [{"value": "next state ", "step": null, "ts": 1724635355.978112}]}, "version": 1139, "at": 1724635355.978112}
{"obj": {"type": "LogStrings", "path": ["monitoring", "59169b80", "stdout"], "values": [{"value": " ", "step": null, "ts": 1724635355.978112}]}, "version": 1140, "at": 1724635355.978112}
{"obj": {"type": "LogStrings", "path": ["monitoring", "59169b80", "stdout"], "values": [{"value": "[-0.020165574550628663, -0.06596295833587647, -0.049155970414479576, -0.028697840372721353, -0.06328618923823039, -0.046806891759236656, 0.31923050132072844, 0.28861460289529, 0.0008882545679807664, 0.0012995476192898222, 0.0009440236911177636, 0.0010866787404189876, 0.001013147458434105, 0.0010640539946379485, 14.950054168701172, 14.950054168701172, 14.950054168701172, 14.950054168701172, 14.950054168701172, 14.950054168701172, 14.950054168701172, 14.950054168701172, 15.092015266418457]", "step": null, "ts": 1724635355.9791145}]}, "version": 1141, "at": 1724635355.9791145}
{"obj": {"type": "LogStrings", "path": ["monitoring", "59169b80", "stdout"], "values": [{"value": "\n", "step": null, "ts": 1724635355.9791145}]}, "version": 1142, "at": 1724635355.9791145}
{"obj": {"type": "LogStrings", "path": ["monitoring", "59169b80", "stdout"], "values": [{"value": "action ", "step": null, "ts": 1724635355.9801128}]}, "version": 1143, "at": 1724635355.9801128}
{"obj": {"type": "LogStrings", "path": ["monitoring", "59169b80", "stdout"], "values": [{"value": " ", "step": null, "ts": 1724635355.9801128}]}, "version": 1144, "at": 1724635355.9801128}
{"obj": {"type": "LogStrings", "path": ["monitoring", "59169b80", "stdout"], "values": [{"value": "56", "step": null, "ts": 1724635355.9811106}]}, "version": 1145, "at": 1724635355.9811106}
{"obj": {"type": "LogStrings", "path": ["monitoring", "59169b80", "stdout"], "values": [{"value": "\n", "step": null, "ts": 1724635355.9811106}]}, "version": 1146, "at": 1724635355.9811106}
{"obj": {"type": "LogStrings", "path": ["monitoring", "59169b80", "stdout"], "values": [{"value": "Found 1 cylinders in image", "step": null, "ts": 1724635356.0905874}]}, "version": 1147, "at": 1724635356.0905874}
{"obj": {"type": "LogStrings", "path": ["monitoring", "59169b80", "stdout"], "values": [{"value": "\n", "step": null, "ts": 1724635356.0925992}]}, "version": 1148, "at": 1724635356.0925992}
{"obj": {"type": "LogStrings", "path": ["monitoring", "59169b80", "stdout"], "values": [{"value": "new_x = ", "step": null, "ts": 1724635356.097646}]}, "version": 1149, "at": 1724635356.097646}
{"obj": {"type": "LogStrings", "path": ["monitoring", "59169b80", "stdout"], "values": [{"value": " ", "step": null, "ts": 1724635356.097646}]}, "version": 1150, "at": 1724635356.097646}
{"obj": {"type": "LogStrings", "path": ["monitoring", "59169b80", "stdout"], "values": [{"value": "4.522089264122059", "step": null, "ts": 1724635356.0987847}]}, "version": 1151, "at": 1724635356.0987847}
{"obj": {"type": "LogStrings", "path": ["monitoring", "59169b80", "stdout"], "values": [{"value": " ", "step": null, "ts": 1724635356.0987847}]}, "version": 1152, "at": 1724635356.0987847}
{"obj": {"type": "LogStrings", "path": ["monitoring", "59169b80", "stdout"], "values": [{"value": " new_y = ", "step": null, "ts": 1724635356.0987847}]}, "version": 1153, "at": 1724635356.0987847}
{"obj": {"type": "LogStrings", "path": ["monitoring", "59169b80", "stdout"], "values": [{"value": " ", "step": null, "ts": 1724635356.0987847}]}, "version": 1154, "at": 1724635356.0987847}
{"obj": {"type": "LogStrings", "path": ["monitoring", "59169b80", "stdout"], "values": [{"value": "1.7076462254363338", "step": null, "ts": 1724635356.0987847}]}, "version": 1155, "at": 1724635356.0987847}
{"obj": {"type": "LogStrings", "path": ["monitoring", "59169b80", "stdout"], "values": [{"value": "\n", "step": null, "ts": 1724635356.0987847}]}, "version": 1156, "at": 1724635356.0987847}
{"obj": {"type": "LogStrings", "path": ["monitoring", "59169b80", "stdout"], "values": [{"value": "Drone2 moved with speed vector [3, 2, 0] with duration 2", "step": null, "ts": 1724635356.5025759}]}, "version": 1157, "at": 1724635356.5025759}
{"obj": {"type": "LogStrings", "path": ["monitoring", "59169b80", "stdout"], "values": [{"value": "\n", "step": null, "ts": 1724635356.5025759}]}, "version": 1158, "at": 1724635356.5025759}
{"obj": {"type": "LogStrings", "path": ["monitoring", "59169b80", "stdout"], "values": [{"value": "drone 2 ", "step": null, "ts": 1724635356.5025759}]}, "version": 1159, "at": 1724635356.5025759}
{"obj": {"type": "LogStrings", "path": ["monitoring", "59169b80", "stdout"], "values": [{"value": " ", "step": null, "ts": 1724635356.5025759}]}, "version": 1160, "at": 1724635356.5025759}
{"obj": {"type": "LogStrings", "path": ["monitoring", "59169b80", "stdout"], "values": [{"value": "(6, 0, 0)", "step": null, "ts": 1724635356.5025759}]}, "version": 1161, "at": 1724635356.5025759}
{"obj": {"type": "LogStrings", "path": ["monitoring", "59169b80", "stdout"], "values": [{"value": "\n", "step": null, "ts": 1724635356.5025759}]}, "version": 1162, "at": 1724635356.5025759}
{"obj": {"type": "LogStrings", "path": ["monitoring", "59169b80", "stdout"], "values": [{"value": "Drone1 moved with speed vector [4.522089264122059, 1.7076462254363338, 0] with duration 1", "step": null, "ts": 1724635357.1191971}]}, "version": 1163, "at": 1724635357.1191971}
{"obj": {"type": "LogStrings", "path": ["monitoring", "59169b80", "stdout"], "values": [{"value": "\n", "step": null, "ts": 1724635357.120233}]}, "version": 1164, "at": 1724635357.120233}
{"obj": {"type": "LogStrings", "path": ["monitoring", "59169b80", "stdout"], "values": [{"value": "rc=0 , rfov=0 , rd=-2.0686825770895805 , rdir = 0.10140756607055663 , robs= 0 , r_v=0 , r_ang= -1.0559894018149574 , rf=-50 ", "step": null, "ts": 1724635357.121196}]}, "version": 1165, "at": 1724635357.121196}
{"obj": {"type": "LogStrings", "path": ["monitoring", "59169b80", "stdout"], "values": [{"value": "\n", "step": null, "ts": 1724635357.121196}]}, "version": 1166, "at": 1724635357.121196}
{"obj": {"type": "LogStrings", "path": ["monitoring", "59169b80", "stdout"], "values": [{"value": "next state ", "step": null, "ts": 1724635357.1221972}]}, "version": 1167, "at": 1724635357.1221972}
{"obj": {"type": "LogStrings", "path": ["monitoring", "59169b80", "stdout"], "values": [{"value": " ", "step": null, "ts": 1724635357.1221972}]}, "version": 1168, "at": 1724635357.1221972}
{"obj": {"type": "LogStrings", "path": ["monitoring", "59169b80", "stdout"], "values": [{"value": "[-0.10016698837280273, -0.05534969965616862, -0.06174425681432088, -0.020165574550628663, -0.06596295833587647, -0.049155970414479576, 0.6626433867686313, 0.31923050132072844, 0.0008547399938106538, 0.0012777588691240476, 0.0008882545679807664, 0.0012995476192898222, 0.0009440236911177636, 0.0010866787404189876, 15.070378303527832, 15.070378303527832, 15.070378303527832, 15.070378303527832, 15.070378303527832, 15.070378303527832, 15.070378303527832, 15.070378303527832, 15.070378303527832]", "step": null, "ts": 1724635357.1221972}]}, "version": 1169, "at": 1724635357.1221972}
{"obj": {"type": "LogStrings", "path": ["monitoring", "59169b80", "stdout"], "values": [{"value": "\n", "step": null, "ts": 1724635357.1221972}]}, "version": 1170, "at": 1724635357.1221972}
{"obj": {"type": "LogStrings", "path": ["monitoring", "59169b80", "stdout"], "values": [{"value": "action ", "step": null, "ts": 1724635357.1231961}]}, "version": 1171, "at": 1724635357.1231961}
{"obj": {"type": "LogStrings", "path": ["monitoring", "59169b80", "stdout"], "values": [{"value": " ", "step": null, "ts": 1724635357.1231961}]}, "version": 1172, "at": 1724635357.1231961}
{"obj": {"type": "LogStrings", "path": ["monitoring", "59169b80", "stdout"], "values": [{"value": "46", "step": null, "ts": 1724635357.1231961}]}, "version": 1173, "at": 1724635357.1231961}
{"obj": {"type": "LogStrings", "path": ["monitoring", "59169b80", "stdout"], "values": [{"value": "\n", "step": null, "ts": 1724635357.1231961}]}, "version": 1174, "at": 1724635357.1231961}
{"obj": {"type": "LogStrings", "path": ["monitoring", "59169b80", "stdout"], "values": [{"value": "Found 1 cylinders in image", "step": null, "ts": 1724635357.22602}]}, "version": 1175, "at": 1724635357.22602}
{"obj": {"type": "LogStrings", "path": ["monitoring", "59169b80", "stdout"], "values": [{"value": "\n", "step": null, "ts": 1724635357.2275536}]}, "version": 1176, "at": 1724635357.2275536}
{"obj": {"type": "LogStrings", "path": ["monitoring", "59169b80", "stdout"], "values": [{"value": "new_x = ", "step": null, "ts": 1724635357.2325573}]}, "version": 1177, "at": 1724635357.2325573}
{"obj": {"type": "LogStrings", "path": ["monitoring", "59169b80", "stdout"], "values": [{"value": " ", "step": null, "ts": 1724635357.2325573}]}, "version": 1178, "at": 1724635357.2325573}
{"obj": {"type": "LogStrings", "path": ["monitoring", "59169b80", "stdout"], "values": [{"value": "-0.7938019296793222", "step": null, "ts": 1724635357.2350776}]}, "version": 1179, "at": 1724635357.2350776}
{"obj": {"type": "LogStrings", "path": ["monitoring", "59169b80", "stdout"], "values": [{"value": " ", "step": null, "ts": 1724635357.2350776}]}, "version": 1180, "at": 1724635357.2350776}
{"obj": {"type": "LogStrings", "path": ["monitoring", "59169b80", "stdout"], "values": [{"value": " new_y = ", "step": null, "ts": 1724635357.2350776}]}, "version": 1181, "at": 1724635357.2350776}
{"obj": {"type": "LogStrings", "path": ["monitoring", "59169b80", "stdout"], "values": [{"value": " ", "step": null, "ts": 1724635357.2355835}]}, "version": 1182, "at": 1724635357.2355835}
{"obj": {"type": "LogStrings", "path": ["monitoring", "59169b80", "stdout"], "values": [{"value": "-2.1208476036341684", "step": null, "ts": 1724635357.2355835}]}, "version": 1183, "at": 1724635357.2355835}
{"obj": {"type": "LogStrings", "path": ["monitoring", "59169b80", "stdout"], "values": [{"value": "\n", "step": null, "ts": 1724635357.2355835}]}, "version": 1184, "at": 1724635357.2355835}
{"obj": {"type": "LogStrings", "path": ["monitoring", "59169b80", "stdout"], "values": [{"value": "Drone1 moved with speed vector [-0.7938019296793222, -2.1208476036341684, 0] with duration 1", "step": null, "ts": 1724635358.2514586}]}, "version": 1185, "at": 1724635358.2514586}
{"obj": {"type": "LogStrings", "path": ["monitoring", "59169b80", "stdout"], "values": [{"value": "\n", "step": null, "ts": 1724635358.2514586}]}, "version": 1186, "at": 1724635358.2514586}
{"obj": {"type": "LogStrings", "path": ["monitoring", "59169b80", "stdout"], "values": [{"value": "rc=0 , rfov=0 , rd=-1.9936713347923842 , rdir = 0.09380487442016602 , robs= 0 , r_v=0 , r_ang= -1.063045788802981 , rf=-50 ", "step": null, "ts": 1724635358.2533767}]}, "version": 1187, "at": 1724635358.2533767}
{"obj": {"type": "LogStrings", "path": ["monitoring", "59169b80", "stdout"], "values": [{"value": "\n", "step": null, "ts": 1724635358.2533767}]}, "version": 1188, "at": 1724635358.2533767}
{"obj": {"type": "LogStrings", "path": ["monitoring", "59169b80", "stdout"], "values": [{"value": "next state ", "step": null, "ts": 1724635358.2543774}]}, "version": 1189, "at": 1724635358.2543774}
{"obj": {"type": "LogStrings", "path": ["monitoring", "59169b80", "stdout"], "values": [{"value": " ", "step": null, "ts": 1724635358.2548854}]}, "version": 1190, "at": 1724635358.2548854}
{"obj": {"type": "LogStrings", "path": ["monitoring", "59169b80", "stdout"], "values": [{"value": "[-0.10844481786092122, -0.043390170733133955, -0.07811013062795004, -0.10016698837280273, -0.05534969965616862, -0.06174425681432088, 0.6310000607305528, 0.6626433867686313, 0.000854668729007244, 0.00027998197225876796, 0.0008547399938106538, 0.0012777588691240476, 0.0008882545679807664, 0.0012995476192898222, 14.6902437210083, 14.6902437210083, 14.6902437210083, 14.6902437210083, 14.6902437210083, 14.6902437210083, 14.6902437210083, 14.6902437210083, 14.6902437210083]", "step": null, "ts": 1724635358.2548854}]}, "version": 1191, "at": 1724635358.2548854}
{"obj": {"type": "LogStrings", "path": ["monitoring", "59169b80", "stdout"], "values": [{"value": "\n", "step": null, "ts": 1724635358.2548854}]}, "version": 1192, "at": 1724635358.2548854}
{"obj": {"type": "LogStrings", "path": ["monitoring", "59169b80", "stdout"], "values": [{"value": "action ", "step": null, "ts": 1724635358.2558932}]}, "version": 1193, "at": 1724635358.2558932}
{"obj": {"type": "LogStrings", "path": ["monitoring", "59169b80", "stdout"], "values": [{"value": " ", "step": null, "ts": 1724635358.2558932}]}, "version": 1194, "at": 1724635358.2558932}
{"obj": {"type": "LogStrings", "path": ["monitoring", "59169b80", "stdout"], "values": [{"value": "246", "step": null, "ts": 1724635358.2558932}]}, "version": 1195, "at": 1724635358.2558932}
{"obj": {"type": "LogStrings", "path": ["monitoring", "59169b80", "stdout"], "values": [{"value": "\n", "step": null, "ts": 1724635358.2568939}]}, "version": 1196, "at": 1724635358.2568939}
{"obj": {"type": "LogStrings", "path": ["monitoring", "59169b80", "stdout"], "values": [{"value": "Found 1 cylinders in image", "step": null, "ts": 1724635358.337998}]}, "version": 1197, "at": 1724635358.337998}
{"obj": {"type": "LogStrings", "path": ["monitoring", "59169b80", "stdout"], "values": [{"value": "\n", "step": null, "ts": 1724635358.3399992}]}, "version": 1198, "at": 1724635358.3399992}
{"obj": {"type": "LogStrings", "path": ["monitoring", "59169b80", "stdout"], "values": [{"value": "new_x = ", "step": null, "ts": 1724635358.3445067}]}, "version": 1199, "at": 1724635358.3445067}
{"obj": {"type": "LogStrings", "path": ["monitoring", "59169b80", "stdout"], "values": [{"value": " ", "step": null, "ts": 1724635358.3450136}]}, "version": 1200, "at": 1724635358.3450136}
{"obj": {"type": "LogStrings", "path": ["monitoring", "59169b80", "stdout"], "values": [{"value": "-0.5301313341675136", "step": null, "ts": 1724635358.3450136}]}, "version": 1201, "at": 1724635358.3450136}
{"obj": {"type": "LogStrings", "path": ["monitoring", "59169b80", "stdout"], "values": [{"value": " ", "step": null, "ts": 1724635358.3450136}]}, "version": 1202, "at": 1724635358.3450136}
{"obj": {"type": "LogStrings", "path": ["monitoring", "59169b80", "stdout"], "values": [{"value": " new_y = ", "step": null, "ts": 1724635358.3450136}]}, "version": 1203, "at": 1724635358.3450136}
{"obj": {"type": "LogStrings", "path": ["monitoring", "59169b80", "stdout"], "values": [{"value": " ", "step": null, "ts": 1724635358.3462062}]}, "version": 1204, "at": 1724635358.3462062}
{"obj": {"type": "LogStrings", "path": ["monitoring", "59169b80", "stdout"], "values": [{"value": "0.5459211493027343", "step": null, "ts": 1724635358.3462062}]}, "version": 1205, "at": 1724635358.3462062}
{"obj": {"type": "LogStrings", "path": ["monitoring", "59169b80", "stdout"], "values": [{"value": "\n", "step": null, "ts": 1724635358.3462062}]}, "version": 1206, "at": 1724635358.3462062}
{"obj": {"type": "LogStrings", "path": ["monitoring", "59169b80", "stdout"], "values": [{"value": "Drone2 moved with speed vector [6, 0, 0] with duration 2", "step": null, "ts": 1724635358.5440438}]}, "version": 1207, "at": 1724635358.5440438}
{"obj": {"type": "LogStrings", "path": ["monitoring", "59169b80", "stdout"], "values": [{"value": "\n", "step": null, "ts": 1724635358.5440438}]}, "version": 1208, "at": 1724635358.5440438}
{"obj": {"type": "LogStrings", "path": ["monitoring", "59169b80", "stdout"], "values": [{"value": "drone 2 ", "step": null, "ts": 1724635358.5440438}]}, "version": 1209, "at": 1724635358.5440438}
{"obj": {"type": "LogStrings", "path": ["monitoring", "59169b80", "stdout"], "values": [{"value": " ", "step": null, "ts": 1724635358.5440438}]}, "version": 1210, "at": 1724635358.5440438}
{"obj": {"type": "LogStrings", "path": ["monitoring", "59169b80", "stdout"], "values": [{"value": "(6, -4, 0)", "step": null, "ts": 1724635358.5450501}]}, "version": 1211, "at": 1724635358.5450501}
{"obj": {"type": "LogStrings", "path": ["monitoring", "59169b80", "stdout"], "values": [{"value": "\n", "step": null, "ts": 1724635358.5450501}]}, "version": 1212, "at": 1724635358.5450501}
{"obj": {"type": "LogStrings", "path": ["monitoring", "59169b80", "stdout"], "values": [{"value": "Drone2 moved with speed vector [6, -4, 0] with duration 2", "step": null, "ts": 1724635360.59281}]}, "version": 1213, "at": 1724635360.59281}
{"obj": {"type": "LogStrings", "path": ["monitoring", "59169b80", "stdout"], "values": [{"value": "\n", "step": null, "ts": 1724635360.59281}]}, "version": 1214, "at": 1724635360.59281}
{"obj": {"type": "LogStrings", "path": ["monitoring", "59169b80", "stdout"], "values": [{"value": "drone 2 ", "step": null, "ts": 1724635360.5943205}]}, "version": 1215, "at": 1724635360.5943205}
{"obj": {"type": "LogStrings", "path": ["monitoring", "59169b80", "stdout"], "values": [{"value": " ", "step": null, "ts": 1724635360.5958765}]}, "version": 1216, "at": 1724635360.5958765}
{"obj": {"type": "LogStrings", "path": ["monitoring", "59169b80", "stdout"], "values": [{"value": "(9, 0, 0)", "step": null, "ts": 1724635360.59608}]}, "version": 1217, "at": 1724635360.59608}
{"obj": {"type": "LogStrings", "path": ["monitoring", "59169b80", "stdout"], "values": [{"value": "\n", "step": null, "ts": 1724635360.59608}]}, "version": 1218, "at": 1724635360.59608}
{"obj": {"type": "LogStrings", "path": ["monitoring", "59169b80", "stdout"], "values": [{"value": "Drone1 moved with speed vector [-0.5301313341675136, 0.5459211493027343, 0] with duration 3", "step": null, "ts": 1724635361.4050372}]}, "version": 1219, "at": 1724635361.4050372}
{"obj": {"type": "LogStrings", "path": ["monitoring", "59169b80", "stdout"], "values": [{"value": "\n", "step": null, "ts": 1724635361.4060483}]}, "version": 1220, "at": 1724635361.4060483}
{"obj": {"type": "LogStrings", "path": ["monitoring", "59169b80", "stdout"], "values": [{"value": "rc=0 , rfov=0 , rd=-2.013443311720463 , rdir = 0.10646383285522461 , robs= 0 , r_v=0 , r_ang= -1.0520999053686308 , rf=-50 ", "step": null, "ts": 1724635361.4070547}]}, "version": 1221, "at": 1724635361.4080627}
{"obj": {"type": "LogStrings", "path": ["monitoring", "59169b80", "stdout"], "values": [{"value": "\n", "step": null, "ts": 1724635361.4080627}]}, "version": 1222, "at": 1724635361.4080627}
{"obj": {"type": "LogStrings", "path": ["monitoring", "59169b80", "stdout"], "values": [{"value": "next state ", "step": null, "ts": 1724635361.409053}]}, "version": 1223, "at": 1724635361.409053}
{"obj": {"type": "LogStrings", "path": ["monitoring", "59169b80", "stdout"], "values": [{"value": " ", "step": null, "ts": 1724635361.4100559}]}, "version": 1224, "at": 1724635361.4100559}
{"obj": {"type": "LogStrings", "path": ["monitoring", "59169b80", "stdout"], "values": [{"value": "[-0.0970749060312907, -0.042384843031565346, -0.0863342523574829, -0.10844481786092122, -0.043390170733133955, -0.07811013062795004, 0.6982166193328669, 0.6310000607305528, 0.0009034540504217148, 0.0017793976819073711, 0.000854668729007244, 0.00027998197225876796, 0.0008547399938106538, 0.0012777588691240476, 15.038187980651855, 15.038187980651855, 15.32319164276123, 15.32319164276123, 15.32319164276123, 15.32319164276123, 15.32319164276123, 15.32319164276123, 15.32319164276123]", "step": null, "ts": 1724635361.4100559}]}, "version": 1225, "at": 1724635361.4100559}
{"obj": {"type": "LogStrings", "path": ["monitoring", "59169b80", "stdout"], "values": [{"value": "\n", "step": null, "ts": 1724635361.4110568}]}, "version": 1226, "at": 1724635361.4110568}
{"obj": {"type": "LogStrings", "path": ["monitoring", "59169b80", "stdout"], "values": [{"value": "action ", "step": null, "ts": 1724635361.4110568}]}, "version": 1227, "at": 1724635361.4110568}
{"obj": {"type": "LogStrings", "path": ["monitoring", "59169b80", "stdout"], "values": [{"value": " ", "step": null, "ts": 1724635361.4110568}]}, "version": 1228, "at": 1724635361.4110568}
{"obj": {"type": "LogStrings", "path": ["monitoring", "59169b80", "stdout"], "values": [{"value": "126", "step": null, "ts": 1724635361.4110568}]}, "version": 1229, "at": 1724635361.4110568}
{"obj": {"type": "LogStrings", "path": ["monitoring", "59169b80", "stdout"], "values": [{"value": "\n", "step": null, "ts": 1724635361.4110568}]}, "version": 1230, "at": 1724635361.4110568}
{"obj": {"type": "LogStrings", "path": ["monitoring", "59169b80", "stdout"], "values": [{"value": "Found 1 cylinders in image", "step": null, "ts": 1724635361.559443}]}, "version": 1231, "at": 1724635361.559443}
{"obj": {"type": "LogStrings", "path": ["monitoring", "59169b80", "stdout"], "values": [{"value": "\n", "step": null, "ts": 1724635361.562446}]}, "version": 1232, "at": 1724635361.562446}
{"obj": {"type": "LogStrings", "path": ["monitoring", "59169b80", "stdout"], "values": [{"value": "new_x = ", "step": null, "ts": 1724635361.5699701}]}, "version": 1233, "at": 1724635361.5699701}
{"obj": {"type": "LogStrings", "path": ["monitoring", "59169b80", "stdout"], "values": [{"value": " ", "step": null, "ts": 1724635361.5709708}]}, "version": 1234, "at": 1724635361.5709708}
{"obj": {"type": "LogStrings", "path": ["monitoring", "59169b80", "stdout"], "values": [{"value": "-0.9214694313397408", "step": null, "ts": 1724635361.5709708}]}, "version": 1235, "at": 1724635361.5709708}
{"obj": {"type": "LogStrings", "path": ["monitoring", "59169b80", "stdout"], "values": [{"value": " ", "step": null, "ts": 1724635361.5709708}]}, "version": 1236, "at": 1724635361.5709708}
{"obj": {"type": "LogStrings", "path": ["monitoring", "59169b80", "stdout"], "values": [{"value": " new_y = ", "step": null, "ts": 1724635361.5709708}]}, "version": 1237, "at": 1724635361.5709708}
{"obj": {"type": "LogStrings", "path": ["monitoring", "59169b80", "stdout"], "values": [{"value": " ", "step": null, "ts": 1724635361.5709708}]}, "version": 1238, "at": 1724635361.571975}
{"obj": {"type": "LogStrings", "path": ["monitoring", "59169b80", "stdout"], "values": [{"value": "0.19345072137081112", "step": null, "ts": 1724635361.571975}]}, "version": 1239, "at": 1724635361.571975}
{"obj": {"type": "LogStrings", "path": ["monitoring", "59169b80", "stdout"], "values": [{"value": "\n", "step": null, "ts": 1724635361.571975}]}, "version": 1240, "at": 1724635361.571975}
{"obj": {"type": "LogFloats", "path": ["monitoring", "59169b80", "cpu"], "values": [{"value": 12.9, "step": null, "ts": 1724635361.7205834}]}, "version": 1241, "at": 1724635361.7570374}
{"obj": {"type": "LogFloats", "path": ["monitoring", "59169b80", "memory"], "values": [{"value": 13.243385314941406, "step": null, "ts": 1724635361.7205834}]}, "version": 1242, "at": 1724635361.7580416}
{"obj": {"type": "LogFloats", "path": ["monitoring", "59169b80", "gpu"], "values": [{"value": 24.0, "step": null, "ts": 1724635361.7205834}]}, "version": 1243, "at": 1724635361.7580416}
{"obj": {"type": "LogFloats", "path": ["monitoring", "59169b80", "gpu_memory"], "values": [{"value": 1.2941627502441406, "step": null, "ts": 1724635361.7205834}]}, "version": 1244, "at": 1724635361.7580416}
{"obj": {"type": "LogFloats", "path": ["monitoring", "59169b80", "gpu_power"], "values": [{"value": 13.071, "step": null, "ts": 1724635361.7205834}]}, "version": 1245, "at": 1724635361.7580416}
{"obj": {"type": "LogStrings", "path": ["monitoring", "59169b80", "stdout"], "values": [{"value": "Drone2 moved with speed vector [9, 0, 0] with duration 2", "step": null, "ts": 1724635362.6429446}]}, "version": 1246, "at": 1724635362.6429446}
{"obj": {"type": "LogStrings", "path": ["monitoring", "59169b80", "stdout"], "values": [{"value": "\n", "step": null, "ts": 1724635362.6429446}]}, "version": 1247, "at": 1724635362.6429446}
{"obj": {"type": "LogStrings", "path": ["monitoring", "59169b80", "stdout"], "values": [{"value": "drone 2 ", "step": null, "ts": 1724635362.6429446}]}, "version": 1248, "at": 1724635362.6429446}
{"obj": {"type": "LogStrings", "path": ["monitoring", "59169b80", "stdout"], "values": [{"value": " ", "step": null, "ts": 1724635362.6439447}]}, "version": 1249, "at": 1724635362.6439447}
{"obj": {"type": "LogStrings", "path": ["monitoring", "59169b80", "stdout"], "values": [{"value": "(0, 0, 0)", "step": null, "ts": 1724635362.644447}]}, "version": 1250, "at": 1724635362.644447}
{"obj": {"type": "LogStrings", "path": ["monitoring", "59169b80", "stdout"], "values": [{"value": "\n", "step": null, "ts": 1724635362.644447}]}, "version": 1251, "at": 1724635362.644447}
{"obj": {"type": "LogStrings", "path": ["monitoring", "59169b80", "stdout"], "values": [{"value": "Drone1 moved with speed vector [-0.9214694313397408, 0.19345072137081112, 0] with duration 2", "step": null, "ts": 1724635363.5949564}]}, "version": 1252, "at": 1724635363.5949564}
{"obj": {"type": "LogStrings", "path": ["monitoring", "59169b80", "stdout"], "values": [{"value": "\n", "step": null, "ts": 1724635363.5949564}]}, "version": 1253, "at": 1724635363.5949564}
{"obj": {"type": "LogStrings", "path": ["monitoring", "59169b80", "stdout"], "values": [{"value": "rc=0 , rfov=0 , rd=-2.0414416200723875 , rdir = 0.0932509994506836 , robs= 0 , r_v=0 , r_ang= -1.0557564505545058 , rf=-50 ", "step": null, "ts": 1724635363.5962238}]}, "version": 1254, "at": 1724635363.5962238}
{"obj": {"type": "LogStrings", "path": ["monitoring", "59169b80", "stdout"], "values": [{"value": "\n", "step": null, "ts": 1724635363.5962238}]}, "version": 1255, "at": 1724635363.5962238}
{"obj": {"type": "LogStrings", "path": ["monitoring", "59169b80", "stdout"], "values": [{"value": "next state ", "step": null, "ts": 1724635363.5972483}]}, "version": 1256, "at": 1724635363.5972483}
{"obj": {"type": "LogStrings", "path": ["monitoring", "59169b80", "stdout"], "values": [{"value": " ", "step": null, "ts": 1724635363.5972483}]}, "version": 1257, "at": 1724635363.5972483}
{"obj": {"type": "LogStrings", "path": ["monitoring", "59169b80", "stdout"], "values": [{"value": "[-0.10695363680521647, -0.04092473983764648, -0.08685080210367839, -0.0970749060312907, -0.042384843031565346, -0.0863342523574829, 0.9054247196948038, 0.6982166193328669, 0.0008688281103968621, 0.0012966170723055616, 0.0009034540504217148, 0.0017793976819073711, 0.000854668729007244, 0.00027998197225876796, 14.66254997253418, 14.66254997253418, 14.66254997253418, 14.66254997253418, 14.66254997253418, 14.66254997253418, 14.66254997253418, 14.66254997253418, 14.66254997253418]", "step": null, "ts": 1724635363.5972483}]}, "version": 1258, "at": 1724635363.5972483}
{"obj": {"type": "LogStrings", "path": ["monitoring", "59169b80", "stdout"], "values": [{"value": "\n", "step": null, "ts": 1724635363.5982282}]}, "version": 1259, "at": 1724635363.5982282}
{"obj": {"type": "LogStrings", "path": ["monitoring", "59169b80", "stdout"], "values": [{"value": "action ", "step": null, "ts": 1724635363.5982282}]}, "version": 1260, "at": 1724635363.5982282}
{"obj": {"type": "LogStrings", "path": ["monitoring", "59169b80", "stdout"], "values": [{"value": " ", "step": null, "ts": 1724635363.5982282}]}, "version": 1261, "at": 1724635363.5982282}
{"obj": {"type": "LogStrings", "path": ["monitoring", "59169b80", "stdout"], "values": [{"value": "251", "step": null, "ts": 1724635363.5982282}]}, "version": 1262, "at": 1724635363.5982282}
{"obj": {"type": "LogStrings", "path": ["monitoring", "59169b80", "stdout"], "values": [{"value": "\n", "step": null, "ts": 1724635363.5992274}]}, "version": 1263, "at": 1724635363.5992274}
{"obj": {"type": "LogStrings", "path": ["monitoring", "59169b80", "stdout"], "values": [{"value": "Found 1 cylinders in image", "step": null, "ts": 1724635364.1687195}]}, "version": 1264, "at": 1724635364.1687195}
{"obj": {"type": "LogStrings", "path": ["monitoring", "59169b80", "stdout"], "values": [{"value": "\n", "step": null, "ts": 1724635364.172607}]}, "version": 1265, "at": 1724635364.172607}
{"obj": {"type": "LogStrings", "path": ["monitoring", "59169b80", "stdout"], "values": [{"value": "new_x = ", "step": null, "ts": 1724635364.179677}]}, "version": 1266, "at": 1724635364.179677}
{"obj": {"type": "LogStrings", "path": ["monitoring", "59169b80", "stdout"], "values": [{"value": " ", "step": null, "ts": 1724635364.179677}]}, "version": 1267, "at": 1724635364.179677}
{"obj": {"type": "LogStrings", "path": ["monitoring", "59169b80", "stdout"], "values": [{"value": "0.02321930281054183", "step": null, "ts": 1724635364.179677}]}, "version": 1268, "at": 1724635364.179677}
{"obj": {"type": "LogStrings", "path": ["monitoring", "59169b80", "stdout"], "values": [{"value": " ", "step": null, "ts": 1724635364.1805627}]}, "version": 1269, "at": 1724635364.1805627}
{"obj": {"type": "LogStrings", "path": ["monitoring", "59169b80", "stdout"], "values": [{"value": " new_y = ", "step": null, "ts": 1724635364.1805627}]}, "version": 1270, "at": 1724635364.1805627}
{"obj": {"type": "LogStrings", "path": ["monitoring", "59169b80", "stdout"], "values": [{"value": " ", "step": null, "ts": 1724635364.1805627}]}, "version": 1271, "at": 1724635364.1805627}
{"obj": {"type": "LogStrings", "path": ["monitoring", "59169b80", "stdout"], "values": [{"value": "-0.8150953655945292", "step": null, "ts": 1724635364.1805627}]}, "version": 1272, "at": 1724635364.1805627}
{"obj": {"type": "LogStrings", "path": ["monitoring", "59169b80", "stdout"], "values": [{"value": "\n", "step": null, "ts": 1724635364.1805627}]}, "version": 1273, "at": 1724635364.1805627}
{"obj": {"type": "LogStrings", "path": ["monitoring", "59169b80", "stdout"], "values": [{"value": "Drone2 moved with speed vector [0, 0, 0] with duration 2", "step": null, "ts": 1724635364.6609814}]}, "version": 1274, "at": 1724635364.6609814}
{"obj": {"type": "LogStrings", "path": ["monitoring", "59169b80", "stdout"], "values": [{"value": "\n", "step": null, "ts": 1724635364.6609814}]}, "version": 1275, "at": 1724635364.6609814}
{"obj": {"type": "LogStrings", "path": ["monitoring", "59169b80", "stdout"], "values": [{"value": "after thread target ", "step": null, "ts": 1724635364.6609814}]}, "version": 1276, "at": 1724635364.6609814}
{"obj": {"type": "LogStrings", "path": ["monitoring", "59169b80", "stdout"], "values": [{"value": " ", "step": null, "ts": 1724635364.6609814}]}, "version": 1277, "at": 1724635364.6609814}
{"obj": {"type": "LogStrings", "path": ["monitoring", "59169b80", "stdout"], "values": [{"value": "1", "step": null, "ts": 1724635364.6609814}]}, "version": 1278, "at": 1724635364.6609814}
{"obj": {"type": "LogStrings", "path": ["monitoring", "59169b80", "stdout"], "values": [{"value": "\n", "step": null, "ts": 1724635364.6609814}]}, "version": 1279, "at": 1724635364.6609814}
{"obj": {"type": "LogStrings", "path": ["monitoring", "59169b80", "stdout"], "values": [{"value": "Drone1 moved with speed vector [0.02321930281054183, -0.8150953655945292, 0] with duration 3", "step": null, "ts": 1724635367.1883237}]}, "version": 1280, "at": 1724635367.1883237}
{"obj": {"type": "LogStrings", "path": ["monitoring", "59169b80", "stdout"], "values": [{"value": "\n", "step": null, "ts": 1724635367.1883237}]}, "version": 1281, "at": 1724635367.1883237}
{"obj": {"type": "LogStrings", "path": ["monitoring", "59169b80", "stdout"], "values": [{"value": "rc=0 , rfov=0 , rd=-2.0230874648993447 , rdir = 0.09706897735595704 , robs= 0 , r_v=0 , r_ang= -1.0578158476767752 , rf=-50 ", "step": null, "ts": 1724635367.1904306}]}, "version": 1282, "at": 1724635367.1904306}
{"obj": {"type": "LogStrings", "path": ["monitoring", "59169b80", "stdout"], "values": [{"value": "\n", "step": null, "ts": 1724635367.1904306}]}, "version": 1283, "at": 1724635367.1904306}
{"obj": {"type": "LogStrings", "path": ["monitoring", "59169b80", "stdout"], "values": [{"value": "next state ", "step": null, "ts": 1724635367.1904306}]}, "version": 1284, "at": 1724635367.1904306}
{"obj": {"type": "LogStrings", "path": ["monitoring", "59169b80", "stdout"], "values": [{"value": " ", "step": null, "ts": 1724635367.1904306}]}, "version": 1285, "at": 1724635367.1904306}
{"obj": {"type": "LogStrings", "path": ["monitoring", "59169b80", "stdout"], "values": [{"value": "[-0.12279383341471355, -0.034971201419830324, -0.0862036148707072, -0.10695363680521647, -0.04092473983764648, -0.08685080210367839, 1.0208620441915262, 0.9054247196948038, 0.000864403396844864, 0.0010097179295104227, 0.0008688281103968621, 0.0012966170723055616, 0.0009034540504217148, 0.0017793976819073711, 14.853448867797852, 14.853448867797852, 14.853448867797852, 14.853448867797852, 14.853448867797852, 14.853448867797852, 14.853448867797852, 14.853448867797852, 14.853448867797852]", "step": null, "ts": 1724635367.1904306}]}, "version": 1286, "at": 1724635367.1904306}
{"obj": {"type": "LogStrings", "path": ["monitoring", "59169b80", "stdout"], "values": [{"value": "\n", "step": null, "ts": 1724635367.191323}]}, "version": 1287, "at": 1724635367.191323}
{"obj": {"type": "LogStrings", "path": ["monitoring", "59169b80", "stdout"], "values": [{"value": "after thread drone ", "step": null, "ts": 1724635367.191323}]}, "version": 1288, "at": 1724635367.191323}
{"obj": {"type": "LogStrings", "path": ["monitoring", "59169b80", "stdout"], "values": [{"value": " ", "step": null, "ts": 1724635367.191323}]}, "version": 1289, "at": 1724635367.191323}
{"obj": {"type": "LogStrings", "path": ["monitoring", "59169b80", "stdout"], "values": [{"value": "1", "step": null, "ts": 1724635367.191323}]}, "version": 1290, "at": 1724635367.191323}
{"obj": {"type": "LogStrings", "path": ["monitoring", "59169b80", "stdout"], "values": [{"value": "\n", "step": null, "ts": 1724635367.191323}]}, "version": 1291, "at": 1724635367.191323}
{"obj": {"type": "LogFloats", "path": ["reward"], "values": [{"value": -423.76396386196166, "step": null, "ts": 1724635367.192326}]}, "version": 1292, "at": 1724635367.192326}
{"obj": {"type": "LogFloats", "path": ["epsilon"], "values": [{"value": 0.9932908370067983, "step": null, "ts": 1724635367.192326}]}, "version": 1293, "at": 1724635367.192326}
{"obj": {"type": "LogStrings", "path": ["monitoring", "59169b80", "stdout"], "values": [{"value": "episode ", "step": null, "ts": 1724635367.192326}]}, "version": 1294, "at": 1724635367.192326}
{"obj": {"type": "LogStrings", "path": ["monitoring", "59169b80", "stdout"], "values": [{"value": " ", "step": null, "ts": 1724635367.192326}]}, "version": 1295, "at": 1724635367.192326}
{"obj": {"type": "LogStrings", "path": ["monitoring", "59169b80", "stdout"], "values": [{"value": "4", "step": null, "ts": 1724635367.192326}]}, "version": 1296, "at": 1724635367.192326}
{"obj": {"type": "LogStrings", "path": ["monitoring", "59169b80", "stdout"], "values": [{"value": "\n", "step": null, "ts": 1724635367.192326}]}, "version": 1297, "at": 1724635367.192326}
{"obj": {"type": "LogStrings", "path": ["monitoring", "59169b80", "stdout"], "values": [{"value": "reset", "step": null, "ts": 1724635367.192326}]}, "version": 1298, "at": 1724635367.192326}
{"obj": {"type": "LogStrings", "path": ["monitoring", "59169b80", "stdout"], "values": [{"value": "\n", "step": null, "ts": 1724635367.192326}]}, "version": 1299, "at": 1724635367.192326}
{"obj": {"type": "LogStrings", "path": ["monitoring", "59169b80", "stdout"], "values": [{"value": "Found 1 cylinders in image", "step": null, "ts": 1724635368.188211}]}, "version": 1300, "at": 1724635368.188211}
{"obj": {"type": "LogStrings", "path": ["monitoring", "59169b80", "stdout"], "values": [{"value": "\n", "step": null, "ts": 1724635368.1912117}]}, "version": 1301, "at": 1724635368.1912117}
{"obj": {"type": "LogFloats", "path": ["monitoring", "59169b80", "cpu"], "values": [{"value": 11.5, "step": null, "ts": 1724635371.7729392}]}, "version": 1302, "at": 1724635371.782084}
{"obj": {"type": "LogFloats", "path": ["monitoring", "59169b80", "memory"], "values": [{"value": 13.23990249633789, "step": null, "ts": 1724635371.7729392}]}, "version": 1303, "at": 1724635371.782084}
{"obj": {"type": "LogFloats", "path": ["monitoring", "59169b80", "gpu"], "values": [{"value": 22.0, "step": null, "ts": 1724635371.7729392}]}, "version": 1304, "at": 1724635371.782084}
{"obj": {"type": "LogFloats", "path": ["monitoring", "59169b80", "gpu_memory"], "values": [{"value": 1.2941627502441406, "step": null, "ts": 1724635371.7729392}]}, "version": 1305, "at": 1724635371.782084}
{"obj": {"type": "LogFloats", "path": ["monitoring", "59169b80", "gpu_power"], "values": [{"value": 6.197, "step": null, "ts": 1724635371.7729392}]}, "version": 1306, "at": 1724635371.782084}
{"obj": {"type": "LogStrings", "path": ["monitoring", "59169b80", "stdout"], "values": [{"value": "Drone1 moved with speed vector [1, 0, 0] with duration 2", "step": null, "ts": 1724635377.0897388}]}, "version": 1307, "at": 1724635377.0897388}
{"obj": {"type": "LogStrings", "path": ["monitoring", "59169b80", "stdout"], "values": [{"value": "\n", "step": null, "ts": 1724635377.0897388}]}, "version": 1308, "at": 1724635377.0897388}
{"obj": {"type": "LogStrings", "path": ["monitoring", "59169b80", "stdout"], "values": [{"value": "before threads ", "step": null, "ts": 1724635377.0897388}]}, "version": 1309, "at": 1724635377.0897388}
{"obj": {"type": "LogStrings", "path": ["monitoring", "59169b80", "stdout"], "values": [{"value": " ", "step": null, "ts": 1724635377.0907364}]}, "version": 1310, "at": 1724635377.0907364}
{"obj": {"type": "LogStrings", "path": ["monitoring", "59169b80", "stdout"], "values": [{"value": "0", "step": null, "ts": 1724635377.0907364}]}, "version": 1311, "at": 1724635377.0907364}
{"obj": {"type": "LogStrings", "path": ["monitoring", "59169b80", "stdout"], "values": [{"value": "\n", "step": null, "ts": 1724635377.0907364}]}, "version": 1312, "at": 1724635377.0907364}
{"obj": {"type": "LogStrings", "path": ["monitoring", "59169b80", "stdout"], "values": [{"value": "drone 2 ", "step": null, "ts": 1724635377.0907364}]}, "version": 1313, "at": 1724635377.0907364}
{"obj": {"type": "LogStrings", "path": ["monitoring", "59169b80", "stdout"], "values": [{"value": " ", "step": null, "ts": 1724635377.0907364}]}, "version": 1314, "at": 1724635377.0907364}
{"obj": {"type": "LogStrings", "path": ["monitoring", "59169b80", "stdout"], "values": [{"value": "(3, 0, 0)", "step": null, "ts": 1724635377.0917377}]}, "version": 1315, "at": 1724635377.0917377}
{"obj": {"type": "LogStrings", "path": ["monitoring", "59169b80", "stdout"], "values": [{"value": "\n", "step": null, "ts": 1724635377.0917377}]}, "version": 1316, "at": 1724635377.0917377}
{"obj": {"type": "LogStrings", "path": ["monitoring", "59169b80", "stdout"], "values": [{"value": "action ", "step": null, "ts": 1724635377.0917377}]}, "version": 1317, "at": 1724635377.0917377}
{"obj": {"type": "LogStrings", "path": ["monitoring", "59169b80", "stdout"], "values": [{"value": " ", "step": null, "ts": 1724635377.0927372}]}, "version": 1318, "at": 1724635377.0927372}
{"obj": {"type": "LogStrings", "path": ["monitoring", "59169b80", "stdout"], "values": [{"value": "264", "step": null, "ts": 1724635377.0927372}]}, "version": 1319, "at": 1724635377.0927372}
{"obj": {"type": "LogStrings", "path": ["monitoring", "59169b80", "stdout"], "values": [{"value": "\n", "step": null, "ts": 1724635377.0927372}]}, "version": 1320, "at": 1724635377.0927372}
{"obj": {"type": "LogStrings", "path": ["monitoring", "59169b80", "stdout"], "values": [{"value": "Found 1 cylinders in image", "step": null, "ts": 1724635377.5668342}]}, "version": 1321, "at": 1724635377.5668342}
{"obj": {"type": "LogStrings", "path": ["monitoring", "59169b80", "stdout"], "values": [{"value": "\n", "step": null, "ts": 1724635377.5678368}]}, "version": 1322, "at": 1724635377.5678368}
{"obj": {"type": "LogStrings", "path": ["monitoring", "59169b80", "stdout"], "values": [{"value": "new_x = ", "step": null, "ts": 1724635377.5713594}]}, "version": 1323, "at": 1724635377.5713594}
{"obj": {"type": "LogStrings", "path": ["monitoring", "59169b80", "stdout"], "values": [{"value": " ", "step": null, "ts": 1724635377.5713594}]}, "version": 1324, "at": 1724635377.5713594}
{"obj": {"type": "LogStrings", "path": ["monitoring", "59169b80", "stdout"], "values": [{"value": "-1.3033868418202894", "step": null, "ts": 1724635377.572358}]}, "version": 1325, "at": 1724635377.572358}
{"obj": {"type": "LogStrings", "path": ["monitoring", "59169b80", "stdout"], "values": [{"value": " ", "step": null, "ts": 1724635377.572358}]}, "version": 1326, "at": 1724635377.572358}
{"obj": {"type": "LogStrings", "path": ["monitoring", "59169b80", "stdout"], "values": [{"value": " new_y = ", "step": null, "ts": 1724635377.572358}]}, "version": 1327, "at": 1724635377.572358}
{"obj": {"type": "LogStrings", "path": ["monitoring", "59169b80", "stdout"], "values": [{"value": " ", "step": null, "ts": 1724635377.572358}]}, "version": 1328, "at": 1724635377.572358}
{"obj": {"type": "LogStrings", "path": ["monitoring", "59169b80", "stdout"], "values": [{"value": "0.2530206300909491", "step": null, "ts": 1724635377.572358}]}, "version": 1329, "at": 1724635377.572358}
{"obj": {"type": "LogStrings", "path": ["monitoring", "59169b80", "stdout"], "values": [{"value": "\n", "step": null, "ts": 1724635377.572358}]}, "version": 1330, "at": 1724635377.572358}
{"obj": {"type": "LogStrings", "path": ["monitoring", "59169b80", "stdout"], "values": [{"value": "Drone2 moved with speed vector [3, 0, 0] with duration 2", "step": null, "ts": 1724635379.114813}]}, "version": 1331, "at": 1724635379.114813}
{"obj": {"type": "LogStrings", "path": ["monitoring", "59169b80", "stdout"], "values": [{"value": "\n", "step": null, "ts": 1724635379.114813}]}, "version": 1332, "at": 1724635379.114813}
{"obj": {"type": "LogStrings", "path": ["monitoring", "59169b80", "stdout"], "values": [{"value": "drone 2 ", "step": null, "ts": 1724635379.1160398}]}, "version": 1333, "at": 1724635379.1160398}
{"obj": {"type": "LogStrings", "path": ["monitoring", "59169b80", "stdout"], "values": [{"value": " ", "step": null, "ts": 1724635379.1160398}]}, "version": 1334, "at": 1724635379.1160398}
{"obj": {"type": "LogStrings", "path": ["monitoring", "59169b80", "stdout"], "values": [{"value": "(3, 2, 0)", "step": null, "ts": 1724635379.1168213}]}, "version": 1335, "at": 1724635379.1168213}
{"obj": {"type": "LogStrings", "path": ["monitoring", "59169b80", "stdout"], "values": [{"value": "\n", "step": null, "ts": 1724635379.1168213}]}, "version": 1336, "at": 1724635379.1168213}
{"obj": {"type": "LogStrings", "path": ["monitoring", "59169b80", "stdout"], "values": [{"value": "Drone1 moved with speed vector [-1.3033868418202894, 0.2530206300909491, 0] with duration 3", "step": null, "ts": 1724635380.575806}]}, "version": 1337, "at": 1724635380.575806}
{"obj": {"type": "LogStrings", "path": ["monitoring", "59169b80", "stdout"], "values": [{"value": "\n", "step": null, "ts": 1724635380.576708}]}, "version": 1338, "at": 1724635380.576708}
{"obj": {"type": "LogStrings", "path": ["monitoring", "59169b80", "stdout"], "values": [{"value": "rc=0 , rfov=0 , rd=1.000261761201301 , rdir = 0.10088029861450197 , robs= 0 , r_v=0 , r_ang= -1.0584547988726045 , rf=0 ", "step": null, "ts": 1724635380.5777068}]}, "version": 1339, "at": 1724635380.5777068}
{"obj": {"type": "LogStrings", "path": ["monitoring", "59169b80", "stdout"], "values": [{"value": "\n", "step": null, "ts": 1724635380.5777068}]}, "version": 1340, "at": 1724635380.5777068}
{"obj": {"type": "LogStrings", "path": ["monitoring", "59169b80", "stdout"], "values": [{"value": "next state ", "step": null, "ts": 1724635380.5777068}]}, "version": 1341, "at": 1724635380.5777068}
{"obj": {"type": "LogStrings", "path": ["monitoring", "59169b80", "stdout"], "values": [{"value": " ", "step": null, "ts": 1724635380.5787077}]}, "version": 1342, "at": 1724635380.5787077}
{"obj": {"type": "LogStrings", "path": ["monitoring", "59169b80", "stdout"], "values": [{"value": "[0.0005169623220960299, 1.2895621708785184e-14, -0.03532150189081828, 0.0, 0.0, 0.0016203541308641434, 0.10584584233925891, 0.10715464834576387, 0.00078125, 0.0010025239285127616, 0.000781249962747097, 0.0013950414422117634, 0.000864403396844864, 0.0010097179295104227, 15.044014930725098, 15.044014930725098, 15.044014930725098, 15.044014930725098, 15.044014930725098, 15.044014930725098, 15.044014930725098, 15.044014930725098, 15.044014930725098]", "step": null, "ts": 1724635380.5787077}]}, "version": 1343, "at": 1724635380.5787077}
{"obj": {"type": "LogStrings", "path": ["monitoring", "59169b80", "stdout"], "values": [{"value": "\n", "step": null, "ts": 1724635380.5787077}]}, "version": 1344, "at": 1724635380.5787077}
{"obj": {"type": "LogStrings", "path": ["monitoring", "59169b80", "stdout"], "values": [{"value": "action ", "step": null, "ts": 1724635380.5787077}]}, "version": 1345, "at": 1724635380.5787077}
{"obj": {"type": "LogStrings", "path": ["monitoring", "59169b80", "stdout"], "values": [{"value": " ", "step": null, "ts": 1724635380.5787077}]}, "version": 1346, "at": 1724635380.5787077}
{"obj": {"type": "LogStrings", "path": ["monitoring", "59169b80", "stdout"], "values": [{"value": "48", "step": null, "ts": 1724635380.5787077}]}, "version": 1347, "at": 1724635380.5797071}
{"obj": {"type": "LogStrings", "path": ["monitoring", "59169b80", "stdout"], "values": [{"value": "\n", "step": null, "ts": 1724635380.5797071}]}, "version": 1348, "at": 1724635380.5797071}
{"obj": {"type": "LogStrings", "path": ["monitoring", "59169b80", "stdout"], "values": [{"value": "Drone2 moved with speed vector [3, 2, 0] with duration 2", "step": null, "ts": 1724635381.1327665}]}, "version": 1349, "at": 1724635381.1327665}
{"obj": {"type": "LogStrings", "path": ["monitoring", "59169b80", "stdout"], "values": [{"value": "\n", "step": null, "ts": 1724635381.1327665}]}, "version": 1350, "at": 1724635381.1327665}
{"obj": {"type": "LogStrings", "path": ["monitoring", "59169b80", "stdout"], "values": [{"value": "drone 2 ", "step": null, "ts": 1724635381.1327665}]}, "version": 1351, "at": 1724635381.1327665}
{"obj": {"type": "LogStrings", "path": ["monitoring", "59169b80", "stdout"], "values": [{"value": " ", "step": null, "ts": 1724635381.1327665}]}, "version": 1352, "at": 1724635381.1327665}
{"obj": {"type": "LogStrings", "path": ["monitoring", "59169b80", "stdout"], "values": [{"value": "(6, 0, 0)", "step": null, "ts": 1724635381.1327665}]}, "version": 1353, "at": 1724635381.1327665}
{"obj": {"type": "LogStrings", "path": ["monitoring", "59169b80", "stdout"], "values": [{"value": "\n", "step": null, "ts": 1724635381.1327665}]}, "version": 1354, "at": 1724635381.1327665}
{"obj": {"type": "LogStrings", "path": ["monitoring", "59169b80", "stdout"], "values": [{"value": "Found 1 cylinders in image", "step": null, "ts": 1724635381.2588348}]}, "version": 1355, "at": 1724635381.2588348}
{"obj": {"type": "LogStrings", "path": ["monitoring", "59169b80", "stdout"], "values": [{"value": "\n", "step": null, "ts": 1724635381.2608376}]}, "version": 1356, "at": 1724635381.2608376}
{"obj": {"type": "LogStrings", "path": ["monitoring", "59169b80", "stdout"], "values": [{"value": "new_x = ", "step": null, "ts": 1724635381.2628374}]}, "version": 1357, "at": 1724635381.2628374}
{"obj": {"type": "LogStrings", "path": ["monitoring", "59169b80", "stdout"], "values": [{"value": " ", "step": null, "ts": 1724635381.2638378}]}, "version": 1358, "at": 1724635381.2638378}
{"obj": {"type": "LogStrings", "path": ["monitoring", "59169b80", "stdout"], "values": [{"value": "0.0739349695512689", "step": null, "ts": 1724635381.2638378}]}, "version": 1359, "at": 1724635381.2638378}
{"obj": {"type": "LogStrings", "path": ["monitoring", "59169b80", "stdout"], "values": [{"value": " ", "step": null, "ts": 1724635381.2643442}]}, "version": 1360, "at": 1724635381.2643442}
{"obj": {"type": "LogStrings", "path": ["monitoring", "59169b80", "stdout"], "values": [{"value": " new_y = ", "step": null, "ts": 1724635381.2643442}]}, "version": 1361, "at": 1724635381.2643442}
{"obj": {"type": "LogStrings", "path": ["monitoring", "59169b80", "stdout"], "values": [{"value": " ", "step": null, "ts": 1724635381.2643442}]}, "version": 1362, "at": 1724635381.2643442}
{"obj": {"type": "LogStrings", "path": ["monitoring", "59169b80", "stdout"], "values": [{"value": "0.1641061067215445", "step": null, "ts": 1724635381.2643442}]}, "version": 1363, "at": 1724635381.2643442}
{"obj": {"type": "LogStrings", "path": ["monitoring", "59169b80", "stdout"], "values": [{"value": "\n", "step": null, "ts": 1724635381.2643442}]}, "version": 1364, "at": 1724635381.2643442}
{"obj": {"type": "LogFloats", "path": ["monitoring", "59169b80", "cpu"], "values": [{"value": 10.8, "step": null, "ts": 1724635381.7887435}]}, "version": 1365, "at": 1724635381.7947428}
{"obj": {"type": "LogFloats", "path": ["monitoring", "59169b80", "memory"], "values": [{"value": 13.22698974609375, "step": null, "ts": 1724635381.7887435}]}, "version": 1366, "at": 1724635381.7947428}
{"obj": {"type": "LogFloats", "path": ["monitoring", "59169b80", "gpu"], "values": [{"value": 21.0, "step": null, "ts": 1724635381.7887435}]}, "version": 1367, "at": 1724635381.7947428}
{"obj": {"type": "LogFloats", "path": ["monitoring", "59169b80", "gpu_memory"], "values": [{"value": 1.2941627502441406, "step": null, "ts": 1724635381.7887435}]}, "version": 1368, "at": 1724635381.7947428}
{"obj": {"type": "LogFloats", "path": ["monitoring", "59169b80", "gpu_power"], "values": [{"value": 6.344, "step": null, "ts": 1724635381.7887435}]}, "version": 1369, "at": 1724635381.7947428}
{"obj": {"type": "LogStrings", "path": ["monitoring", "59169b80", "stdout"], "values": [{"value": "Drone1 moved with speed vector [0.0739349695512689, 0.1641061067215445, 0] with duration 1", "step": null, "ts": 1724635382.269762}]}, "version": 1370, "at": 1724635382.269762}
{"obj": {"type": "LogStrings", "path": ["monitoring", "59169b80", "stdout"], "values": [{"value": "\n", "step": null, "ts": 1724635382.2707624}]}, "version": 1371, "at": 1724635382.2707624}
{"obj": {"type": "LogStrings", "path": ["monitoring", "59169b80", "stdout"], "values": [{"value": "rc=0 , rfov=0 , rd=-2.016507062571794 , rdir = 0.11190479278564454 , robs= 0 , r_v=-0.07440777732038988 , r_ang= -1.0587055864673656 , rf=-50 ", "step": null, "ts": 1724635382.2707624}]}, "version": 1372, "at": 1724635382.2707624}
{"obj": {"type": "LogStrings", "path": ["monitoring", "59169b80", "stdout"], "values": [{"value": "\n", "step": null, "ts": 1724635382.2707624}]}, "version": 1373, "at": 1724635382.2707624}
{"obj": {"type": "LogStrings", "path": ["monitoring", "59169b80", "stdout"], "values": [{"value": "next state ", "step": null, "ts": 1724635382.2707624}]}, "version": 1374, "at": 1724635382.2707624}
{"obj": {"type": "LogStrings", "path": ["monitoring", "59169b80", "stdout"], "values": [{"value": " ", "step": null, "ts": 1724635382.272265}]}, "version": 1375, "at": 1724635382.272265}
{"obj": {"type": "LogStrings", "path": ["monitoring", "59169b80", "stdout"], "values": [{"value": "[-0.02479844292004903, 0.0055901452898979185, -0.03611992597579956, 0.0005169623220960299, 1.2895621708785184e-14, -0.03532150189081828, 0.18838115519822793, 0.10584584233925891, 0.0008462517708539964, 0.0009020324695257493, 0.00078125, 0.0010025239285127616, 0.000781249962747097, 0.0013950414422117634, 15.595239639282227, 15.595239639282227, 15.595239639282227, 15.595239639282227, 15.595239639282227, 15.595239639282227, 15.595239639282227, 14.796276092529297, 14.796276092529297]", "step": null, "ts": 1724635382.272265}]}, "version": 1376, "at": 1724635382.272265}
{"obj": {"type": "LogStrings", "path": ["monitoring", "59169b80", "stdout"], "values": [{"value": "\n", "step": null, "ts": 1724635382.272265}]}, "version": 1377, "at": 1724635382.272265}
{"obj": {"type": "LogStrings", "path": ["monitoring", "59169b80", "stdout"], "values": [{"value": "action ", "step": null, "ts": 1724635382.272265}]}, "version": 1378, "at": 1724635382.272265}
{"obj": {"type": "LogStrings", "path": ["monitoring", "59169b80", "stdout"], "values": [{"value": " ", "step": null, "ts": 1724635382.272265}]}, "version": 1379, "at": 1724635382.272265}
{"obj": {"type": "LogStrings", "path": ["monitoring", "59169b80", "stdout"], "values": [{"value": "130", "step": null, "ts": 1724635382.272265}]}, "version": 1380, "at": 1724635382.272265}
{"obj": {"type": "LogStrings", "path": ["monitoring", "59169b80", "stdout"], "values": [{"value": "\n", "step": null, "ts": 1724635382.272265}]}, "version": 1381, "at": 1724635382.272265}
{"obj": {"type": "LogStrings", "path": ["monitoring", "59169b80", "stdout"], "values": [{"value": "Found 1 cylinders in image", "step": null, "ts": 1724635382.936508}]}, "version": 1382, "at": 1724635382.936508}
{"obj": {"type": "LogStrings", "path": ["monitoring", "59169b80", "stdout"], "values": [{"value": "\n", "step": null, "ts": 1724635382.9375129}]}, "version": 1383, "at": 1724635382.9375129}
{"obj": {"type": "LogStrings", "path": ["monitoring", "59169b80", "stdout"], "values": [{"value": "new_x = ", "step": null, "ts": 1724635382.9395132}]}, "version": 1384, "at": 1724635382.9395132}
{"obj": {"type": "LogStrings", "path": ["monitoring", "59169b80", "stdout"], "values": [{"value": " ", "step": null, "ts": 1724635382.9395132}]}, "version": 1385, "at": 1724635382.9405124}
{"obj": {"type": "LogStrings", "path": ["monitoring", "59169b80", "stdout"], "values": [{"value": "0.8767124207884873", "step": null, "ts": 1724635382.9405124}]}, "version": 1386, "at": 1724635382.9405124}
{"obj": {"type": "LogStrings", "path": ["monitoring", "59169b80", "stdout"], "values": [{"value": " ", "step": null, "ts": 1724635382.9405124}]}, "version": 1387, "at": 1724635382.9405124}
{"obj": {"type": "LogStrings", "path": ["monitoring", "59169b80", "stdout"], "values": [{"value": " new_y = ", "step": null, "ts": 1724635382.9405124}]}, "version": 1388, "at": 1724635382.9405124}
{"obj": {"type": "LogStrings", "path": ["monitoring", "59169b80", "stdout"], "values": [{"value": " ", "step": null, "ts": 1724635382.9405124}]}, "version": 1389, "at": 1724635382.9405124}
{"obj": {"type": "LogStrings", "path": ["monitoring", "59169b80", "stdout"], "values": [{"value": "-0.28508676812463113", "step": null, "ts": 1724635382.9405124}]}, "version": 1390, "at": 1724635382.9405124}
{"obj": {"type": "LogStrings", "path": ["monitoring", "59169b80", "stdout"], "values": [{"value": "\n", "step": null, "ts": 1724635382.9405124}]}, "version": 1391, "at": 1724635382.9405124}
{"obj": {"type": "LogStrings", "path": ["monitoring", "59169b80", "stdout"], "values": [{"value": "Drone2 moved with speed vector [6, 0, 0] with duration 2", "step": null, "ts": 1724635383.1508312}]}, "version": 1392, "at": 1724635383.1508312}
{"obj": {"type": "LogStrings", "path": ["monitoring", "59169b80", "stdout"], "values": [{"value": "\n", "step": null, "ts": 1724635383.1508312}]}, "version": 1393, "at": 1724635383.1508312}
{"obj": {"type": "LogStrings", "path": ["monitoring", "59169b80", "stdout"], "values": [{"value": "drone 2 ", "step": null, "ts": 1724635383.1508312}]}, "version": 1394, "at": 1724635383.1508312}
{"obj": {"type": "LogStrings", "path": ["monitoring", "59169b80", "stdout"], "values": [{"value": " ", "step": null, "ts": 1724635383.1508312}]}, "version": 1395, "at": 1724635383.1508312}
{"obj": {"type": "LogStrings", "path": ["monitoring", "59169b80", "stdout"], "values": [{"value": "(6, -4, 0)", "step": null, "ts": 1724635383.1508312}]}, "version": 1396, "at": 1724635383.1508312}
{"obj": {"type": "LogStrings", "path": ["monitoring", "59169b80", "stdout"], "values": [{"value": "\n", "step": null, "ts": 1724635383.1508312}]}, "version": 1397, "at": 1724635383.1508312}
{"obj": {"type": "LogStrings", "path": ["monitoring", "59169b80", "stdout"], "values": [{"value": "Drone1 moved with speed vector [0.8767124207884873, -0.28508676812463113, 0] with duration 2", "step": null, "ts": 1724635384.9578092}]}, "version": 1398, "at": 1724635384.9578092}
{"obj": {"type": "LogStrings", "path": ["monitoring", "59169b80", "stdout"], "values": [{"value": "\n", "step": null, "ts": 1724635384.9587033}]}, "version": 1399, "at": 1724635384.9587033}
{"obj": {"type": "LogStrings", "path": ["monitoring", "59169b80", "stdout"], "values": [{"value": "rc=0 , rfov=0 , rd=-2.014439781454716 , rdir = 0.10205518722534179 , robs= 0 , r_v=0 , r_ang= -1.0559077286563723 , rf=-50 ", "step": null, "ts": 1724635384.9596987}]}, "version": 1400, "at": 1724635384.9596987}
{"obj": {"type": "LogStrings", "path": ["monitoring", "59169b80", "stdout"], "values": [{"value": "\n", "step": null, "ts": 1724635384.9596987}]}, "version": 1401, "at": 1724635384.9596987}
{"obj": {"type": "LogStrings", "path": ["monitoring", "59169b80", "stdout"], "values": [{"value": "next state ", "step": null, "ts": 1724635384.9596987}]}, "version": 1402, "at": 1724635384.9596987}
{"obj": {"type": "LogStrings", "path": ["monitoring", "59169b80", "stdout"], "values": [{"value": " ", "step": null, "ts": 1724635384.9596987}]}, "version": 1403, "at": 1724635384.9596987}
{"obj": {"type": "LogStrings", "path": ["monitoring", "59169b80", "stdout"], "values": [{"value": "[-0.026080952088038126, 0.006928741931915283, -0.03551090161005656, -0.02479844292004903, 0.0055901452898979185, -0.03611992597579956, 0.2605800624718068, 0.18838115519822793, 0.0008534035459160805, 0.0012906517805876556, 0.0008462517708539964, 0.0009020324695257493, 0.00078125, 0.0010025239285127616, 15.10275936126709, 15.10275936126709, 15.10275936126709, 15.10275936126709, 15.10275936126709, 15.10275936126709, 15.10275936126709, 15.10275936126709, 15.10275936126709]", "step": null, "ts": 1724635384.9596987}]}, "version": 1404, "at": 1724635384.9596987}
{"obj": {"type": "LogStrings", "path": ["monitoring", "59169b80", "stdout"], "values": [{"value": "\n", "step": null, "ts": 1724635384.9596987}]}, "version": 1405, "at": 1724635384.9596987}
{"obj": {"type": "LogStrings", "path": ["monitoring", "59169b80", "stdout"], "values": [{"value": "action ", "step": null, "ts": 1724635384.960701}]}, "version": 1406, "at": 1724635384.960701}
{"obj": {"type": "LogStrings", "path": ["monitoring", "59169b80", "stdout"], "values": [{"value": " ", "step": null, "ts": 1724635384.960701}]}, "version": 1407, "at": 1724635384.960701}
{"obj": {"type": "LogStrings", "path": ["monitoring", "59169b80", "stdout"], "values": [{"value": "23", "step": null, "ts": 1724635384.960701}]}, "version": 1408, "at": 1724635384.960701}
{"obj": {"type": "LogStrings", "path": ["monitoring", "59169b80", "stdout"], "values": [{"value": "\n", "step": null, "ts": 1724635384.960701}]}, "version": 1409, "at": 1724635384.960701}
{"obj": {"type": "LogStrings", "path": ["monitoring", "59169b80", "stdout"], "values": [{"value": "Drone2 moved with speed vector [6, -4, 0] with duration 2", "step": null, "ts": 1724635385.167846}]}, "version": 1410, "at": 1724635385.167846}
{"obj": {"type": "LogStrings", "path": ["monitoring", "59169b80", "stdout"], "values": [{"value": "\n", "step": null, "ts": 1724635385.1687474}]}, "version": 1411, "at": 1724635385.1687474}
{"obj": {"type": "LogStrings", "path": ["monitoring", "59169b80", "stdout"], "values": [{"value": "drone 2 ", "step": null, "ts": 1724635385.1687474}]}, "version": 1412, "at": 1724635385.1687474}
{"obj": {"type": "LogStrings", "path": ["monitoring", "59169b80", "stdout"], "values": [{"value": " ", "step": null, "ts": 1724635385.1687474}]}, "version": 1413, "at": 1724635385.1687474}
{"obj": {"type": "LogStrings", "path": ["monitoring", "59169b80", "stdout"], "values": [{"value": "(12, 0, 0)", "step": null, "ts": 1724635385.1687474}]}, "version": 1414, "at": 1724635385.1687474}
{"obj": {"type": "LogStrings", "path": ["monitoring", "59169b80", "stdout"], "values": [{"value": "\n", "step": null, "ts": 1724635385.1687474}]}, "version": 1415, "at": 1724635385.1687474}
{"obj": {"type": "LogStrings", "path": ["monitoring", "59169b80", "stdout"], "values": [{"value": "Found 1 cylinders in image", "step": null, "ts": 1724635385.6157603}]}, "version": 1416, "at": 1724635385.6157603}
{"obj": {"type": "LogStrings", "path": ["monitoring", "59169b80", "stdout"], "values": [{"value": "\n", "step": null, "ts": 1724635385.617016}]}, "version": 1417, "at": 1724635385.617016}
{"obj": {"type": "LogStrings", "path": ["monitoring", "59169b80", "stdout"], "values": [{"value": "new_x = ", "step": null, "ts": 1724635385.620019}]}, "version": 1418, "at": 1724635385.620019}
{"obj": {"type": "LogStrings", "path": ["monitoring", "59169b80", "stdout"], "values": [{"value": " ", "step": null, "ts": 1724635385.6210198}]}, "version": 1419, "at": 1724635385.6210198}
{"obj": {"type": "LogStrings", "path": ["monitoring", "59169b80", "stdout"], "values": [{"value": "0.8148687048516146", "step": null, "ts": 1724635385.6210198}]}, "version": 1420, "at": 1724635385.6210198}
{"obj": {"type": "LogStrings", "path": ["monitoring", "59169b80", "stdout"], "values": [{"value": " ", "step": null, "ts": 1724635385.6210198}]}, "version": 1421, "at": 1724635385.6210198}
{"obj": {"type": "LogStrings", "path": ["monitoring", "59169b80", "stdout"], "values": [{"value": " new_y = ", "step": null, "ts": 1724635385.6210198}]}, "version": 1422, "at": 1724635385.6210198}
{"obj": {"type": "LogStrings", "path": ["monitoring", "59169b80", "stdout"], "values": [{"value": " ", "step": null, "ts": 1724635385.6210198}]}, "version": 1423, "at": 1724635385.6210198}
{"obj": {"type": "LogStrings", "path": ["monitoring", "59169b80", "stdout"], "values": [{"value": "-1.0070909686413216", "step": null, "ts": 1724635385.6210198}]}, "version": 1424, "at": 1724635385.6210198}
{"obj": {"type": "LogStrings", "path": ["monitoring", "59169b80", "stdout"], "values": [{"value": "\n", "step": null, "ts": 1724635385.6210198}]}, "version": 1425, "at": 1724635385.6210198}
{"obj": {"type": "LogStrings", "path": ["monitoring", "59169b80", "stdout"], "values": [{"value": "Drone1 moved with speed vector [0.8148687048516146, -1.0070909686413216, 0] with duration 1", "step": null, "ts": 1724635386.628846}]}, "version": 1426, "at": 1724635386.628846}
{"obj": {"type": "LogStrings", "path": ["monitoring", "59169b80", "stdout"], "values": [{"value": "\n", "step": null, "ts": 1724635386.6298456}]}, "version": 1427, "at": 1724635386.6298456}
{"obj": {"type": "LogStrings", "path": ["monitoring", "59169b80", "stdout"], "values": [{"value": "rc=0 , rfov=0 , rd=-2.017564221045069 , rdir = 0.10031862258911134 , robs= 0 , r_v=0 , r_ang= -1.0550720590609763 , rf=-50 ", "step": null, "ts": 1724635386.6308463}]}, "version": 1428, "at": 1724635386.6308463}
{"obj": {"type": "LogStrings", "path": ["monitoring", "59169b80", "stdout"], "values": [{"value": "\n", "step": null, "ts": 1724635386.6308463}]}, "version": 1429, "at": 1724635386.6308463}
{"obj": {"type": "LogStrings", "path": ["monitoring", "59169b80", "stdout"], "values": [{"value": "next state ", "step": null, "ts": 1724635386.6308463}]}, "version": 1430, "at": 1724635386.6308463}
{"obj": {"type": "LogStrings", "path": ["monitoring", "59169b80", "stdout"], "values": [{"value": " ", "step": null, "ts": 1724635386.6308463}]}, "version": 1431, "at": 1724635386.6308463}
{"obj": {"type": "LogStrings", "path": ["monitoring", "59169b80", "stdout"], "values": [{"value": "[-0.013874822854995727, 0.0031950868666172027, -0.03511090278625488, -0.026080952088038126, 0.006928741931915283, -0.03551090161005656, 0.3484011676971513, 0.2605800624718068, 0.0007356661558151245, 0.0015267885467152539, 0.0008534035459160805, 0.0012906517805876556, 0.0008462517708539964, 0.0009020324695257493, 15.015931129455566, 15.015931129455566, 15.015931129455566, 15.015931129455566, 15.015931129455566, 15.015931129455566, 15.015931129455566, 15.015931129455566, 15.015931129455566]", "step": null, "ts": 1724635386.6308463}]}, "version": 1432, "at": 1724635386.6308463}
{"obj": {"type": "LogStrings", "path": ["monitoring", "59169b80", "stdout"], "values": [{"value": "\n", "step": null, "ts": 1724635386.631844}]}, "version": 1433, "at": 1724635386.631844}
{"obj": {"type": "LogStrings", "path": ["monitoring", "59169b80", "stdout"], "values": [{"value": "action ", "step": null, "ts": 1724635386.631844}]}, "version": 1434, "at": 1724635386.631844}
{"obj": {"type": "LogStrings", "path": ["monitoring", "59169b80", "stdout"], "values": [{"value": " ", "step": null, "ts": 1724635386.631844}]}, "version": 1435, "at": 1724635386.631844}
{"obj": {"type": "LogStrings", "path": ["monitoring", "59169b80", "stdout"], "values": [{"value": "109", "step": null, "ts": 1724635386.631844}]}, "version": 1436, "at": 1724635386.631844}
{"obj": {"type": "LogStrings", "path": ["monitoring", "59169b80", "stdout"], "values": [{"value": "\n", "step": null, "ts": 1724635386.631844}]}, "version": 1437, "at": 1724635386.631844}
{"obj": {"type": "LogStrings", "path": ["monitoring", "59169b80", "stdout"], "values": [{"value": "Drone2 moved with speed vector [12, 0, 0] with duration 2", "step": null, "ts": 1724635387.1888945}]}, "version": 1438, "at": 1724635387.1888945}
{"obj": {"type": "LogStrings", "path": ["monitoring", "59169b80", "stdout"], "values": [{"value": "\n", "step": null, "ts": 1724635387.1888945}]}, "version": 1439, "at": 1724635387.1888945}
{"obj": {"type": "LogStrings", "path": ["monitoring", "59169b80", "stdout"], "values": [{"value": "drone 2 ", "step": null, "ts": 1724635387.1888945}]}, "version": 1440, "at": 1724635387.1888945}
{"obj": {"type": "LogStrings", "path": ["monitoring", "59169b80", "stdout"], "values": [{"value": " ", "step": null, "ts": 1724635387.1888945}]}, "version": 1441, "at": 1724635387.1888945}
{"obj": {"type": "LogStrings", "path": ["monitoring", "59169b80", "stdout"], "values": [{"value": "(3, 2, 0)", "step": null, "ts": 1724635387.1899645}]}, "version": 1442, "at": 1724635387.1899645}
{"obj": {"type": "LogStrings", "path": ["monitoring", "59169b80", "stdout"], "values": [{"value": "\n", "step": null, "ts": 1724635387.1899645}]}, "version": 1443, "at": 1724635387.1899645}
{"obj": {"type": "LogStrings", "path": ["monitoring", "59169b80", "stdout"], "values": [{"value": "Found 1 cylinders in image", "step": null, "ts": 1724635387.2967536}]}, "version": 1444, "at": 1724635387.2967536}
{"obj": {"type": "LogStrings", "path": ["monitoring", "59169b80", "stdout"], "values": [{"value": "\n", "step": null, "ts": 1724635387.2977505}]}, "version": 1445, "at": 1724635387.2977505}
{"obj": {"type": "LogStrings", "path": ["monitoring", "59169b80", "stdout"], "values": [{"value": "new_x = ", "step": null, "ts": 1724635387.3007495}]}, "version": 1446, "at": 1724635387.3007495}
{"obj": {"type": "LogStrings", "path": ["monitoring", "59169b80", "stdout"], "values": [{"value": " ", "step": null, "ts": 1724635387.3007495}]}, "version": 1447, "at": 1724635387.3007495}
{"obj": {"type": "LogStrings", "path": ["monitoring", "59169b80", "stdout"], "values": [{"value": "1.695708263957985", "step": null, "ts": 1724635387.3007495}]}, "version": 1448, "at": 1724635387.3007495}
{"obj": {"type": "LogStrings", "path": ["monitoring", "59169b80", "stdout"], "values": [{"value": " ", "step": null, "ts": 1724635387.3017492}]}, "version": 1449, "at": 1724635387.3017492}
{"obj": {"type": "LogStrings", "path": ["monitoring", "59169b80", "stdout"], "values": [{"value": " new_y = ", "step": null, "ts": 1724635387.3017492}]}, "version": 1450, "at": 1724635387.3017492}
{"obj": {"type": "LogStrings", "path": ["monitoring", "59169b80", "stdout"], "values": [{"value": " ", "step": null, "ts": 1724635387.3017492}]}, "version": 1451, "at": 1724635387.3017492}
{"obj": {"type": "LogStrings", "path": ["monitoring", "59169b80", "stdout"], "values": [{"value": "1.923676890202205", "step": null, "ts": 1724635387.3017492}]}, "version": 1452, "at": 1724635387.3017492}
{"obj": {"type": "LogStrings", "path": ["monitoring", "59169b80", "stdout"], "values": [{"value": "\n", "step": null, "ts": 1724635387.3017492}]}, "version": 1453, "at": 1724635387.3017492}
{"obj": {"type": "LogStrings", "path": ["monitoring", "59169b80", "stdout"], "values": [{"value": "Drone2 moved with speed vector [3, 2, 0] with duration 2", "step": null, "ts": 1724635389.2126203}]}, "version": 1454, "at": 1724635389.2126203}
{"obj": {"type": "LogStrings", "path": ["monitoring", "59169b80", "stdout"], "values": [{"value": "\n", "step": null, "ts": 1724635389.2126203}]}, "version": 1455, "at": 1724635389.2126203}
{"obj": {"type": "LogStrings", "path": ["monitoring", "59169b80", "stdout"], "values": [{"value": "drone 2 ", "step": null, "ts": 1724635389.2126203}]}, "version": 1456, "at": 1724635389.2126203}
{"obj": {"type": "LogStrings", "path": ["monitoring", "59169b80", "stdout"], "values": [{"value": " ", "step": null, "ts": 1724635389.2126203}]}, "version": 1457, "at": 1724635389.2126203}
{"obj": {"type": "LogStrings", "path": ["monitoring", "59169b80", "stdout"], "values": [{"value": "(6, 0, 0)", "step": null, "ts": 1724635389.2126203}]}, "version": 1458, "at": 1724635389.2126203}
{"obj": {"type": "LogStrings", "path": ["monitoring", "59169b80", "stdout"], "values": [{"value": "\n", "step": null, "ts": 1724635389.2126203}]}, "version": 1459, "at": 1724635389.2126203}
{"obj": {"type": "LogStrings", "path": ["monitoring", "59169b80", "stdout"], "values": [{"value": "Drone1 moved with speed vector [1.695708263957985, 1.923676890202205, 0] with duration 2", "step": null, "ts": 1724635389.3239276}]}, "version": 1460, "at": 1724635389.3239276}
{"obj": {"type": "LogStrings", "path": ["monitoring", "59169b80", "stdout"], "values": [{"value": "\n", "step": null, "ts": 1724635389.3239276}]}, "version": 1461, "at": 1724635389.3239276}
{"obj": {"type": "LogStrings", "path": ["monitoring", "59169b80", "stdout"], "values": [{"value": "rc=0 , rfov=0 , rd=-2.0293734348725123 , rdir = 0.09702993392944337 , robs= 0 , r_v=0 , r_ang= -1.055555151824702 , rf=-50 ", "step": null, "ts": 1724635389.3249316}]}, "version": 1462, "at": 1724635389.3249316}
{"obj": {"type": "LogStrings", "path": ["monitoring", "59169b80", "stdout"], "values": [{"value": "\n", "step": null, "ts": 1724635389.3249316}]}, "version": 1463, "at": 1724635389.3249316}
{"obj": {"type": "LogStrings", "path": ["monitoring", "59169b80", "stdout"], "values": [{"value": "next state ", "step": null, "ts": 1724635389.3249316}]}, "version": 1464, "at": 1724635389.3249316}
{"obj": {"type": "LogStrings", "path": ["monitoring", "59169b80", "stdout"], "values": [{"value": " ", "step": null, "ts": 1724635389.3249316}]}, "version": 1465, "at": 1724635389.3249316}
{"obj": {"type": "LogStrings", "path": ["monitoring", "59169b80", "stdout"], "values": [{"value": "[-0.00760658731063207, -0.0033840149641036986, -0.03493853807449341, -0.013874822854995727, 0.0031950868666172027, -0.03511090278625488, 0.4952683420597132, 0.3484011676971513, 0.0007358754053711891, 0.0014582074718710817, 0.0007356661558151245, 0.0015267885467152539, 0.0008534035459160805, 0.0012906517805876556, 14.851496696472168, 14.851496696472168, 14.851496696472168, 14.851496696472168, 14.851496696472168, 14.851496696472168, 14.851496696472168, 14.851496696472168, 14.851496696472168]", "step": null, "ts": 1724635389.3249316}]}, "version": 1466, "at": 1724635389.3249316}
{"obj": {"type": "LogStrings", "path": ["monitoring", "59169b80", "stdout"], "values": [{"value": "\n", "step": null, "ts": 1724635389.3249316}]}, "version": 1467, "at": 1724635389.3249316}
{"obj": {"type": "LogStrings", "path": ["monitoring", "59169b80", "stdout"], "values": [{"value": "action ", "step": null, "ts": 1724635389.326351}]}, "version": 1468, "at": 1724635389.326351}
{"obj": {"type": "LogStrings", "path": ["monitoring", "59169b80", "stdout"], "values": [{"value": " ", "step": null, "ts": 1724635389.326351}]}, "version": 1469, "at": 1724635389.326351}
{"obj": {"type": "LogStrings", "path": ["monitoring", "59169b80", "stdout"], "values": [{"value": "115", "step": null, "ts": 1724635389.326351}]}, "version": 1470, "at": 1724635389.326351}
{"obj": {"type": "LogStrings", "path": ["monitoring", "59169b80", "stdout"], "values": [{"value": "\n", "step": null, "ts": 1724635389.326351}]}, "version": 1471, "at": 1724635389.326351}
{"obj": {"type": "LogStrings", "path": ["monitoring", "59169b80", "stdout"], "values": [{"value": "Found 1 cylinders in image", "step": null, "ts": 1724635389.9612513}]}, "version": 1472, "at": 1724635389.9612513}
{"obj": {"type": "LogStrings", "path": ["monitoring", "59169b80", "stdout"], "values": [{"value": "\n", "step": null, "ts": 1724635389.9622488}]}, "version": 1473, "at": 1724635389.9622488}
{"obj": {"type": "LogStrings", "path": ["monitoring", "59169b80", "stdout"], "values": [{"value": "new_x = ", "step": null, "ts": 1724635389.9647646}]}, "version": 1474, "at": 1724635389.9647646}
{"obj": {"type": "LogStrings", "path": ["monitoring", "59169b80", "stdout"], "values": [{"value": " ", "step": null, "ts": 1724635389.9647646}]}, "version": 1475, "at": 1724635389.9647646}
{"obj": {"type": "LogStrings", "path": ["monitoring", "59169b80", "stdout"], "values": [{"value": "0.6111049081950496", "step": null, "ts": 1724635389.9647646}]}, "version": 1476, "at": 1724635389.9647646}
{"obj": {"type": "LogStrings", "path": ["monitoring", "59169b80", "stdout"], "values": [{"value": " ", "step": null, "ts": 1724635389.9662313}]}, "version": 1477, "at": 1724635389.9662313}
{"obj": {"type": "LogStrings", "path": ["monitoring", "59169b80", "stdout"], "values": [{"value": " new_y = ", "step": null, "ts": 1724635389.9662313}]}, "version": 1478, "at": 1724635389.9662313}
{"obj": {"type": "LogStrings", "path": ["monitoring", "59169b80", "stdout"], "values": [{"value": " ", "step": null, "ts": 1724635389.9662313}]}, "version": 1479, "at": 1724635389.9662313}
{"obj": {"type": "LogStrings", "path": ["monitoring", "59169b80", "stdout"], "values": [{"value": "1.053064323231315", "step": null, "ts": 1724635389.9662313}]}, "version": 1480, "at": 1724635389.9662313}
{"obj": {"type": "LogStrings", "path": ["monitoring", "59169b80", "stdout"], "values": [{"value": "\n", "step": null, "ts": 1724635389.9662313}]}, "version": 1481, "at": 1724635389.9662313}
{"obj": {"type": "LogStrings", "path": ["monitoring", "59169b80", "stdout"], "values": [{"value": "Drone2 moved with speed vector [6, 0, 0] with duration 2", "step": null, "ts": 1724635391.2296464}]}, "version": 1482, "at": 1724635391.2296464}
{"obj": {"type": "LogStrings", "path": ["monitoring", "59169b80", "stdout"], "values": [{"value": "\n", "step": null, "ts": 1724635391.2296464}]}, "version": 1483, "at": 1724635391.2296464}
{"obj": {"type": "LogStrings", "path": ["monitoring", "59169b80", "stdout"], "values": [{"value": "drone 2 ", "step": null, "ts": 1724635391.2306478}]}, "version": 1484, "at": 1724635391.2306478}
{"obj": {"type": "LogStrings", "path": ["monitoring", "59169b80", "stdout"], "values": [{"value": " ", "step": null, "ts": 1724635391.2306478}]}, "version": 1485, "at": 1724635391.2306478}
{"obj": {"type": "LogStrings", "path": ["monitoring", "59169b80", "stdout"], "values": [{"value": "(6, -4, 0)", "step": null, "ts": 1724635391.2306478}]}, "version": 1486, "at": 1724635391.2306478}
{"obj": {"type": "LogStrings", "path": ["monitoring", "59169b80", "stdout"], "values": [{"value": "\n", "step": null, "ts": 1724635391.2306478}]}, "version": 1487, "at": 1724635391.2306478}
{"obj": {"type": "LogFloats", "path": ["monitoring", "59169b80", "cpu"], "values": [{"value": 11.9, "step": null, "ts": 1724635391.8092592}]}, "version": 1488, "at": 1724635391.8166633}
{"obj": {"type": "LogFloats", "path": ["monitoring", "59169b80", "memory"], "values": [{"value": 13.200382232666016, "step": null, "ts": 1724635391.8092592}]}, "version": 1489, "at": 1724635391.8166633}
{"obj": {"type": "LogFloats", "path": ["monitoring", "59169b80", "gpu_memory"], "values": [{"value": 1.2941627502441406, "step": null, "ts": 1724635391.8092592}]}, "version": 1490, "at": 1724635391.8166633}
{"obj": {"type": "LogFloats", "path": ["monitoring", "59169b80", "gpu_power"], "values": [{"value": 6.116, "step": null, "ts": 1724635391.8092592}]}, "version": 1491, "at": 1724635391.8166633}
{"obj": {"type": "LogStrings", "path": ["monitoring", "59169b80", "stdout"], "values": [{"value": "Drone1 moved with speed vector [0.6111049081950496, 1.053064323231315, 0] with duration 2", "step": null, "ts": 1724635391.981595}]}, "version": 1492, "at": 1724635391.981595}
{"obj": {"type": "LogStrings", "path": ["monitoring", "59169b80", "stdout"], "values": [{"value": "\n", "step": null, "ts": 1724635391.9825962}]}, "version": 1493, "at": 1724635391.9825962}
{"obj": {"type": "LogStrings", "path": ["monitoring", "59169b80", "stdout"], "values": [{"value": "rc=0 , rfov=0 , rd=-2.0104043978356367 , rdir = 0.09994579315185548 , robs= 0 , r_v=0 , r_ang= -1.0538510585684546 , rf=-50 ", "step": null, "ts": 1724635391.9825962}]}, "version": 1494, "at": 1724635391.9825962}
{"obj": {"type": "LogStrings", "path": ["monitoring", "59169b80", "stdout"], "values": [{"value": "\n", "step": null, "ts": 1724635391.9841013}]}, "version": 1495, "at": 1724635391.9841013}
{"obj": {"type": "LogStrings", "path": ["monitoring", "59169b80", "stdout"], "values": [{"value": "next state ", "step": null, "ts": 1724635391.9841013}]}, "version": 1496, "at": 1724635391.9841013}
{"obj": {"type": "LogStrings", "path": ["monitoring", "59169b80", "stdout"], "values": [{"value": " ", "step": null, "ts": 1724635391.9841013}]}, "version": 1497, "at": 1724635391.9841013}
{"obj": {"type": "LogStrings", "path": ["monitoring", "59169b80", "stdout"], "values": [{"value": "[0.01666549841562907, 0.02202572425206502, -0.03822073936462402, -0.00760658731063207, -0.0033840149641036986, -0.03493853807449341, 0.5472903312378965, 0.4952683420597132, 0.000755605511367321, 0.0016796390509899752, 0.0007358754053711891, 0.0014582074718710817, 0.0007356661558151245, 0.0015267885467152539, 14.997289657592773, 14.997289657592773, 14.997289657592773, 14.997289657592773, 14.997289657592773, 14.997289657592773, 14.997289657592773, 14.997289657592773, 14.997289657592773]", "step": null, "ts": 1724635391.9841013}]}, "version": 1498, "at": 1724635391.9841013}
{"obj": {"type": "LogStrings", "path": ["monitoring", "59169b80", "stdout"], "values": [{"value": "\n", "step": null, "ts": 1724635391.984616}]}, "version": 1499, "at": 1724635391.984616}
{"obj": {"type": "LogStrings", "path": ["monitoring", "59169b80", "stdout"], "values": [{"value": "action ", "step": null, "ts": 1724635391.985624}]}, "version": 1500, "at": 1724635391.985624}
{"obj": {"type": "LogStrings", "path": ["monitoring", "59169b80", "stdout"], "values": [{"value": " ", "step": null, "ts": 1724635391.985624}]}, "version": 1501, "at": 1724635391.985624}
{"obj": {"type": "LogStrings", "path": ["monitoring", "59169b80", "stdout"], "values": [{"value": "10", "step": null, "ts": 1724635391.985624}]}, "version": 1502, "at": 1724635391.985624}
{"obj": {"type": "LogStrings", "path": ["monitoring", "59169b80", "stdout"], "values": [{"value": "\n", "step": null, "ts": 1724635391.985624}]}, "version": 1503, "at": 1724635391.985624}
{"obj": {"type": "LogStrings", "path": ["monitoring", "59169b80", "stdout"], "values": [{"value": "Found 1 cylinders in image", "step": null, "ts": 1724635392.6463587}]}, "version": 1504, "at": 1724635392.6463587}
{"obj": {"type": "LogStrings", "path": ["monitoring", "59169b80", "stdout"], "values": [{"value": "\n", "step": null, "ts": 1724635392.6473553}]}, "version": 1505, "at": 1724635392.6473553}
{"obj": {"type": "LogStrings", "path": ["monitoring", "59169b80", "stdout"], "values": [{"value": "new_x = ", "step": null, "ts": 1724635392.6493552}]}, "version": 1506, "at": 1724635392.6493552}
{"obj": {"type": "LogStrings", "path": ["monitoring", "59169b80", "stdout"], "values": [{"value": " ", "step": null, "ts": 1724635392.6493552}]}, "version": 1507, "at": 1724635392.6493552}
{"obj": {"type": "LogStrings", "path": ["monitoring", "59169b80", "stdout"], "values": [{"value": "1.4304246656435544", "step": null, "ts": 1724635392.6493552}]}, "version": 1508, "at": 1724635392.6493552}
{"obj": {"type": "LogStrings", "path": ["monitoring", "59169b80", "stdout"], "values": [{"value": " ", "step": null, "ts": 1724635392.6503563}]}, "version": 1509, "at": 1724635392.6503563}
{"obj": {"type": "LogStrings", "path": ["monitoring", "59169b80", "stdout"], "values": [{"value": " new_y = ", "step": null, "ts": 1724635392.6503563}]}, "version": 1510, "at": 1724635392.6503563}
{"obj": {"type": "LogStrings", "path": ["monitoring", "59169b80", "stdout"], "values": [{"value": " ", "step": null, "ts": 1724635392.6503563}]}, "version": 1511, "at": 1724635392.6503563}
{"obj": {"type": "LogStrings", "path": ["monitoring", "59169b80", "stdout"], "values": [{"value": "-1.1581110151772007", "step": null, "ts": 1724635392.6503563}]}, "version": 1512, "at": 1724635392.6503563}
{"obj": {"type": "LogStrings", "path": ["monitoring", "59169b80", "stdout"], "values": [{"value": "\n", "step": null, "ts": 1724635392.6503563}]}, "version": 1513, "at": 1724635392.6503563}
{"obj": {"type": "LogStrings", "path": ["monitoring", "59169b80", "stdout"], "values": [{"value": "Drone2 moved with speed vector [6, -4, 0] with duration 2", "step": null, "ts": 1724635393.2480536}]}, "version": 1514, "at": 1724635393.2480536}
{"obj": {"type": "LogStrings", "path": ["monitoring", "59169b80", "stdout"], "values": [{"value": "\n", "step": null, "ts": 1724635393.2480536}]}, "version": 1515, "at": 1724635393.2480536}
{"obj": {"type": "LogStrings", "path": ["monitoring", "59169b80", "stdout"], "values": [{"value": "drone 2 ", "step": null, "ts": 1724635393.2490554}]}, "version": 1516, "at": 1724635393.2490554}
{"obj": {"type": "LogStrings", "path": ["monitoring", "59169b80", "stdout"], "values": [{"value": " ", "step": null, "ts": 1724635393.2490554}]}, "version": 1517, "at": 1724635393.2490554}
{"obj": {"type": "LogStrings", "path": ["monitoring", "59169b80", "stdout"], "values": [{"value": "(9, 0, 0)", "step": null, "ts": 1724635393.2490554}]}, "version": 1518, "at": 1724635393.2490554}
{"obj": {"type": "LogStrings", "path": ["monitoring", "59169b80", "stdout"], "values": [{"value": "\n", "step": null, "ts": 1724635393.2490554}]}, "version": 1519, "at": 1724635393.2490554}
{"obj": {"type": "LogStrings", "path": ["monitoring", "59169b80", "stdout"], "values": [{"value": "Drone1 moved with speed vector [1.4304246656435544, -1.1581110151772007, 0] with duration 1", "step": null, "ts": 1724635393.6567469}]}, "version": 1520, "at": 1724635393.6567469}
{"obj": {"type": "LogStrings", "path": ["monitoring", "59169b80", "stdout"], "values": [{"value": "\n", "step": null, "ts": 1724635393.6567469}]}, "version": 1521, "at": 1724635393.6567469}
{"obj": {"type": "LogStrings", "path": ["monitoring", "59169b80", "stdout"], "values": [{"value": "rc=0 , rfov=0 , rd=-2.0231729956644373 , rdir = 0.09192176818847657 , robs= 0 , r_v=0 , r_ang= -1.0563246461568665 , rf=-50 ", "step": null, "ts": 1724635393.6577513}]}, "version": 1522, "at": 1724635393.6577513}
{"obj": {"type": "LogStrings", "path": ["monitoring", "59169b80", "stdout"], "values": [{"value": "\n", "step": null, "ts": 1724635393.6577513}]}, "version": 1523, "at": 1724635393.6577513}
{"obj": {"type": "LogStrings", "path": ["monitoring", "59169b80", "stdout"], "values": [{"value": "next state ", "step": null, "ts": 1724635393.6577513}]}, "version": 1524, "at": 1724635393.6577513}
{"obj": {"type": "LogStrings", "path": ["monitoring", "59169b80", "stdout"], "values": [{"value": " ", "step": null, "ts": 1724635393.6577513}]}, "version": 1525, "at": 1724635393.6577513}
{"obj": {"type": "LogStrings", "path": ["monitoring", "59169b80", "stdout"], "values": [{"value": "[0.028219064076741535, 0.04022279183069865, -0.03763991196950277, 0.01666549841562907, 0.02202572425206502, -0.03822073936462402, 0.6631553095600817, 0.5472903312378965, 0.0007291330024600029, 0.0013560624181488414, 0.000755605511367321, 0.0016796390509899752, 0.0007358754053711891, 0.0014582074718710817, 14.596088409423828, 14.596088409423828, 14.596088409423828, 14.596088409423828, 14.596088409423828, 14.596088409423828, 14.596088409423828, 14.596088409423828, 14.596088409423828]", "step": null, "ts": 1724635393.6577513}]}, "version": 1526, "at": 1724635393.6577513}
{"obj": {"type": "LogStrings", "path": ["monitoring", "59169b80", "stdout"], "values": [{"value": "\n", "step": null, "ts": 1724635393.6587496}]}, "version": 1527, "at": 1724635393.6587496}
{"obj": {"type": "LogStrings", "path": ["monitoring", "59169b80", "stdout"], "values": [{"value": "action ", "step": null, "ts": 1724635393.6587496}]}, "version": 1528, "at": 1724635393.6587496}
{"obj": {"type": "LogStrings", "path": ["monitoring", "59169b80", "stdout"], "values": [{"value": " ", "step": null, "ts": 1724635393.6587496}]}, "version": 1529, "at": 1724635393.6587496}
{"obj": {"type": "LogStrings", "path": ["monitoring", "59169b80", "stdout"], "values": [{"value": "54", "step": null, "ts": 1724635393.6587496}]}, "version": 1530, "at": 1724635393.6587496}
{"obj": {"type": "LogStrings", "path": ["monitoring", "59169b80", "stdout"], "values": [{"value": "\n", "step": null, "ts": 1724635393.6587496}]}, "version": 1531, "at": 1724635393.6587496}
{"obj": {"type": "LogStrings", "path": ["monitoring", "59169b80", "stdout"], "values": [{"value": "Found 1 cylinders in image", "step": null, "ts": 1724635394.3165393}]}, "version": 1532, "at": 1724635394.3165393}
{"obj": {"type": "LogStrings", "path": ["monitoring", "59169b80", "stdout"], "values": [{"value": "\n", "step": null, "ts": 1724635394.3175387}]}, "version": 1533, "at": 1724635394.3175387}
{"obj": {"type": "LogStrings", "path": ["monitoring", "59169b80", "stdout"], "values": [{"value": "new_x = ", "step": null, "ts": 1724635394.3195379}]}, "version": 1534, "at": 1724635394.3195379}
{"obj": {"type": "LogStrings", "path": ["monitoring", "59169b80", "stdout"], "values": [{"value": " ", "step": null, "ts": 1724635394.3205788}]}, "version": 1535, "at": 1724635394.3205788}
{"obj": {"type": "LogStrings", "path": ["monitoring", "59169b80", "stdout"], "values": [{"value": "-0.6204365508692078", "step": null, "ts": 1724635394.3205788}]}, "version": 1536, "at": 1724635394.3205788}
{"obj": {"type": "LogStrings", "path": ["monitoring", "59169b80", "stdout"], "values": [{"value": " ", "step": null, "ts": 1724635394.3205788}]}, "version": 1537, "at": 1724635394.3205788}
{"obj": {"type": "LogStrings", "path": ["monitoring", "59169b80", "stdout"], "values": [{"value": " new_y = ", "step": null, "ts": 1724635394.3205788}]}, "version": 1538, "at": 1724635394.3205788}
{"obj": {"type": "LogStrings", "path": ["monitoring", "59169b80", "stdout"], "values": [{"value": " ", "step": null, "ts": 1724635394.3205788}]}, "version": 1539, "at": 1724635394.3205788}
{"obj": {"type": "LogStrings", "path": ["monitoring", "59169b80", "stdout"], "values": [{"value": "0.7104850912177693", "step": null, "ts": 1724635394.3205788}]}, "version": 1540, "at": 1724635394.3205788}
{"obj": {"type": "LogStrings", "path": ["monitoring", "59169b80", "stdout"], "values": [{"value": "\n", "step": null, "ts": 1724635394.3205788}]}, "version": 1541, "at": 1724635394.3205788}
{"obj": {"type": "LogStrings", "path": ["monitoring", "59169b80", "stdout"], "values": [{"value": "Drone2 moved with speed vector [9, 0, 0] with duration 2", "step": null, "ts": 1724635395.2657814}]}, "version": 1542, "at": 1724635395.2657814}
{"obj": {"type": "LogStrings", "path": ["monitoring", "59169b80", "stdout"], "values": [{"value": "\n", "step": null, "ts": 1724635395.2667809}]}, "version": 1543, "at": 1724635395.2667809}
{"obj": {"type": "LogStrings", "path": ["monitoring", "59169b80", "stdout"], "values": [{"value": "drone 2 ", "step": null, "ts": 1724635395.2667809}]}, "version": 1544, "at": 1724635395.2667809}
{"obj": {"type": "LogStrings", "path": ["monitoring", "59169b80", "stdout"], "values": [{"value": " ", "step": null, "ts": 1724635395.2667809}]}, "version": 1545, "at": 1724635395.2667809}
{"obj": {"type": "LogStrings", "path": ["monitoring", "59169b80", "stdout"], "values": [{"value": "(0, 0, 0)", "step": null, "ts": 1724635395.2667809}]}, "version": 1546, "at": 1724635395.2667809}
{"obj": {"type": "LogStrings", "path": ["monitoring", "59169b80", "stdout"], "values": [{"value": "\n", "step": null, "ts": 1724635395.2667809}]}, "version": 1547, "at": 1724635395.2667809}
{"obj": {"type": "LogStrings", "path": ["monitoring", "59169b80", "stdout"], "values": [{"value": "Drone1 moved with speed vector [-0.6204365508692078, 0.7104850912177693, 0] with duration 1", "step": null, "ts": 1724635395.3287306}]}, "version": 1548, "at": 1724635395.3297312}
{"obj": {"type": "LogStrings", "path": ["monitoring", "59169b80", "stdout"], "values": [{"value": "\n", "step": null, "ts": 1724635395.3297312}]}, "version": 1549, "at": 1724635395.3297312}
{"obj": {"type": "LogStrings", "path": ["monitoring", "59169b80", "stdout"], "values": [{"value": "rc=0 , rfov=0 , rd=-2.0052606800166877 , rdir = 0.09524021148681641 , robs= 0 , r_v=0 , r_ang= -1.0550743674959973 , rf=-50 ", "step": null, "ts": 1724635395.3307352}]}, "version": 1550, "at": 1724635395.3307352}
{"obj": {"type": "LogStrings", "path": ["monitoring", "59169b80", "stdout"], "values": [{"value": "\n", "step": null, "ts": 1724635395.3307352}]}, "version": 1551, "at": 1724635395.3307352}
{"obj": {"type": "LogStrings", "path": ["monitoring", "59169b80", "stdout"], "values": [{"value": "next state ", "step": null, "ts": 1724635395.3307352}]}, "version": 1552, "at": 1724635395.3307352}
{"obj": {"type": "LogStrings", "path": ["monitoring", "59169b80", "stdout"], "values": [{"value": " ", "step": null, "ts": 1724635395.3307352}]}, "version": 1553, "at": 1724635395.3307352}
{"obj": {"type": "LogStrings", "path": ["monitoring", "59169b80", "stdout"], "values": [{"value": "[0.03771837949752808, 0.03456532557805379, -0.03876860539118449, 0.028219064076741535, 0.04022279183069865, -0.03763991196950277, 0.6894587096435193, 0.6631553095600817, 0.0006898888573050499, 0.0015723159578111437, 0.0007291330024600029, 0.0013560624181488414, 0.000755605511367321, 0.0016796390509899752, 14.76201057434082, 14.76201057434082, 14.76201057434082, 14.76201057434082, 14.76201057434082, 14.76201057434082, 14.76201057434082, 14.76201057434082, 14.76201057434082]", "step": null, "ts": 1724635395.3307352}]}, "version": 1554, "at": 1724635395.3307352}
{"obj": {"type": "LogStrings", "path": ["monitoring", "59169b80", "stdout"], "values": [{"value": "\n", "step": null, "ts": 1724635395.331732}]}, "version": 1555, "at": 1724635395.331732}
{"obj": {"type": "LogStrings", "path": ["monitoring", "59169b80", "stdout"], "values": [{"value": "action ", "step": null, "ts": 1724635395.332732}]}, "version": 1556, "at": 1724635395.332732}
{"obj": {"type": "LogStrings", "path": ["monitoring", "59169b80", "stdout"], "values": [{"value": " ", "step": null, "ts": 1724635395.332732}]}, "version": 1557, "at": 1724635395.332732}
{"obj": {"type": "LogStrings", "path": ["monitoring", "59169b80", "stdout"], "values": [{"value": "149", "step": null, "ts": 1724635395.332732}]}, "version": 1558, "at": 1724635395.332732}
{"obj": {"type": "LogStrings", "path": ["monitoring", "59169b80", "stdout"], "values": [{"value": "\n", "step": null, "ts": 1724635395.332732}]}, "version": 1559, "at": 1724635395.332732}
{"obj": {"type": "LogStrings", "path": ["monitoring", "59169b80", "stdout"], "values": [{"value": "Found 1 cylinders in image", "step": null, "ts": 1724635395.9875636}]}, "version": 1560, "at": 1724635395.9875636}
{"obj": {"type": "LogStrings", "path": ["monitoring", "59169b80", "stdout"], "values": [{"value": "\n", "step": null, "ts": 1724635395.9895656}]}, "version": 1561, "at": 1724635395.9895656}
{"obj": {"type": "LogStrings", "path": ["monitoring", "59169b80", "stdout"], "values": [{"value": "new_x = ", "step": null, "ts": 1724635395.9915645}]}, "version": 1562, "at": 1724635395.9915645}
{"obj": {"type": "LogStrings", "path": ["monitoring", "59169b80", "stdout"], "values": [{"value": " ", "step": null, "ts": 1724635395.9915645}]}, "version": 1563, "at": 1724635395.9915645}
{"obj": {"type": "LogStrings", "path": ["monitoring", "59169b80", "stdout"], "values": [{"value": "-0.02481522151059026", "step": null, "ts": 1724635395.9915645}]}, "version": 1564, "at": 1724635395.9915645}
{"obj": {"type": "LogStrings", "path": ["monitoring", "59169b80", "stdout"], "values": [{"value": " ", "step": null, "ts": 1724635395.9915645}]}, "version": 1565, "at": 1724635395.9915645}
{"obj": {"type": "LogStrings", "path": ["monitoring", "59169b80", "stdout"], "values": [{"value": " new_y = ", "step": null, "ts": 1724635395.9915645}]}, "version": 1566, "at": 1724635395.9915645}
{"obj": {"type": "LogStrings", "path": ["monitoring", "59169b80", "stdout"], "values": [{"value": " ", "step": null, "ts": 1724635395.9915645}]}, "version": 1567, "at": 1724635395.9915645}
{"obj": {"type": "LogStrings", "path": ["monitoring", "59169b80", "stdout"], "values": [{"value": "-0.02893159362768059", "step": null, "ts": 1724635395.9915645}]}, "version": 1568, "at": 1724635395.9915645}
{"obj": {"type": "LogStrings", "path": ["monitoring", "59169b80", "stdout"], "values": [{"value": "\n", "step": null, "ts": 1724635395.9915645}]}, "version": 1569, "at": 1724635395.9915645}
{"obj": {"type": "LogStrings", "path": ["monitoring", "59169b80", "stdout"], "values": [{"value": "Drone2 moved with speed vector [0, 0, 0] with duration 2", "step": null, "ts": 1724635397.282689}]}, "version": 1570, "at": 1724635397.282689}
{"obj": {"type": "LogStrings", "path": ["monitoring", "59169b80", "stdout"], "values": [{"value": "\n", "step": null, "ts": 1724635397.2838454}]}, "version": 1571, "at": 1724635397.2838454}
{"obj": {"type": "LogStrings", "path": ["monitoring", "59169b80", "stdout"], "values": [{"value": "after thread target ", "step": null, "ts": 1724635397.2838454}]}, "version": 1572, "at": 1724635397.2838454}
{"obj": {"type": "LogStrings", "path": ["monitoring", "59169b80", "stdout"], "values": [{"value": " ", "step": null, "ts": 1724635397.2838454}]}, "version": 1573, "at": 1724635397.2838454}
{"obj": {"type": "LogStrings", "path": ["monitoring", "59169b80", "stdout"], "values": [{"value": "1", "step": null, "ts": 1724635397.2838454}]}, "version": 1574, "at": 1724635397.2838454}
{"obj": {"type": "LogStrings", "path": ["monitoring", "59169b80", "stdout"], "values": [{"value": "\n", "step": null, "ts": 1724635397.2838454}]}, "version": 1575, "at": 1724635397.2838454}
{"obj": {"type": "LogStrings", "path": ["monitoring", "59169b80", "stdout"], "values": [{"value": "Drone1 moved with speed vector [-0.02481522151059026, -0.02893159362768059, 0] with duration 2", "step": null, "ts": 1724635398.006411}]}, "version": 1576, "at": 1724635398.006411}
{"obj": {"type": "LogStrings", "path": ["monitoring", "59169b80", "stdout"], "values": [{"value": "\n", "step": null, "ts": 1724635398.0073202}]}, "version": 1577, "at": 1724635398.0073202}
{"obj": {"type": "LogStrings", "path": ["monitoring", "59169b80", "stdout"], "values": [{"value": "rc=0 , rfov=0 , rd=-2.0201538738536606 , rdir = 0.09791038513183595 , robs= 0 , r_v=-0.0924226664275413 , r_ang= -1.0588446927052986 , rf=-50 ", "step": null, "ts": 1724635398.0083182}]}, "version": 1578, "at": 1724635398.0083182}
{"obj": {"type": "LogStrings", "path": ["monitoring", "59169b80", "stdout"], "values": [{"value": "\n", "step": null, "ts": 1724635398.0083182}]}, "version": 1579, "at": 1724635398.0083182}
{"obj": {"type": "LogStrings", "path": ["monitoring", "59169b80", "stdout"], "values": [{"value": "next state ", "step": null, "ts": 1724635398.0093184}]}, "version": 1580, "at": 1724635398.0093184}
{"obj": {"type": "LogStrings", "path": ["monitoring", "59169b80", "stdout"], "values": [{"value": " ", "step": null, "ts": 1724635398.0093184}]}, "version": 1581, "at": 1724635398.0093184}
{"obj": {"type": "LogStrings", "path": ["monitoring", "59169b80", "stdout"], "values": [{"value": "[0.035630548000335695, 0.0375093142191569, -0.039042059580485025, 0.03771837949752808, 0.03456532557805379, -0.03876860539118449, 0.7902280789118221, 0.6894587096435193, 0.0007012980803847314, 0.0010273652606540256, 0.0006898888573050499, 0.0015723159578111437, 0.0007291330024600029, 0.0013560624181488414, 14.895519256591797, 14.895519256591797, 14.895519256591797, 14.895519256591797, 14.895519256591797, 14.895519256591797, 14.895519256591797, 14.895519256591797, 14.895519256591797]", "step": null, "ts": 1724635398.0093184}]}, "version": 1582, "at": 1724635398.0093184}
{"obj": {"type": "LogStrings", "path": ["monitoring", "59169b80", "stdout"], "values": [{"value": "\n", "step": null, "ts": 1724635398.0093184}]}, "version": 1583, "at": 1724635398.0093184}
{"obj": {"type": "LogStrings", "path": ["monitoring", "59169b80", "stdout"], "values": [{"value": "after thread drone ", "step": null, "ts": 1724635398.0093184}]}, "version": 1584, "at": 1724635398.0093184}
{"obj": {"type": "LogStrings", "path": ["monitoring", "59169b80", "stdout"], "values": [{"value": " ", "step": null, "ts": 1724635398.0103307}]}, "version": 1585, "at": 1724635398.0103307}
{"obj": {"type": "LogStrings", "path": ["monitoring", "59169b80", "stdout"], "values": [{"value": "1", "step": null, "ts": 1724635398.0103307}]}, "version": 1586, "at": 1724635398.0103307}
{"obj": {"type": "LogStrings", "path": ["monitoring", "59169b80", "stdout"], "values": [{"value": "\n", "step": null, "ts": 1724635398.0103307}]}, "version": 1587, "at": 1724635398.0103307}
{"obj": {"type": "LogStrings", "path": ["monitoring", "59169b80", "stdout"], "values": [{"value": "episode ", "step": null, "ts": 1724635398.0103307}]}, "version": 1588, "at": 1724635398.0103307}
{"obj": {"type": "LogStrings", "path": ["monitoring", "59169b80", "stdout"], "values": [{"value": " ", "step": null, "ts": 1724635398.0103307}]}, "version": 1589, "at": 1724635398.0103307}
{"obj": {"type": "LogStrings", "path": ["monitoring", "59169b80", "stdout"], "values": [{"value": "4", "step": null, "ts": 1724635398.0103307}]}, "version": 1590, "at": 1724635398.0103307}
{"obj": {"type": "LogStrings", "path": ["monitoring", "59169b80", "stdout"], "values": [{"value": " ", "step": null, "ts": 1724635398.0103307}]}, "version": 1591, "at": 1724635398.0113652}
{"obj": {"type": "LogStrings", "path": ["monitoring", "59169b80", "stdout"], "values": [{"value": "score -423.9", "step": null, "ts": 1724635398.0113652}]}, "version": 1592, "at": 1724635398.0113652}
{"obj": {"type": "LogStrings", "path": ["monitoring", "59169b80", "stdout"], "values": [{"value": "\n", "step": null, "ts": 1724635398.0113652}]}, "version": 1593, "at": 1724635398.0113652}
{"obj": {"type": "LogFloats", "path": ["reward"], "values": [{"value": -423.9140282265667, "step": null, "ts": 1724635398.0113652}]}, "version": 1594, "at": 1724635398.0113652}
{"obj": {"type": "LogFloats", "path": ["epsilon"], "values": [{"value": 0.991620662634337, "step": null, "ts": 1724635398.0113652}]}, "version": 1595, "at": 1724635398.0113652}
{"obj": {"type": "LogStrings", "path": ["monitoring", "59169b80", "stdout"], "values": [{"value": "episode ", "step": null, "ts": 1724635398.0113652}]}, "version": 1596, "at": 1724635398.0113652}
{"obj": {"type": "LogStrings", "path": ["monitoring", "59169b80", "stdout"], "values": [{"value": " ", "step": null, "ts": 1724635398.0113652}]}, "version": 1597, "at": 1724635398.0113652}
{"obj": {"type": "LogStrings", "path": ["monitoring", "59169b80", "stdout"], "values": [{"value": "5", "step": null, "ts": 1724635398.0113652}]}, "version": 1598, "at": 1724635398.0113652}
{"obj": {"type": "LogStrings", "path": ["monitoring", "59169b80", "stdout"], "values": [{"value": "\n", "step": null, "ts": 1724635398.0113652}]}, "version": 1599, "at": 1724635398.0113652}
{"obj": {"type": "LogStrings", "path": ["monitoring", "59169b80", "stdout"], "values": [{"value": "reset", "step": null, "ts": 1724635398.0113652}]}, "version": 1600, "at": 1724635398.0113652}
{"obj": {"type": "LogStrings", "path": ["monitoring", "59169b80", "stdout"], "values": [{"value": "\n", "step": null, "ts": 1724635398.0123181}]}, "version": 1601, "at": 1724635398.0123181}
{"obj": {"type": "LogStrings", "path": ["monitoring", "59169b80", "stdout"], "values": [{"value": "Found 1 cylinders in image", "step": null, "ts": 1724635399.0009573}]}, "version": 1602, "at": 1724635399.0009573}
{"obj": {"type": "LogStrings", "path": ["monitoring", "59169b80", "stdout"], "values": [{"value": "\n", "step": null, "ts": 1724635399.0029573}]}, "version": 1603, "at": 1724635399.0029573}
{"obj": {"type": "LogFloats", "path": ["monitoring", "59169b80", "cpu"], "values": [{"value": 12.4, "step": null, "ts": 1724635401.8177087}]}, "version": 1604, "at": 1724635401.8247309}
{"obj": {"type": "LogFloats", "path": ["monitoring", "59169b80", "memory"], "values": [{"value": 13.116458892822266, "step": null, "ts": 1724635401.8177087}]}, "version": 1605, "at": 1724635401.8247309}
{"obj": {"type": "LogFloats", "path": ["monitoring", "59169b80", "gpu_memory"], "values": [{"value": 1.2941627502441406, "step": null, "ts": 1724635401.8177087}]}, "version": 1606, "at": 1724635401.8247309}
{"obj": {"type": "LogFloats", "path": ["monitoring", "59169b80", "gpu_power"], "values": [{"value": 6.213, "step": null, "ts": 1724635401.8177087}]}, "version": 1607, "at": 1724635401.8247309}
{"obj": {"type": "LogStrings", "path": ["monitoring", "59169b80", "stdout"], "values": [{"value": "Drone1 moved with speed vector [1, 0, 0] with duration 2", "step": null, "ts": 1724635407.874872}]}, "version": 1608, "at": 1724635407.874872}
{"obj": {"type": "LogStrings", "path": ["monitoring", "59169b80", "stdout"], "values": [{"value": "\n", "step": null, "ts": 1724635407.8758786}]}, "version": 1609, "at": 1724635407.8758786}
{"obj": {"type": "LogStrings", "path": ["monitoring", "59169b80", "stdout"], "values": [{"value": "before threads ", "step": null, "ts": 1724635407.8758786}]}, "version": 1610, "at": 1724635407.8758786}
{"obj": {"type": "LogStrings", "path": ["monitoring", "59169b80", "stdout"], "values": [{"value": " ", "step": null, "ts": 1724635407.8758786}]}, "version": 1611, "at": 1724635407.8758786}
{"obj": {"type": "LogStrings", "path": ["monitoring", "59169b80", "stdout"], "values": [{"value": "0", "step": null, "ts": 1724635407.876877}]}, "version": 1612, "at": 1724635407.876877}
{"obj": {"type": "LogStrings", "path": ["monitoring", "59169b80", "stdout"], "values": [{"value": "\n", "step": null, "ts": 1724635407.876877}]}, "version": 1613, "at": 1724635407.876877}
{"obj": {"type": "LogStrings", "path": ["monitoring", "59169b80", "stdout"], "values": [{"value": "drone 2 ", "step": null, "ts": 1724635407.876877}]}, "version": 1614, "at": 1724635407.876877}
{"obj": {"type": "LogStrings", "path": ["monitoring", "59169b80", "stdout"], "values": [{"value": " ", "step": null, "ts": 1724635407.8778758}]}, "version": 1615, "at": 1724635407.8778758}
{"obj": {"type": "LogStrings", "path": ["monitoring", "59169b80", "stdout"], "values": [{"value": "(3, 0, 0)", "step": null, "ts": 1724635407.8788764}]}, "version": 1616, "at": 1724635407.8788764}
{"obj": {"type": "LogStrings", "path": ["monitoring", "59169b80", "stdout"], "values": [{"value": "action ", "step": null, "ts": 1724635407.8788764}]}, "version": 1617, "at": 1724635407.8788764}
{"obj": {"type": "LogStrings", "path": ["monitoring", "59169b80", "stdout"], "values": [{"value": " ", "step": null, "ts": 1724635407.8798778}]}, "version": 1618, "at": 1724635407.8798778}
{"obj": {"type": "LogStrings", "path": ["monitoring", "59169b80", "stdout"], "values": [{"value": "225", "step": null, "ts": 1724635407.880876}]}, "version": 1619, "at": 1724635407.880876}
{"obj": {"type": "LogStrings", "path": ["monitoring", "59169b80", "stdout"], "values": [{"value": "\n", "step": null, "ts": 1724635407.880876}]}, "version": 1620, "at": 1724635407.880876}
{"obj": {"type": "LogStrings", "path": ["monitoring", "59169b80", "stdout"], "values": [{"value": "\n", "step": null, "ts": 1724635407.880876}]}, "version": 1621, "at": 1724635407.880876}
{"obj": {"type": "LogStrings", "path": ["monitoring", "59169b80", "stdout"], "values": [{"value": "Found 1 cylinders in image", "step": null, "ts": 1724635408.389032}]}, "version": 1622, "at": 1724635408.389032}
{"obj": {"type": "LogStrings", "path": ["monitoring", "59169b80", "stdout"], "values": [{"value": "\n", "step": null, "ts": 1724635408.3900318}]}, "version": 1623, "at": 1724635408.3900318}
{"obj": {"type": "LogStrings", "path": ["monitoring", "59169b80", "stdout"], "values": [{"value": "new_x = ", "step": null, "ts": 1724635408.3920374}]}, "version": 1624, "at": 1724635408.3920374}
{"obj": {"type": "LogStrings", "path": ["monitoring", "59169b80", "stdout"], "values": [{"value": " ", "step": null, "ts": 1724635408.3920374}]}, "version": 1625, "at": 1724635408.3920374}
{"obj": {"type": "LogStrings", "path": ["monitoring", "59169b80", "stdout"], "values": [{"value": "1.2825352967533252", "step": null, "ts": 1724635408.3935473}]}, "version": 1626, "at": 1724635408.3935473}
{"obj": {"type": "LogStrings", "path": ["monitoring", "59169b80", "stdout"], "values": [{"value": " ", "step": null, "ts": 1724635408.3940904}]}, "version": 1627, "at": 1724635408.3940904}
{"obj": {"type": "LogStrings", "path": ["monitoring", "59169b80", "stdout"], "values": [{"value": " new_y = ", "step": null, "ts": 1724635408.3940904}]}, "version": 1628, "at": 1724635408.3940904}
{"obj": {"type": "LogStrings", "path": ["monitoring", "59169b80", "stdout"], "values": [{"value": " ", "step": null, "ts": 1724635408.3940904}]}, "version": 1629, "at": 1724635408.3940904}
{"obj": {"type": "LogStrings", "path": ["monitoring", "59169b80", "stdout"], "values": [{"value": "0.24897281214577371", "step": null, "ts": 1724635408.3940904}]}, "version": 1630, "at": 1724635408.3940904}
{"obj": {"type": "LogStrings", "path": ["monitoring", "59169b80", "stdout"], "values": [{"value": "\n", "step": null, "ts": 1724635408.3946111}]}, "version": 1631, "at": 1724635408.3946111}
{"obj": {"type": "LogStrings", "path": ["monitoring", "59169b80", "stdout"], "values": [{"value": "Drone2 moved with speed vector [3, 0, 0] with duration 2", "step": null, "ts": 1724635409.8962855}]}, "version": 1632, "at": 1724635409.8962855}
{"obj": {"type": "LogStrings", "path": ["monitoring", "59169b80", "stdout"], "values": [{"value": "\n", "step": null, "ts": 1724635409.8972933}]}, "version": 1633, "at": 1724635409.8972933}
{"obj": {"type": "LogStrings", "path": ["monitoring", "59169b80", "stdout"], "values": [{"value": "drone 2 ", "step": null, "ts": 1724635409.8972933}]}, "version": 1634, "at": 1724635409.8972933}
{"obj": {"type": "LogStrings", "path": ["monitoring", "59169b80", "stdout"], "values": [{"value": " ", "step": null, "ts": 1724635409.8972933}]}, "version": 1635, "at": 1724635409.8972933}
{"obj": {"type": "LogStrings", "path": ["monitoring", "59169b80", "stdout"], "values": [{"value": "(3, 2, 0)", "step": null, "ts": 1724635409.8972933}]}, "version": 1636, "at": 1724635409.8972933}
{"obj": {"type": "LogStrings", "path": ["monitoring", "59169b80", "stdout"], "values": [{"value": "\n", "step": null, "ts": 1724635409.8972933}]}, "version": 1637, "at": 1724635409.8972933}
{"obj": {"type": "LogStrings", "path": ["monitoring", "59169b80", "stdout"], "values": [{"value": "Drone1 moved with speed vector [1.2825352967533252, 0.24897281214577371, 0] with duration 3", "step": null, "ts": 1724635411.401398}]}, "version": 1638, "at": 1724635411.401398}
{"obj": {"type": "LogStrings", "path": ["monitoring", "59169b80", "stdout"], "values": [{"value": "\n", "step": null, "ts": 1724635411.401398}]}, "version": 1639, "at": 1724635411.401398}
{"obj": {"type": "LogStrings", "path": ["monitoring", "59169b80", "stdout"], "values": [{"value": "rc=0 , rfov=0 , rd=1.0002440843774816 , rdir = 0.10088029861450197 , robs= 0 , r_v=0 , r_ang= -1.0584609361768405 , rf=0 ", "step": null, "ts": 1724635411.402397}]}, "version": 1640, "at": 1724635411.402397}
{"obj": {"type": "LogStrings", "path": ["monitoring", "59169b80", "stdout"], "values": [{"value": "\n", "step": null, "ts": 1724635411.4039032}]}, "version": 1641, "at": 1724635411.4039032}
{"obj": {"type": "LogStrings", "path": ["monitoring", "59169b80", "stdout"], "values": [{"value": "next state ", "step": null, "ts": 1724635411.4039032}]}, "version": 1642, "at": 1724635411.4039032}
{"obj": {"type": "LogStrings", "path": ["monitoring", "59169b80", "stdout"], "values": [{"value": " ", "step": null, "ts": 1724635411.4039032}]}, "version": 1643, "at": 1724635411.4039032}
{"obj": {"type": "LogStrings", "path": ["monitoring", "59169b80", "stdout"], "values": [{"value": "[0.0006279638657967249, -4.1274975335718147e-13, -0.035244957605997725, 0.0, 0.0, 0.0016203541308641434, 0.1059342264583559, 0.10715464834576387, 0.00078125, 0.0010016557905409072, 0.000781249962747097, 0.0013950414422117634, 0.0007012980803847314, 0.0010273652606540256, 14.623223304748535, 14.623223304748535, 14.623223304748535, 14.623223304748535, 15.044014930725098, 15.044014930725098, 15.044014930725098, 15.044014930725098, 15.044014930725098]", "step": null, "ts": 1724635411.4039032}]}, "version": 1644, "at": 1724635411.4039032}
{"obj": {"type": "LogStrings", "path": ["monitoring", "59169b80", "stdout"], "values": [{"value": "\n", "step": null, "ts": 1724635411.4049122}]}, "version": 1645, "at": 1724635411.4049122}
{"obj": {"type": "LogStrings", "path": ["monitoring", "59169b80", "stdout"], "values": [{"value": "action ", "step": null, "ts": 1724635411.4064326}]}, "version": 1646, "at": 1724635411.4064326}
{"obj": {"type": "LogStrings", "path": ["monitoring", "59169b80", "stdout"], "values": [{"value": " ", "step": null, "ts": 1724635411.4074404}]}, "version": 1647, "at": 1724635411.4074404}
{"obj": {"type": "LogStrings", "path": ["monitoring", "59169b80", "stdout"], "values": [{"value": "26", "step": null, "ts": 1724635411.4074404}]}, "version": 1648, "at": 1724635411.4074404}
{"obj": {"type": "LogStrings", "path": ["monitoring", "59169b80", "stdout"], "values": [{"value": "\n", "step": null, "ts": 1724635411.4074404}]}, "version": 1649, "at": 1724635411.4074404}
{"obj": {"type": "LogFloats", "path": ["monitoring", "59169b80", "cpu"], "values": [{"value": 11.8, "step": null, "ts": 1724635411.825751}]}, "version": 1650, "at": 1724635411.8347402}
{"obj": {"type": "LogFloats", "path": ["monitoring", "59169b80", "memory"], "values": [{"value": 13.095096588134766, "step": null, "ts": 1724635411.825751}]}, "version": 1651, "at": 1724635411.8347402}
{"obj": {"type": "LogFloats", "path": ["monitoring", "59169b80", "gpu"], "values": [{"value": 32.0, "step": null, "ts": 1724635411.825751}]}, "version": 1652, "at": 1724635411.8347402}
{"obj": {"type": "LogFloats", "path": ["monitoring", "59169b80", "gpu_memory"], "values": [{"value": 1.2941627502441406, "step": null, "ts": 1724635411.825751}]}, "version": 1653, "at": 1724635411.8347402}
{"obj": {"type": "LogFloats", "path": ["monitoring", "59169b80", "gpu_power"], "values": [{"value": 8.247, "step": null, "ts": 1724635411.825751}]}, "version": 1654, "at": 1724635411.8347402}
{"obj": {"type": "LogStrings", "path": ["monitoring", "59169b80", "stdout"], "values": [{"value": "Drone2 moved with speed vector [3, 2, 0] with duration 2", "step": null, "ts": 1724635411.9305692}]}, "version": 1655, "at": 1724635411.9305692}
{"obj": {"type": "LogStrings", "path": ["monitoring", "59169b80", "stdout"], "values": [{"value": "\n", "step": null, "ts": 1724635411.9305692}]}, "version": 1656, "at": 1724635411.9305692}
{"obj": {"type": "LogStrings", "path": ["monitoring", "59169b80", "stdout"], "values": [{"value": "drone 2 ", "step": null, "ts": 1724635411.9305692}]}, "version": 1657, "at": 1724635411.9305692}
{"obj": {"type": "LogStrings", "path": ["monitoring", "59169b80", "stdout"], "values": [{"value": " ", "step": null, "ts": 1724635411.9305692}]}, "version": 1658, "at": 1724635411.9305692}
{"obj": {"type": "LogStrings", "path": ["monitoring", "59169b80", "stdout"], "values": [{"value": "(6, 0, 0)", "step": null, "ts": 1724635411.9305692}]}, "version": 1659, "at": 1724635411.9305692}
{"obj": {"type": "LogStrings", "path": ["monitoring", "59169b80", "stdout"], "values": [{"value": "\n", "step": null, "ts": 1724635411.9315548}]}, "version": 1660, "at": 1724635411.9315548}
{"obj": {"type": "LogStrings", "path": ["monitoring", "59169b80", "stdout"], "values": [{"value": "Found 1 cylinders in image", "step": null, "ts": 1724635412.09665}]}, "version": 1661, "at": 1724635412.09665}
{"obj": {"type": "LogStrings", "path": ["monitoring", "59169b80", "stdout"], "values": [{"value": "\n", "step": null, "ts": 1724635412.0977032}]}, "version": 1662, "at": 1724635412.0977032}
{"obj": {"type": "LogStrings", "path": ["monitoring", "59169b80", "stdout"], "values": [{"value": "new_x = ", "step": null, "ts": 1724635412.0996907}]}, "version": 1663, "at": 1724635412.0996907}
{"obj": {"type": "LogStrings", "path": ["monitoring", "59169b80", "stdout"], "values": [{"value": " ", "step": null, "ts": 1724635412.0996907}]}, "version": 1664, "at": 1724635412.0996907}
{"obj": {"type": "LogStrings", "path": ["monitoring", "59169b80", "stdout"], "values": [{"value": "0.8322456587823439", "step": null, "ts": 1724635412.0996907}]}, "version": 1665, "at": 1724635412.0996907}
{"obj": {"type": "LogStrings", "path": ["monitoring", "59169b80", "stdout"], "values": [{"value": " ", "step": null, "ts": 1724635412.0996907}]}, "version": 1666, "at": 1724635412.0996907}
{"obj": {"type": "LogStrings", "path": ["monitoring", "59169b80", "stdout"], "values": [{"value": " new_y = ", "step": null, "ts": 1724635412.0996907}]}, "version": 1667, "at": 1724635412.0996907}
{"obj": {"type": "LogStrings", "path": ["monitoring", "59169b80", "stdout"], "values": [{"value": " ", "step": null, "ts": 1724635412.0996907}]}, "version": 1668, "at": 1724635412.0996907}
{"obj": {"type": "LogStrings", "path": ["monitoring", "59169b80", "stdout"], "values": [{"value": "0.8031030255932627", "step": null, "ts": 1724635412.0996907}]}, "version": 1669, "at": 1724635412.0996907}
{"obj": {"type": "LogStrings", "path": ["monitoring", "59169b80", "stdout"], "values": [{"value": "\n", "step": null, "ts": 1724635412.0996907}]}, "version": 1670, "at": 1724635412.0996907}
{"obj": {"type": "LogStrings", "path": ["monitoring", "59169b80", "stdout"], "values": [{"value": "Drone1 moved with speed vector [0.8322456587823439, 0.8031030255932627, 0] with duration 1", "step": null, "ts": 1724635413.1104927}]}, "version": 1671, "at": 1724635413.1104927}
{"obj": {"type": "LogStrings", "path": ["monitoring", "59169b80", "stdout"], "values": [{"value": "\n", "step": null, "ts": 1724635413.1114945}]}, "version": 1672, "at": 1724635413.1114945}
{"obj": {"type": "LogStrings", "path": ["monitoring", "59169b80", "stdout"], "values": [{"value": "rc=0 , rfov=0 , rd=0.9941331659541621 , rdir = 0.09810564041137695 , robs= 0 , r_v=0 , r_ang= -1.052927822102735 , rf=0 ", "step": null, "ts": 1724635413.1124935}]}, "version": 1673, "at": 1724635413.1124935}
{"obj": {"type": "LogStrings", "path": ["monitoring", "59169b80", "stdout"], "values": [{"value": "\n", "step": null, "ts": 1724635413.1124935}]}, "version": 1674, "at": 1724635413.1124935}
{"obj": {"type": "LogStrings", "path": ["monitoring", "59169b80", "stdout"], "values": [{"value": "next state ", "step": null, "ts": 1724635413.1124935}]}, "version": 1675, "at": 1724635413.1124935}
{"obj": {"type": "LogStrings", "path": ["monitoring", "59169b80", "stdout"], "values": [{"value": " ", "step": null, "ts": 1724635413.1124935}]}, "version": 1676, "at": 1724635413.1124935}
{"obj": {"type": "LogStrings", "path": ["monitoring", "59169b80", "stdout"], "values": [{"value": "[0.032399171590805055, 0.005475578208764394, -0.035303215185801186, 0.0006279638657967249, -4.1274975335718147e-13, -0.035244957605997725, 0.135268396687545, 0.1059342264583559, 0.0008670366182923318, 0.001698692050980933, 0.00078125, 0.0010016557905409072, 0.000781249962747097, 0.0013950414422117634, 14.905282020568848, 14.905282020568848, 14.905282020568848, 14.905282020568848, 14.905282020568848, 14.905282020568848, 14.905282020568848, 14.905282020568848, 14.905282020568848]", "step": null, "ts": 1724635413.1139982}]}, "version": 1677, "at": 1724635413.1139982}
{"obj": {"type": "LogStrings", "path": ["monitoring", "59169b80", "stdout"], "values": [{"value": "\n", "step": null, "ts": 1724635413.1139982}]}, "version": 1678, "at": 1724635413.1139982}
{"obj": {"type": "LogStrings", "path": ["monitoring", "59169b80", "stdout"], "values": [{"value": "action ", "step": null, "ts": 1724635413.1139982}]}, "version": 1679, "at": 1724635413.1139982}
{"obj": {"type": "LogStrings", "path": ["monitoring", "59169b80", "stdout"], "values": [{"value": " ", "step": null, "ts": 1724635413.1145217}]}, "version": 1680, "at": 1724635413.1145217}
{"obj": {"type": "LogStrings", "path": ["monitoring", "59169b80", "stdout"], "values": [{"value": "153", "step": null, "ts": 1724635413.1145217}]}, "version": 1681, "at": 1724635413.1145217}
{"obj": {"type": "LogStrings", "path": ["monitoring", "59169b80", "stdout"], "values": [{"value": "\n", "step": null, "ts": 1724635413.1155276}]}, "version": 1682, "at": 1724635413.1155276}
{"obj": {"type": "LogStrings", "path": ["monitoring", "59169b80", "stdout"], "values": [{"value": "Found 1 cylinders in image", "step": null, "ts": 1724635413.7704966}]}, "version": 1683, "at": 1724635413.7714965}
{"obj": {"type": "LogStrings", "path": ["monitoring", "59169b80", "stdout"], "values": [{"value": "\n", "step": null, "ts": 1724635413.7724984}]}, "version": 1684, "at": 1724635413.7724984}
{"obj": {"type": "LogStrings", "path": ["monitoring", "59169b80", "stdout"], "values": [{"value": "new_x = ", "step": null, "ts": 1724635413.774524}]}, "version": 1685, "at": 1724635413.774524}
{"obj": {"type": "LogStrings", "path": ["monitoring", "59169b80", "stdout"], "values": [{"value": " ", "step": null, "ts": 1724635413.774524}]}, "version": 1686, "at": 1724635413.774524}
{"obj": {"type": "LogStrings", "path": ["monitoring", "59169b80", "stdout"], "values": [{"value": "-0.720254575156707", "step": null, "ts": 1724635413.774524}]}, "version": 1687, "at": 1724635413.774524}
{"obj": {"type": "LogStrings", "path": ["monitoring", "59169b80", "stdout"], "values": [{"value": " ", "step": null, "ts": 1724635413.774524}]}, "version": 1688, "at": 1724635413.774524}
{"obj": {"type": "LogStrings", "path": ["monitoring", "59169b80", "stdout"], "values": [{"value": " new_y = ", "step": null, "ts": 1724635413.774524}]}, "version": 1689, "at": 1724635413.774524}
{"obj": {"type": "LogStrings", "path": ["monitoring", "59169b80", "stdout"], "values": [{"value": " ", "step": null, "ts": 1724635413.774524}]}, "version": 1690, "at": 1724635413.774524}
{"obj": {"type": "LogStrings", "path": ["monitoring", "59169b80", "stdout"], "values": [{"value": "-0.12552198099368203", "step": null, "ts": 1724635413.774524}]}, "version": 1691, "at": 1724635413.774524}
{"obj": {"type": "LogStrings", "path": ["monitoring", "59169b80", "stdout"], "values": [{"value": "\n", "step": null, "ts": 1724635413.7755122}]}, "version": 1692, "at": 1724635413.7755122}
{"obj": {"type": "LogStrings", "path": ["monitoring", "59169b80", "stdout"], "values": [{"value": "Drone2 moved with speed vector [6, 0, 0] with duration 2", "step": null, "ts": 1724635413.9509099}]}, "version": 1693, "at": 1724635413.9509099}
{"obj": {"type": "LogStrings", "path": ["monitoring", "59169b80", "stdout"], "values": [{"value": "\n", "step": null, "ts": 1724635413.951913}]}, "version": 1694, "at": 1724635413.951913}
{"obj": {"type": "LogStrings", "path": ["monitoring", "59169b80", "stdout"], "values": [{"value": "drone 2 ", "step": null, "ts": 1724635413.951913}]}, "version": 1695, "at": 1724635413.951913}
{"obj": {"type": "LogStrings", "path": ["monitoring", "59169b80", "stdout"], "values": [{"value": " ", "step": null, "ts": 1724635413.951913}]}, "version": 1696, "at": 1724635413.951913}
{"obj": {"type": "LogStrings", "path": ["monitoring", "59169b80", "stdout"], "values": [{"value": "(6, -4, 0)", "step": null, "ts": 1724635413.951913}]}, "version": 1697, "at": 1724635413.951913}
{"obj": {"type": "LogStrings", "path": ["monitoring", "59169b80", "stdout"], "values": [{"value": "\n", "step": null, "ts": 1724635413.951913}]}, "version": 1698, "at": 1724635413.951913}
{"obj": {"type": "LogStrings", "path": ["monitoring", "59169b80", "stdout"], "values": [{"value": "Drone1 moved with speed vector [-0.720254575156707, -0.12552198099368203, 0] with duration 2", "step": null, "ts": 1724635415.800493}]}, "version": 1699, "at": 1724635415.800493}
{"obj": {"type": "LogStrings", "path": ["monitoring", "59169b80", "stdout"], "values": [{"value": "\n", "step": null, "ts": 1724635415.800493}]}, "version": 1700, "at": 1724635415.800493}
{"obj": {"type": "LogStrings", "path": ["monitoring", "59169b80", "stdout"], "values": [{"value": "rc=0 , rfov=0 , rd=-2.0117241614668497 , rdir = 0.10565984725952149 , robs= 0 , r_v=0 , r_ang= -1.054455150854261 , rf=-50 ", "step": null, "ts": 1724635415.8016958}]}, "version": 1701, "at": 1724635415.8016958}
{"obj": {"type": "LogStrings", "path": ["monitoring", "59169b80", "stdout"], "values": [{"value": "\n", "step": null, "ts": 1724635415.8026924}]}, "version": 1702, "at": 1724635415.8026924}
{"obj": {"type": "LogStrings", "path": ["monitoring", "59169b80", "stdout"], "values": [{"value": "next state ", "step": null, "ts": 1724635415.8026924}]}, "version": 1703, "at": 1724635415.8026924}
{"obj": {"type": "LogStrings", "path": ["monitoring", "59169b80", "stdout"], "values": [{"value": " ", "step": null, "ts": 1724635415.8026924}]}, "version": 1704, "at": 1724635415.8026924}
{"obj": {"type": "LogStrings", "path": ["monitoring", "59169b80", "stdout"], "values": [{"value": "[0.039214877287546794, 0.010702263315518696, -0.034940052032470706, 0.032399171590805055, 0.005475578208764394, -0.035303215185801186, 0.1938892040217935, 0.135268396687545, 0.0008639141544699669, 0.0014856646384721923, 0.0008670366182923318, 0.001698692050980933, 0.00078125, 0.0010016557905409072, 15.282992362976074, 15.282992362976074, 15.282992362976074, 15.282992362976074, 15.282992362976074, 15.282992362976074, 15.282992362976074, 15.282992362976074, 15.282992362976074]", "step": null, "ts": 1724635415.8026924}]}, "version": 1705, "at": 1724635415.8026924}
{"obj": {"type": "LogStrings", "path": ["monitoring", "59169b80", "stdout"], "values": [{"value": "\n", "step": null, "ts": 1724635415.8036919}]}, "version": 1706, "at": 1724635415.8036919}
{"obj": {"type": "LogStrings", "path": ["monitoring", "59169b80", "stdout"], "values": [{"value": "action ", "step": null, "ts": 1724635415.8036919}]}, "version": 1707, "at": 1724635415.8036919}
{"obj": {"type": "LogStrings", "path": ["monitoring", "59169b80", "stdout"], "values": [{"value": " ", "step": null, "ts": 1724635415.8036919}]}, "version": 1708, "at": 1724635415.8036919}
{"obj": {"type": "LogStrings", "path": ["monitoring", "59169b80", "stdout"], "values": [{"value": "258", "step": null, "ts": 1724635415.804788}]}, "version": 1709, "at": 1724635415.804788}
{"obj": {"type": "LogStrings", "path": ["monitoring", "59169b80", "stdout"], "values": [{"value": "\n", "step": null, "ts": 1724635415.804788}]}, "version": 1710, "at": 1724635415.804788}
{"obj": {"type": "LogStrings", "path": ["monitoring", "59169b80", "stdout"], "values": [{"value": "Drone2 moved with speed vector [6, -4, 0] with duration 2", "step": null, "ts": 1724635415.9789479}]}, "version": 1711, "at": 1724635415.9789479}
{"obj": {"type": "LogStrings", "path": ["monitoring", "59169b80", "stdout"], "values": [{"value": "\n", "step": null, "ts": 1724635415.9789479}]}, "version": 1712, "at": 1724635415.9789479}
{"obj": {"type": "LogStrings", "path": ["monitoring", "59169b80", "stdout"], "values": [{"value": "drone 2 ", "step": null, "ts": 1724635415.9789479}]}, "version": 1713, "at": 1724635415.9789479}
{"obj": {"type": "LogStrings", "path": ["monitoring", "59169b80", "stdout"], "values": [{"value": " ", "step": null, "ts": 1724635415.9789479}]}, "version": 1714, "at": 1724635415.9789479}
{"obj": {"type": "LogStrings", "path": ["monitoring", "59169b80", "stdout"], "values": [{"value": "(12, 0, 0)", "step": null, "ts": 1724635415.9789479}]}, "version": 1715, "at": 1724635415.9789479}
{"obj": {"type": "LogStrings", "path": ["monitoring", "59169b80", "stdout"], "values": [{"value": "\n", "step": null, "ts": 1724635415.9789479}]}, "version": 1716, "at": 1724635415.9789479}
{"obj": {"type": "LogStrings", "path": ["monitoring", "59169b80", "stdout"], "values": [{"value": "Found 1 cylinders in image", "step": null, "ts": 1724635416.464128}]}, "version": 1717, "at": 1724635416.464128}
{"obj": {"type": "LogStrings", "path": ["monitoring", "59169b80", "stdout"], "values": [{"value": "\n", "step": null, "ts": 1724635416.4661138}]}, "version": 1718, "at": 1724635416.466655}
{"obj": {"type": "LogStrings", "path": ["monitoring", "59169b80", "stdout"], "values": [{"value": "new_x = ", "step": null, "ts": 1724635416.469664}]}, "version": 1719, "at": 1724635416.469664}
{"obj": {"type": "LogStrings", "path": ["monitoring", "59169b80", "stdout"], "values": [{"value": " ", "step": null, "ts": 1724635416.469664}]}, "version": 1720, "at": 1724635416.469664}
{"obj": {"type": "LogStrings", "path": ["monitoring", "59169b80", "stdout"], "values": [{"value": "0.037646163013159845", "step": null, "ts": 1724635416.469664}]}, "version": 1721, "at": 1724635416.469664}
{"obj": {"type": "LogStrings", "path": ["monitoring", "59169b80", "stdout"], "values": [{"value": " ", "step": null, "ts": 1724635416.4706664}]}, "version": 1722, "at": 1724635416.4706664}
{"obj": {"type": "LogStrings", "path": ["monitoring", "59169b80", "stdout"], "values": [{"value": " new_y = ", "step": null, "ts": 1724635416.4706664}]}, "version": 1723, "at": 1724635416.4706664}
{"obj": {"type": "LogStrings", "path": ["monitoring", "59169b80", "stdout"], "values": [{"value": " ", "step": null, "ts": 1724635416.4706664}]}, "version": 1724, "at": 1724635416.4706664}
{"obj": {"type": "LogStrings", "path": ["monitoring", "59169b80", "stdout"], "values": [{"value": "0.6264672264361841", "step": null, "ts": 1724635416.4706664}]}, "version": 1725, "at": 1724635416.4706664}
{"obj": {"type": "LogStrings", "path": ["monitoring", "59169b80", "stdout"], "values": [{"value": "\n", "step": null, "ts": 1724635416.4706664}]}, "version": 1726, "at": 1724635416.4706664}
{"obj": {"type": "LogStrings", "path": ["monitoring", "59169b80", "stdout"], "values": [{"value": "Drone2 moved with speed vector [12, 0, 0] with duration 2", "step": null, "ts": 1724635418.016476}]}, "version": 1727, "at": 1724635418.0175767}
{"obj": {"type": "LogStrings", "path": ["monitoring", "59169b80", "stdout"], "values": [{"value": "\n", "step": null, "ts": 1724635418.0175767}]}, "version": 1728, "at": 1724635418.0175767}
{"obj": {"type": "LogStrings", "path": ["monitoring", "59169b80", "stdout"], "values": [{"value": "drone 2 ", "step": null, "ts": 1724635418.0175767}]}, "version": 1729, "at": 1724635418.0175767}
{"obj": {"type": "LogStrings", "path": ["monitoring", "59169b80", "stdout"], "values": [{"value": " ", "step": null, "ts": 1724635418.0184767}]}, "version": 1730, "at": 1724635418.0184767}
{"obj": {"type": "LogStrings", "path": ["monitoring", "59169b80", "stdout"], "values": [{"value": "(3, 2, 0)", "step": null, "ts": 1724635418.0184767}]}, "version": 1731, "at": 1724635418.0195851}
{"obj": {"type": "LogStrings", "path": ["monitoring", "59169b80", "stdout"], "values": [{"value": "\n", "step": null, "ts": 1724635418.0195851}]}, "version": 1732, "at": 1724635418.0195851}
{"obj": {"type": "LogStrings", "path": ["monitoring", "59169b80", "stdout"], "values": [{"value": "Drone1 moved with speed vector [0.037646163013159845, 0.6264672264361841, 0] with duration 3", "step": null, "ts": 1724635419.485584}]}, "version": 1733, "at": 1724635419.485584}
{"obj": {"type": "LogStrings", "path": ["monitoring", "59169b80", "stdout"], "values": [{"value": "\n", "step": null, "ts": 1724635419.485584}]}, "version": 1734, "at": 1724635419.485584}
{"obj": {"type": "LogStrings", "path": ["monitoring", "59169b80", "stdout"], "values": [{"value": "rc=0 , rfov=0 , rd=-2.021535252132005 , rdir = 0.09486343383789063 , robs= 0 , r_v=0 , r_ang= -1.0588507328370955 , rf=-50 ", "step": null, "ts": 1724635419.4875925}]}, "version": 1735, "at": 1724635419.4875925}
{"obj": {"type": "LogStrings", "path": ["monitoring", "59169b80", "stdout"], "values": [{"value": "\n", "step": null, "ts": 1724635419.4875925}]}, "version": 1736, "at": 1724635419.4875925}
{"obj": {"type": "LogStrings", "path": ["monitoring", "59169b80", "stdout"], "values": [{"value": "next state ", "step": null, "ts": 1724635419.4875925}]}, "version": 1737, "at": 1724635419.4875925}
{"obj": {"type": "LogStrings", "path": ["monitoring", "59169b80", "stdout"], "values": [{"value": " ", "step": null, "ts": 1724635419.4885821}]}, "version": 1738, "at": 1724635419.4885821}
{"obj": {"type": "LogStrings", "path": ["monitoring", "59169b80", "stdout"], "values": [{"value": "[0.03037292162577311, 0.010018439094225565, -0.0346039334932963, 0.039214877287546794, 0.010702263315518696, -0.034940052032470706, 0.30156546468181783, 0.1938892040217935, 0.0007163047045469285, 0.0010114948249157565, 0.0008639141544699669, 0.0014856646384721923, 0.0008670366182923318, 0.001698692050980933, 14.743171691894531, 14.743171691894531, 14.743171691894531, 14.743171691894531, 14.743171691894531, 14.743171691894531, 14.743171691894531, 14.743171691894531, 14.743171691894531]", "step": null, "ts": 1724635419.4885821}]}, "version": 1739, "at": 1724635419.4885821}
{"obj": {"type": "LogStrings", "path": ["monitoring", "59169b80", "stdout"], "values": [{"value": "\n", "step": null, "ts": 1724635419.489581}]}, "version": 1740, "at": 1724635419.489581}
{"obj": {"type": "LogStrings", "path": ["monitoring", "59169b80", "stdout"], "values": [{"value": "action ", "step": null, "ts": 1724635419.489581}]}, "version": 1741, "at": 1724635419.489581}
{"obj": {"type": "LogStrings", "path": ["monitoring", "59169b80", "stdout"], "values": [{"value": " ", "step": null, "ts": 1724635419.4905818}]}, "version": 1742, "at": 1724635419.4905818}
{"obj": {"type": "LogStrings", "path": ["monitoring", "59169b80", "stdout"], "values": [{"value": "199", "step": null, "ts": 1724635419.4915814}]}, "version": 1743, "at": 1724635419.4915814}
{"obj": {"type": "LogStrings", "path": ["monitoring", "59169b80", "stdout"], "values": [{"value": "\n", "step": null, "ts": 1724635419.4915814}]}, "version": 1744, "at": 1724635419.4915814}
{"obj": {"type": "LogStrings", "path": ["monitoring", "59169b80", "stdout"], "values": [{"value": "Drone2 moved with speed vector [3, 2, 0] with duration 2", "step": null, "ts": 1724635420.0447485}]}, "version": 1745, "at": 1724635420.0447485}
{"obj": {"type": "LogStrings", "path": ["monitoring", "59169b80", "stdout"], "values": [{"value": "\n", "step": null, "ts": 1724635420.0457897}]}, "version": 1746, "at": 1724635420.0457897}
{"obj": {"type": "LogStrings", "path": ["monitoring", "59169b80", "stdout"], "values": [{"value": "drone 2 ", "step": null, "ts": 1724635420.0457897}]}, "version": 1747, "at": 1724635420.0457897}
{"obj": {"type": "LogStrings", "path": ["monitoring", "59169b80", "stdout"], "values": [{"value": " ", "step": null, "ts": 1724635420.0457897}]}, "version": 1748, "at": 1724635420.0457897}
{"obj": {"type": "LogStrings", "path": ["monitoring", "59169b80", "stdout"], "values": [{"value": "(6, 0, 0)", "step": null, "ts": 1724635420.0467808}]}, "version": 1749, "at": 1724635420.0467808}
{"obj": {"type": "LogStrings", "path": ["monitoring", "59169b80", "stdout"], "values": [{"value": "\n", "step": null, "ts": 1724635420.0467808}]}, "version": 1750, "at": 1724635420.0467808}
{"obj": {"type": "LogStrings", "path": ["monitoring", "59169b80", "stdout"], "values": [{"value": "Found 1 cylinders in image", "step": null, "ts": 1724635420.1614327}]}, "version": 1751, "at": 1724635420.1614327}
{"obj": {"type": "LogStrings", "path": ["monitoring", "59169b80", "stdout"], "values": [{"value": "\n", "step": null, "ts": 1724635420.1624339}]}, "version": 1752, "at": 1724635420.1624339}
{"obj": {"type": "LogStrings", "path": ["monitoring", "59169b80", "stdout"], "values": [{"value": "new_x = ", "step": null, "ts": 1724635420.1674826}]}, "version": 1753, "at": 1724635420.1674826}
{"obj": {"type": "LogStrings", "path": ["monitoring", "59169b80", "stdout"], "values": [{"value": " ", "step": null, "ts": 1724635420.1674826}]}, "version": 1754, "at": 1724635420.1674826}
{"obj": {"type": "LogStrings", "path": ["monitoring", "59169b80", "stdout"], "values": [{"value": "3.2391404416909997", "step": null, "ts": 1724635420.1674826}]}, "version": 1755, "at": 1724635420.1674826}
{"obj": {"type": "LogStrings", "path": ["monitoring", "59169b80", "stdout"], "values": [{"value": " ", "step": null, "ts": 1724635420.1674826}]}, "version": 1756, "at": 1724635420.1674826}
{"obj": {"type": "LogStrings", "path": ["monitoring", "59169b80", "stdout"], "values": [{"value": " new_y = ", "step": null, "ts": 1724635420.1674826}]}, "version": 1757, "at": 1724635420.1674826}
{"obj": {"type": "LogStrings", "path": ["monitoring", "59169b80", "stdout"], "values": [{"value": " ", "step": null, "ts": 1724635420.1674826}]}, "version": 1758, "at": 1724635420.1674826}
{"obj": {"type": "LogStrings", "path": ["monitoring", "59169b80", "stdout"], "values": [{"value": "0.31494374997621355", "step": null, "ts": 1724635420.1684866}]}, "version": 1759, "at": 1724635420.1684866}
{"obj": {"type": "LogStrings", "path": ["monitoring", "59169b80", "stdout"], "values": [{"value": "\n", "step": null, "ts": 1724635420.1684866}]}, "version": 1760, "at": 1724635420.1684866}
{"obj": {"type": "LogFloats", "path": ["monitoring", "59169b80", "cpu"], "values": [{"value": 22.6, "step": null, "ts": 1724635421.8367693}]}, "version": 1761, "at": 1724635421.8566492}
{"obj": {"type": "LogFloats", "path": ["monitoring", "59169b80", "memory"], "values": [{"value": 13.50830078125, "step": null, "ts": 1724635421.8367693}]}, "version": 1762, "at": 1724635421.8566492}
{"obj": {"type": "LogFloats", "path": ["monitoring", "59169b80", "gpu_memory"], "values": [{"value": 1.2941627502441406, "step": null, "ts": 1724635421.8367693}]}, "version": 1763, "at": 1724635421.8566492}
{"obj": {"type": "LogFloats", "path": ["monitoring", "59169b80", "gpu_power"], "values": [{"value": 6.982, "step": null, "ts": 1724635421.8367693}]}, "version": 1764, "at": 1724635421.8566492}
{"obj": {"type": "LogStrings", "path": ["monitoring", "59169b80", "stdout"], "values": [{"value": "Drone2 moved with speed vector [6, 0, 0] with duration 2", "step": null, "ts": 1724635422.0657606}]}, "version": 1765, "at": 1724635422.0657606}
{"obj": {"type": "LogStrings", "path": ["monitoring", "59169b80", "stdout"], "values": [{"value": "\n", "step": null, "ts": 1724635422.0657606}]}, "version": 1766, "at": 1724635422.0657606}
{"obj": {"type": "LogStrings", "path": ["monitoring", "59169b80", "stdout"], "values": [{"value": "drone 2 ", "step": null, "ts": 1724635422.0667684}]}, "version": 1767, "at": 1724635422.0667684}
{"obj": {"type": "LogStrings", "path": ["monitoring", "59169b80", "stdout"], "values": [{"value": " ", "step": null, "ts": 1724635422.0667684}]}, "version": 1768, "at": 1724635422.0667684}
{"obj": {"type": "LogStrings", "path": ["monitoring", "59169b80", "stdout"], "values": [{"value": "(6, -4, 0)", "step": null, "ts": 1724635422.0667684}]}, "version": 1769, "at": 1724635422.0667684}
{"obj": {"type": "LogStrings", "path": ["monitoring", "59169b80", "stdout"], "values": [{"value": "\n", "step": null, "ts": 1724635422.06777}]}, "version": 1770, "at": 1724635422.06777}
{"obj": {"type": "LogStrings", "path": ["monitoring", "59169b80", "stdout"], "values": [{"value": "Drone1 moved with speed vector [3.2391404416909997, 0.31494374997621355, 0] with duration 2", "step": null, "ts": 1724635422.1890929}]}, "version": 1771, "at": 1724635422.1890929}
{"obj": {"type": "LogStrings", "path": ["monitoring", "59169b80", "stdout"], "values": [{"value": "\n", "step": null, "ts": 1724635422.1900928}]}, "version": 1772, "at": 1724635422.1900928}
{"obj": {"type": "LogStrings", "path": ["monitoring", "59169b80", "stdout"], "values": [{"value": "rc=0 , rfov=0 , rd=-2.048795850696998 , rdir = 0.10252845764160157 , robs= 0 , r_v=0 , r_ang= -1.0575559523616174 , rf=-50 ", "step": null, "ts": 1724635422.192095}]}, "version": 1773, "at": 1724635422.192095}
{"obj": {"type": "LogStrings", "path": ["monitoring", "59169b80", "stdout"], "values": [{"value": "\n", "step": null, "ts": 1724635422.192095}]}, "version": 1774, "at": 1724635422.192095}
{"obj": {"type": "LogStrings", "path": ["monitoring", "59169b80", "stdout"], "values": [{"value": "next state ", "step": null, "ts": 1724635422.192095}]}, "version": 1775, "at": 1724635422.192095}
{"obj": {"type": "LogStrings", "path": ["monitoring", "59169b80", "stdout"], "values": [{"value": " ", "step": null, "ts": 1724635422.192095}]}, "version": 1776, "at": 1724635422.192095}
{"obj": {"type": "LogStrings", "path": ["monitoring", "59169b80", "stdout"], "values": [{"value": "[0.03005883495012919, 0.023563367128372193, -0.033914955457051595, 0.03037292162577311, 0.010018439094225565, -0.0346039334932963, 0.5455447181668072, 0.30156546468181783, 0.0007439360767602921, 0.0011670190905347284, 0.0007163047045469285, 0.0010114948249157565, 0.0008639141544699669, 0.0014856646384721923, 14.80424690246582, 14.80424690246582, 15.126422882080078, 15.126422882080078, 15.126422882080078, 15.126422882080078, 15.126422882080078, 15.126422882080078, 15.126422882080078]", "step": null, "ts": 1724635422.1930945}]}, "version": 1777, "at": 1724635422.1930945}
{"obj": {"type": "LogStrings", "path": ["monitoring", "59169b80", "stdout"], "values": [{"value": "\n", "step": null, "ts": 1724635422.1946108}]}, "version": 1778, "at": 1724635422.1946108}
{"obj": {"type": "LogStrings", "path": ["monitoring", "59169b80", "stdout"], "values": [{"value": "action ", "step": null, "ts": 1724635422.1976342}]}, "version": 1779, "at": 1724635422.1976342}
{"obj": {"type": "LogStrings", "path": ["monitoring", "59169b80", "stdout"], "values": [{"value": " ", "step": null, "ts": 1724635422.1986358}]}, "version": 1780, "at": 1724635422.1986358}
{"obj": {"type": "LogStrings", "path": ["monitoring", "59169b80", "stdout"], "values": [{"value": "4", "step": null, "ts": 1724635422.1996334}]}, "version": 1781, "at": 1724635422.1996334}
{"obj": {"type": "LogStrings", "path": ["monitoring", "59169b80", "stdout"], "values": [{"value": "\n", "step": null, "ts": 1724635422.2006474}]}, "version": 1782, "at": 1724635422.2006474}
{"obj": {"type": "LogStrings", "path": ["monitoring", "59169b80", "stdout"], "values": [{"value": "Found 1 cylinders in image", "step": null, "ts": 1724635422.8415883}]}, "version": 1783, "at": 1724635422.8415883}
{"obj": {"type": "LogStrings", "path": ["monitoring", "59169b80", "stdout"], "values": [{"value": "\n", "step": null, "ts": 1724635422.8441043}]}, "version": 1784, "at": 1724635422.8441043}
{"obj": {"type": "LogStrings", "path": ["monitoring", "59169b80", "stdout"], "values": [{"value": "new_x = ", "step": null, "ts": 1724635422.8486686}]}, "version": 1785, "at": 1724635422.8486686}
{"obj": {"type": "LogStrings", "path": ["monitoring", "59169b80", "stdout"], "values": [{"value": " ", "step": null, "ts": 1724635422.8486686}]}, "version": 1786, "at": 1724635422.8486686}
{"obj": {"type": "LogStrings", "path": ["monitoring", "59169b80", "stdout"], "values": [{"value": "1.595169290423372", "step": null, "ts": 1724635422.8486686}]}, "version": 1787, "at": 1724635422.8486686}
{"obj": {"type": "LogStrings", "path": ["monitoring", "59169b80", "stdout"], "values": [{"value": " ", "step": null, "ts": 1724635422.8486686}]}, "version": 1788, "at": 1724635422.8496704}
{"obj": {"type": "LogStrings", "path": ["monitoring", "59169b80", "stdout"], "values": [{"value": " new_y = ", "step": null, "ts": 1724635422.8496704}]}, "version": 1789, "at": 1724635422.8496704}
{"obj": {"type": "LogStrings", "path": ["monitoring", "59169b80", "stdout"], "values": [{"value": " ", "step": null, "ts": 1724635422.8496704}]}, "version": 1790, "at": 1724635422.8496704}
{"obj": {"type": "LogStrings", "path": ["monitoring", "59169b80", "stdout"], "values": [{"value": "-0.1552684760697375", "step": null, "ts": 1724635422.8496704}]}, "version": 1791, "at": 1724635422.8496704}
{"obj": {"type": "LogStrings", "path": ["monitoring", "59169b80", "stdout"], "values": [{"value": "\n", "step": null, "ts": 1724635422.8506672}]}, "version": 1792, "at": 1724635422.8506672}
{"obj": {"type": "LogStrings", "path": ["monitoring", "59169b80", "stdout"], "values": [{"value": "Drone1 moved with speed vector [1.595169290423372, -0.1552684760697375, 0] with duration 1", "step": null, "ts": 1724635423.8624594}]}, "version": 1793, "at": 1724635423.8624594}
{"obj": {"type": "LogStrings", "path": ["monitoring", "59169b80", "stdout"], "values": [{"value": "\n", "step": null, "ts": 1724635423.8624594}]}, "version": 1794, "at": 1724635423.8624594}
{"obj": {"type": "LogStrings", "path": ["monitoring", "59169b80", "stdout"], "values": [{"value": "rc=0 , rfov=0 , rd=-2.006683648383986 , rdir = 0.1026738739013672 , robs= 0 , r_v=0 , r_ang= -1.0509236866018279 , rf=-50 ", "step": null, "ts": 1724635423.8644843}]}, "version": 1795, "at": 1724635423.8644843}
{"obj": {"type": "LogStrings", "path": ["monitoring", "59169b80", "stdout"], "values": [{"value": "\n", "step": null, "ts": 1724635423.8644843}]}, "version": 1796, "at": 1724635423.8644843}
{"obj": {"type": "LogStrings", "path": ["monitoring", "59169b80", "stdout"], "values": [{"value": "next state ", "step": null, "ts": 1724635423.8660376}]}, "version": 1797, "at": 1724635423.8660376}
{"obj": {"type": "LogStrings", "path": ["monitoring", "59169b80", "stdout"], "values": [{"value": " ", "step": null, "ts": 1724635423.8660376}]}, "version": 1798, "at": 1724635423.8660376}
{"obj": {"type": "LogStrings", "path": ["monitoring", "59169b80", "stdout"], "values": [{"value": "[0.07489878336588542, 0.02862850228945414, -0.03926777044932048, 0.03005883495012919, 0.023563367128372193, -0.033914955457051595, 0.578962960086735, 0.5455447181668072, 0.0007226471602916718, 0.0021271514892578125, 0.0007439360767602921, 0.0011670190905347284, 0.0007163047045469285, 0.0010114948249157565, 14.896620750427246, 15.13369369506836, 15.13369369506836, 15.13369369506836, 15.13369369506836, 15.13369369506836, 15.13369369506836, 15.13369369506836, 15.13369369506836]", "step": null, "ts": 1724635423.8660376}]}, "version": 1799, "at": 1724635423.8660376}
{"obj": {"type": "LogStrings", "path": ["monitoring", "59169b80", "stdout"], "values": [{"value": "\n", "step": null, "ts": 1724635423.867388}]}, "version": 1800, "at": 1724635423.867388}
{"obj": {"type": "LogStrings", "path": ["monitoring", "59169b80", "stdout"], "values": [{"value": "action ", "step": null, "ts": 1724635423.8683872}]}, "version": 1801, "at": 1724635423.8683872}
{"obj": {"type": "LogStrings", "path": ["monitoring", "59169b80", "stdout"], "values": [{"value": " ", "step": null, "ts": 1724635423.8683872}]}, "version": 1802, "at": 1724635423.8683872}
{"obj": {"type": "LogStrings", "path": ["monitoring", "59169b80", "stdout"], "values": [{"value": "78", "step": null, "ts": 1724635423.8693883}]}, "version": 1803, "at": 1724635423.8693883}
{"obj": {"type": "LogStrings", "path": ["monitoring", "59169b80", "stdout"], "values": [{"value": "\n", "step": null, "ts": 1724635423.8693883}]}, "version": 1804, "at": 1724635423.8693883}
{"obj": {"type": "LogStrings", "path": ["monitoring", "59169b80", "stdout"], "values": [{"value": "Drone2 moved with speed vector [6, -4, 0] with duration 2", "step": null, "ts": 1724635424.0985224}]}, "version": 1805, "at": 1724635424.0996375}
{"obj": {"type": "LogStrings", "path": ["monitoring", "59169b80", "stdout"], "values": [{"value": "\n", "step": null, "ts": 1724635424.0996375}]}, "version": 1806, "at": 1724635424.0996375}
{"obj": {"type": "LogStrings", "path": ["monitoring", "59169b80", "stdout"], "values": [{"value": "drone 2 ", "step": null, "ts": 1724635424.0996375}]}, "version": 1807, "at": 1724635424.1005635}
{"obj": {"type": "LogStrings", "path": ["monitoring", "59169b80", "stdout"], "values": [{"value": " ", "step": null, "ts": 1724635424.1005635}]}, "version": 1808, "at": 1724635424.1005635}
{"obj": {"type": "LogStrings", "path": ["monitoring", "59169b80", "stdout"], "values": [{"value": "(9, 0, 0)", "step": null, "ts": 1724635424.1005635}]}, "version": 1809, "at": 1724635424.1015246}
{"obj": {"type": "LogStrings", "path": ["monitoring", "59169b80", "stdout"], "values": [{"value": "\n", "step": null, "ts": 1724635424.1015246}]}, "version": 1810, "at": 1724635424.1015246}
{"obj": {"type": "LogStrings", "path": ["monitoring", "59169b80", "stdout"], "values": [{"value": "Found 1 cylinders in image", "step": null, "ts": 1724635424.5418453}]}, "version": 1811, "at": 1724635424.5418453}
{"obj": {"type": "LogStrings", "path": ["monitoring", "59169b80", "stdout"], "values": [{"value": "\n", "step": null, "ts": 1724635424.54384}]}, "version": 1812, "at": 1724635424.54384}
{"obj": {"type": "LogStrings", "path": ["monitoring", "59169b80", "stdout"], "values": [{"value": "new_x = ", "step": null, "ts": 1724635424.5478716}]}, "version": 1813, "at": 1724635424.5478716}
{"obj": {"type": "LogStrings", "path": ["monitoring", "59169b80", "stdout"], "values": [{"value": " ", "step": null, "ts": 1724635424.5478716}]}, "version": 1814, "at": 1724635424.5478716}
{"obj": {"type": "LogStrings", "path": ["monitoring", "59169b80", "stdout"], "values": [{"value": "-0.694379702977019", "step": null, "ts": 1724635424.5478716}]}, "version": 1815, "at": 1724635424.5478716}
{"obj": {"type": "LogStrings", "path": ["monitoring", "59169b80", "stdout"], "values": [{"value": " ", "step": null, "ts": 1724635424.548879}]}, "version": 1816, "at": 1724635424.548879}
{"obj": {"type": "LogStrings", "path": ["monitoring", "59169b80", "stdout"], "values": [{"value": " new_y = ", "step": null, "ts": 1724635424.548879}]}, "version": 1817, "at": 1724635424.548879}
{"obj": {"type": "LogStrings", "path": ["monitoring", "59169b80", "stdout"], "values": [{"value": " ", "step": null, "ts": 1724635424.548879}]}, "version": 1818, "at": 1724635424.548879}
{"obj": {"type": "LogStrings", "path": ["monitoring", "59169b80", "stdout"], "values": [{"value": "-2.104074822977026", "step": null, "ts": 1724635424.5498636}]}, "version": 1819, "at": 1724635424.5498636}
{"obj": {"type": "LogStrings", "path": ["monitoring", "59169b80", "stdout"], "values": [{"value": "\n", "step": null, "ts": 1724635424.5498636}]}, "version": 1820, "at": 1724635424.5498636}
{"obj": {"type": "LogStrings", "path": ["monitoring", "59169b80", "stdout"], "values": [{"value": "Drone1 moved with speed vector [-0.694379702977019, -2.104074822977026, 0] with duration 1", "step": null, "ts": 1724635425.605399}]}, "version": 1821, "at": 1724635425.605399}
{"obj": {"type": "LogStrings", "path": ["monitoring", "59169b80", "stdout"], "values": [{"value": "\n", "step": null, "ts": 1724635425.605399}]}, "version": 1822, "at": 1724635425.605399}
{"obj": {"type": "LogStrings", "path": ["monitoring", "59169b80", "stdout"], "values": [{"value": "rc=0 , rfov=0 , rd=-2.013853400473408 , rdir = 0.0967095184326172 , robs= 0 , r_v=0 , r_ang= -1.0547961570008024 , rf=-50 ", "step": null, "ts": 1724635425.6063986}]}, "version": 1823, "at": 1724635425.6063986}
{"obj": {"type": "LogStrings", "path": ["monitoring", "59169b80", "stdout"], "values": [{"value": "\n", "step": null, "ts": 1724635425.607396}]}, "version": 1824, "at": 1724635425.607396}
{"obj": {"type": "LogStrings", "path": ["monitoring", "59169b80", "stdout"], "values": [{"value": "next state ", "step": null, "ts": 1724635425.607396}]}, "version": 1825, "at": 1724635425.607396}
{"obj": {"type": "LogStrings", "path": ["monitoring", "59169b80", "stdout"], "values": [{"value": " ", "step": null, "ts": 1724635425.607396}]}, "version": 1826, "at": 1724635425.607396}
{"obj": {"type": "LogStrings", "path": ["monitoring", "59169b80", "stdout"], "values": [{"value": "[0.09025653998057047, 0.028187549114227294, -0.03899926741917928, 0.07489878336588542, 0.02862850228945414, -0.03926777044932048, 0.6482299624537728, 0.578962960086735, 0.0006792581081390382, 0.0016223471253006547, 0.0007226471602916718, 0.0021271514892578125, 0.0007439360767602921, 0.0011670190905347284, 14.83547592163086, 14.83547592163086, 14.83547592163086, 14.83547592163086, 14.83547592163086, 14.83547592163086, 15.230466842651367, 15.230466842651367, 15.230466842651367]", "step": null, "ts": 1724635425.6078992}]}, "version": 1827, "at": 1724635425.6078992}
{"obj": {"type": "LogStrings", "path": ["monitoring", "59169b80", "stdout"], "values": [{"value": "\n", "step": null, "ts": 1724635425.6078992}]}, "version": 1828, "at": 1724635425.6078992}
{"obj": {"type": "LogStrings", "path": ["monitoring", "59169b80", "stdout"], "values": [{"value": "action ", "step": null, "ts": 1724635425.6078992}]}, "version": 1829, "at": 1724635425.6078992}
{"obj": {"type": "LogStrings", "path": ["monitoring", "59169b80", "stdout"], "values": [{"value": " ", "step": null, "ts": 1724635425.6089034}]}, "version": 1830, "at": 1724635425.6089034}
{"obj": {"type": "LogStrings", "path": ["monitoring", "59169b80", "stdout"], "values": [{"value": "96", "step": null, "ts": 1724635425.6089034}]}, "version": 1831, "at": 1724635425.6089034}
{"obj": {"type": "LogStrings", "path": ["monitoring", "59169b80", "stdout"], "values": [{"value": "\n", "step": null, "ts": 1724635425.6089034}]}, "version": 1832, "at": 1724635425.6089034}
{"obj": {"type": "LogStrings", "path": ["monitoring", "59169b80", "stdout"], "values": [{"value": "Drone2 moved with speed vector [9, 0, 0] with duration 2", "step": null, "ts": 1724635426.171762}]}, "version": 1833, "at": 1724635426.171762}
{"obj": {"type": "LogStrings", "path": ["monitoring", "59169b80", "stdout"], "values": [{"value": "\n", "step": null, "ts": 1724635426.171762}]}, "version": 1834, "at": 1724635426.171762}
{"obj": {"type": "LogStrings", "path": ["monitoring", "59169b80", "stdout"], "values": [{"value": "drone 2 ", "step": null, "ts": 1724635426.1727057}]}, "version": 1835, "at": 1724635426.1727057}
{"obj": {"type": "LogStrings", "path": ["monitoring", "59169b80", "stdout"], "values": [{"value": " ", "step": null, "ts": 1724635426.1727057}]}, "version": 1836, "at": 1724635426.1727057}
{"obj": {"type": "LogStrings", "path": ["monitoring", "59169b80", "stdout"], "values": [{"value": "(0, 0, 0)", "step": null, "ts": 1724635426.1737928}]}, "version": 1837, "at": 1724635426.1742966}
{"obj": {"type": "LogStrings", "path": ["monitoring", "59169b80", "stdout"], "values": [{"value": "\n", "step": null, "ts": 1724635426.1742966}]}, "version": 1838, "at": 1724635426.1742966}
{"obj": {"type": "LogStrings", "path": ["monitoring", "59169b80", "stdout"], "values": [{"value": "Found 1 cylinders in image", "step": null, "ts": 1724635426.2182436}]}, "version": 1839, "at": 1724635426.2182436}
{"obj": {"type": "LogStrings", "path": ["monitoring", "59169b80", "stdout"], "values": [{"value": "\n", "step": null, "ts": 1724635426.222316}]}, "version": 1840, "at": 1724635426.222316}
{"obj": {"type": "LogStrings", "path": ["monitoring", "59169b80", "stdout"], "values": [{"value": "new_x = ", "step": null, "ts": 1724635426.226351}]}, "version": 1841, "at": 1724635426.226351}
{"obj": {"type": "LogStrings", "path": ["monitoring", "59169b80", "stdout"], "values": [{"value": " ", "step": null, "ts": 1724635426.2283535}]}, "version": 1842, "at": 1724635426.2283535}
{"obj": {"type": "LogStrings", "path": ["monitoring", "59169b80", "stdout"], "values": [{"value": "-0.9827182735188895", "step": null, "ts": 1724635426.2293513}]}, "version": 1843, "at": 1724635426.2293513}
{"obj": {"type": "LogStrings", "path": ["monitoring", "59169b80", "stdout"], "values": [{"value": " ", "step": null, "ts": 1724635426.2293513}]}, "version": 1844, "at": 1724635426.2293513}
{"obj": {"type": "LogStrings", "path": ["monitoring", "59169b80", "stdout"], "values": [{"value": " new_y = ", "step": null, "ts": 1724635426.2293513}]}, "version": 1845, "at": 1724635426.2293513}
{"obj": {"type": "LogStrings", "path": ["monitoring", "59169b80", "stdout"], "values": [{"value": " ", "step": null, "ts": 1724635426.2293513}]}, "version": 1846, "at": 1724635426.2293513}
{"obj": {"type": "LogStrings", "path": ["monitoring", "59169b80", "stdout"], "values": [{"value": "3.670539145777682", "step": null, "ts": 1724635426.2293513}]}, "version": 1847, "at": 1724635426.2293513}
{"obj": {"type": "LogStrings", "path": ["monitoring", "59169b80", "stdout"], "values": [{"value": "\n", "step": null, "ts": 1724635426.2293513}]}, "version": 1848, "at": 1724635426.2293513}
{"obj": {"type": "LogStrings", "path": ["monitoring", "59169b80", "stdout"], "values": [{"value": "Drone1 moved with speed vector [-0.9827182735188895, 3.670539145777682, 0] with duration 1", "step": null, "ts": 1724635427.234566}]}, "version": 1849, "at": 1724635427.234566}
{"obj": {"type": "LogStrings", "path": ["monitoring", "59169b80", "stdout"], "values": [{"value": "\n", "step": null, "ts": 1724635427.234566}]}, "version": 1850, "at": 1724635427.234566}
{"obj": {"type": "LogStrings", "path": ["monitoring", "59169b80", "stdout"], "values": [{"value": "rc=0 , rfov=0 , rd=-2.0109453084177034 , rdir = 0.09537927627563476 , robs= 0 , r_v=0 , r_ang= -1.0587118099263382 , rf=-50 ", "step": null, "ts": 1724635427.2365735}]}, "version": 1851, "at": 1724635427.2365735}
{"obj": {"type": "LogStrings", "path": ["monitoring", "59169b80", "stdout"], "values": [{"value": "\n", "step": null, "ts": 1724635427.2365735}]}, "version": 1852, "at": 1724635427.2365735}
{"obj": {"type": "LogStrings", "path": ["monitoring", "59169b80", "stdout"], "values": [{"value": "next state ", "step": null, "ts": 1724635427.2365735}]}, "version": 1853, "at": 1724635427.2365735}
{"obj": {"type": "LogStrings", "path": ["monitoring", "59169b80", "stdout"], "values": [{"value": " ", "step": null, "ts": 1724635427.2365735}]}, "version": 1854, "at": 1724635427.2365735}
{"obj": {"type": "LogStrings", "path": ["monitoring", "59169b80", "stdout"], "values": [{"value": "[0.08769315083821615, 0.01548360288143158, -0.04096539815266927, 0.09025653998057047, 0.028187549114227294, -0.03899926741917928, 0.7029565045422888, 0.6482299624537728, 0.0006553634628653527, 0.0010921346405406058, 0.0006792581081390382, 0.0016223471253006547, 0.0007226471602916718, 0.0021271514892578125, 14.768963813781738, 14.768963813781738, 14.768963813781738, 14.768963813781738, 14.768963813781738, 14.768963813781738, 14.768963813781738, 14.768963813781738, 14.768963813781738]", "step": null, "ts": 1724635427.2375734}]}, "version": 1855, "at": 1724635427.2375734}
{"obj": {"type": "LogStrings", "path": ["monitoring", "59169b80", "stdout"], "values": [{"value": "\n", "step": null, "ts": 1724635427.2375734}]}, "version": 1856, "at": 1724635427.2375734}
{"obj": {"type": "LogStrings", "path": ["monitoring", "59169b80", "stdout"], "values": [{"value": "action ", "step": null, "ts": 1724635427.2385821}]}, "version": 1857, "at": 1724635427.2385821}
{"obj": {"type": "LogStrings", "path": ["monitoring", "59169b80", "stdout"], "values": [{"value": " ", "step": null, "ts": 1724635427.239573}]}, "version": 1858, "at": 1724635427.239573}
{"obj": {"type": "LogStrings", "path": ["monitoring", "59169b80", "stdout"], "values": [{"value": "208", "step": null, "ts": 1724635427.2405756}]}, "version": 1859, "at": 1724635427.2405756}
{"obj": {"type": "LogStrings", "path": ["monitoring", "59169b80", "stdout"], "values": [{"value": "\n", "step": null, "ts": 1724635427.2415738}]}, "version": 1860, "at": 1724635427.2415738}
{"obj": {"type": "LogStrings", "path": ["monitoring", "59169b80", "stdout"], "values": [{"value": "Found 0 cylinders in image", "step": null, "ts": 1724635427.9014957}]}, "version": 1861, "at": 1724635427.9014957}
{"obj": {"type": "LogStrings", "path": ["monitoring", "59169b80", "stdout"], "values": [{"value": "\n", "step": null, "ts": 1724635427.9014957}]}, "version": 1862, "at": 1724635427.9014957}
{"obj": {"type": "LogStrings", "path": ["monitoring", "59169b80", "stdout"], "values": [{"value": "new_x = ", "step": null, "ts": 1724635427.9045084}]}, "version": 1863, "at": 1724635427.9045084}
{"obj": {"type": "LogStrings", "path": ["monitoring", "59169b80", "stdout"], "values": [{"value": " ", "step": null, "ts": 1724635427.905519}]}, "version": 1864, "at": 1724635427.905519}
{"obj": {"type": "LogStrings", "path": ["monitoring", "59169b80", "stdout"], "values": [{"value": "-1.718258875949599", "step": null, "ts": 1724635427.9057517}]}, "version": 1865, "at": 1724635427.9057517}
{"obj": {"type": "LogStrings", "path": ["monitoring", "59169b80", "stdout"], "values": [{"value": " ", "step": null, "ts": 1724635427.9057517}]}, "version": 1866, "at": 1724635427.9057517}
{"obj": {"type": "LogStrings", "path": ["monitoring", "59169b80", "stdout"], "values": [{"value": " new_y = ", "step": null, "ts": 1724635427.9057517}]}, "version": 1867, "at": 1724635427.9057517}
{"obj": {"type": "LogStrings", "path": ["monitoring", "59169b80", "stdout"], "values": [{"value": " ", "step": null, "ts": 1724635427.9057517}]}, "version": 1868, "at": 1724635427.9057517}
{"obj": {"type": "LogStrings", "path": ["monitoring", "59169b80", "stdout"], "values": [{"value": "-0.028145116844818047", "step": null, "ts": 1724635427.9057517}]}, "version": 1869, "at": 1724635427.9057517}
{"obj": {"type": "LogStrings", "path": ["monitoring", "59169b80", "stdout"], "values": [{"value": "\n", "step": null, "ts": 1724635427.9065254}]}, "version": 1870, "at": 1724635427.9065254}
{"obj": {"type": "LogStrings", "path": ["monitoring", "59169b80", "stdout"], "values": [{"value": "Drone2 moved with speed vector [0, 0, 0] with duration 2", "step": null, "ts": 1724635428.1923988}]}, "version": 1871, "at": 1724635428.1923988}
{"obj": {"type": "LogStrings", "path": ["monitoring", "59169b80", "stdout"], "values": [{"value": "\n", "step": null, "ts": 1724635428.1923988}]}, "version": 1872, "at": 1724635428.1923988}
{"obj": {"type": "LogStrings", "path": ["monitoring", "59169b80", "stdout"], "values": [{"value": "after thread target ", "step": null, "ts": 1724635428.1923988}]}, "version": 1873, "at": 1724635428.1923988}
{"obj": {"type": "LogStrings", "path": ["monitoring", "59169b80", "stdout"], "values": [{"value": " ", "step": null, "ts": 1724635428.1939042}]}, "version": 1874, "at": 1724635428.1939042}
{"obj": {"type": "LogStrings", "path": ["monitoring", "59169b80", "stdout"], "values": [{"value": "1", "step": null, "ts": 1724635428.1939042}]}, "version": 1875, "at": 1724635428.1939042}
{"obj": {"type": "LogStrings", "path": ["monitoring", "59169b80", "stdout"], "values": [{"value": "\n", "step": null, "ts": 1724635428.1939042}]}, "version": 1876, "at": 1724635428.1939042}
{"obj": {"type": "LogStrings", "path": ["monitoring", "59169b80", "stdout"], "values": [{"value": "Drone1 moved with speed vector [-1.718258875949599, -0.028145116844818047, 0] with duration 3", "step": null, "ts": 1724635430.9203868}]}, "version": 1877, "at": 1724635430.9203868}
{"obj": {"type": "LogStrings", "path": ["monitoring", "59169b80", "stdout"], "values": [{"value": "\n", "step": null, "ts": 1724635430.9203868}]}, "version": 1878, "at": 1724635430.9203868}
{"obj": {"type": "LogStrings", "path": ["monitoring", "59169b80", "stdout"], "values": [{"value": "rc=0 , rfov=-10 , rd=0.0 , rdir = 0.10530830383300782 , robs= 0 , r_v=0 , r_ang= 0 , rf=-50 ", "step": null, "ts": 1724635430.9224062}]}, "version": 1879, "at": 1724635430.9224062}
{"obj": {"type": "LogStrings", "path": ["monitoring", "59169b80", "stdout"], "values": [{"value": "\n", "step": null, "ts": 1724635430.9224062}]}, "version": 1880, "at": 1724635430.9224062}
{"obj": {"type": "LogStrings", "path": ["monitoring", "59169b80", "stdout"], "values": [{"value": "next state ", "step": null, "ts": 1724635430.9224062}]}, "version": 1881, "at": 1724635430.9224062}
{"obj": {"type": "LogStrings", "path": ["monitoring", "59169b80", "stdout"], "values": [{"value": " ", "step": null, "ts": 1724635430.9239147}]}, "version": 1882, "at": 1724635430.9239147}
{"obj": {"type": "LogStrings", "path": ["monitoring", "59169b80", "stdout"], "values": [{"value": "[0.08068757057189942, 0.0367135206858317, -0.048601075013478594, 0.08769315083821615, 0.01548360288143158, -0.04096539815266927, -1, 0.7029565045422888, -1, -1, 0.0006553634628653527, 0.0010921346405406058, 0.0006792581081390382, 0.0016223471253006547, 15.094120979309082, 15.094120979309082, 15.26541519165039, 15.26541519165039, 15.26541519165039, 15.26541519165039, 15.26541519165039, 15.26541519165039, 15.26541519165039]", "step": null, "ts": 1724635430.9239147}]}, "version": 1883, "at": 1724635430.9239147}
{"obj": {"type": "LogStrings", "path": ["monitoring", "59169b80", "stdout"], "values": [{"value": "\n", "step": null, "ts": 1724635430.9244323}]}, "version": 1884, "at": 1724635430.9244323}
{"obj": {"type": "LogStrings", "path": ["monitoring", "59169b80", "stdout"], "values": [{"value": "after thread drone ", "step": null, "ts": 1724635430.9244323}]}, "version": 1885, "at": 1724635430.9244323}
{"obj": {"type": "LogStrings", "path": ["monitoring", "59169b80", "stdout"], "values": [{"value": " ", "step": null, "ts": 1724635430.9244323}]}, "version": 1886, "at": 1724635430.9244323}
{"obj": {"type": "LogStrings", "path": ["monitoring", "59169b80", "stdout"], "values": [{"value": "1", "step": null, "ts": 1724635430.9254615}]}, "version": 1887, "at": 1724635430.9254615}
{"obj": {"type": "LogStrings", "path": ["monitoring", "59169b80", "stdout"], "values": [{"value": "\n", "step": null, "ts": 1724635430.9254615}]}, "version": 1888, "at": 1724635430.9254615}
{"obj": {"type": "LogFloats", "path": ["reward"], "values": [{"value": -377.6637339688933, "step": null, "ts": 1724635430.9254615}]}, "version": 1889, "at": 1724635430.9254615}
{"obj": {"type": "LogFloats", "path": ["epsilon"], "values": [{"value": 0.989953325146274, "step": null, "ts": 1724635430.9254615}]}, "version": 1890, "at": 1724635430.9254615}
{"obj": {"type": "LogStrings", "path": ["monitoring", "59169b80", "stdout"], "values": [{"value": "episode ", "step": null, "ts": 1724635430.9254615}]}, "version": 1891, "at": 1724635430.9264572}
{"obj": {"type": "LogStrings", "path": ["monitoring", "59169b80", "stdout"], "values": [{"value": " ", "step": null, "ts": 1724635430.9264572}]}, "version": 1892, "at": 1724635430.9264572}
{"obj": {"type": "LogStrings", "path": ["monitoring", "59169b80", "stdout"], "values": [{"value": "6", "step": null, "ts": 1724635430.9264572}]}, "version": 1893, "at": 1724635430.9264572}
{"obj": {"type": "LogStrings", "path": ["monitoring", "59169b80", "stdout"], "values": [{"value": "\n", "step": null, "ts": 1724635430.9264572}]}, "version": 1894, "at": 1724635430.9264572}
{"obj": {"type": "LogStrings", "path": ["monitoring", "59169b80", "stdout"], "values": [{"value": "reset", "step": null, "ts": 1724635430.9264572}]}, "version": 1895, "at": 1724635430.9264572}
{"obj": {"type": "LogStrings", "path": ["monitoring", "59169b80", "stdout"], "values": [{"value": "\n", "step": null, "ts": 1724635430.9274406}]}, "version": 1896, "at": 1724635430.9274406}
{"obj": {"type": "LogFloats", "path": ["monitoring", "59169b80", "cpu"], "values": [{"value": 14.6, "step": null, "ts": 1724635431.8614464}]}, "version": 1897, "at": 1724635431.8807797}
{"obj": {"type": "LogFloats", "path": ["monitoring", "59169b80", "memory"], "values": [{"value": 13.416095733642578, "step": null, "ts": 1724635431.8614464}]}, "version": 1898, "at": 1724635431.8807797}
{"obj": {"type": "LogFloats", "path": ["monitoring", "59169b80", "gpu"], "values": [{"value": 23.0, "step": null, "ts": 1724635431.8614464}]}, "version": 1899, "at": 1724635431.8807797}
{"obj": {"type": "LogFloats", "path": ["monitoring", "59169b80", "gpu_memory"], "values": [{"value": 1.2941627502441406, "step": null, "ts": 1724635431.8614464}]}, "version": 1900, "at": 1724635431.8817792}
{"obj": {"type": "LogFloats", "path": ["monitoring", "59169b80", "gpu_power"], "values": [{"value": 6.768, "step": null, "ts": 1724635431.8614464}]}, "version": 1901, "at": 1724635431.8817792}
{"obj": {"type": "LogStrings", "path": ["monitoring", "59169b80", "stdout"], "values": [{"value": "Found 1 cylinders in image", "step": null, "ts": 1724635431.922859}]}, "version": 1902, "at": 1724635431.923859}
{"obj": {"type": "LogStrings", "path": ["monitoring", "59169b80", "stdout"], "values": [{"value": "\n", "step": null, "ts": 1724635431.9253774}]}, "version": 1903, "at": 1724635431.9253774}
{"obj": {"type": "LogStrings", "path": ["monitoring", "59169b80", "stdout"], "values": [{"value": "Drone1 moved with speed vector [1, 0, 0] with duration 2", "step": null, "ts": 1724635440.8073545}]}, "version": 1904, "at": 1724635440.8083544}
{"obj": {"type": "LogStrings", "path": ["monitoring", "59169b80", "stdout"], "values": [{"value": "\n", "step": null, "ts": 1724635440.8083544}]}, "version": 1905, "at": 1724635440.8083544}
{"obj": {"type": "LogStrings", "path": ["monitoring", "59169b80", "stdout"], "values": [{"value": "before threads ", "step": null, "ts": 1724635440.8083544}]}, "version": 1906, "at": 1724635440.8083544}
{"obj": {"type": "LogStrings", "path": ["monitoring", "59169b80", "stdout"], "values": [{"value": " ", "step": null, "ts": 1724635440.8093545}]}, "version": 1907, "at": 1724635440.8093545}
{"obj": {"type": "LogStrings", "path": ["monitoring", "59169b80", "stdout"], "values": [{"value": "0", "step": null, "ts": 1724635440.8093545}]}, "version": 1908, "at": 1724635440.8093545}
{"obj": {"type": "LogStrings", "path": ["monitoring", "59169b80", "stdout"], "values": [{"value": "\n", "step": null, "ts": 1724635440.8093545}]}, "version": 1909, "at": 1724635440.8093545}
{"obj": {"type": "LogStrings", "path": ["monitoring", "59169b80", "stdout"], "values": [{"value": "drone 2 ", "step": null, "ts": 1724635440.8093545}]}, "version": 1910, "at": 1724635440.8093545}
{"obj": {"type": "LogStrings", "path": ["monitoring", "59169b80", "stdout"], "values": [{"value": " ", "step": null, "ts": 1724635440.8113797}]}, "version": 1911, "at": 1724635440.8113797}
{"obj": {"type": "LogStrings", "path": ["monitoring", "59169b80", "stdout"], "values": [{"value": "(3, 0, 0)", "step": null, "ts": 1724635440.812377}]}, "version": 1912, "at": 1724635440.812377}
{"obj": {"type": "LogStrings", "path": ["monitoring", "59169b80", "stdout"], "values": [{"value": "\n", "step": null, "ts": 1724635440.8144493}]}, "version": 1913, "at": 1724635440.8144493}
{"obj": {"type": "LogStrings", "path": ["monitoring", "59169b80", "stdout"], "values": [{"value": "action ", "step": null, "ts": 1724635440.8144493}]}, "version": 1914, "at": 1724635440.8144493}
{"obj": {"type": "LogStrings", "path": ["monitoring", "59169b80", "stdout"], "values": [{"value": " ", "step": null, "ts": 1724635440.8144493}]}, "version": 1915, "at": 1724635440.8144493}
{"obj": {"type": "LogStrings", "path": ["monitoring", "59169b80", "stdout"], "values": [{"value": "47", "step": null, "ts": 1724635440.8144493}]}, "version": 1916, "at": 1724635440.8144493}
{"obj": {"type": "LogStrings", "path": ["monitoring", "59169b80", "stdout"], "values": [{"value": "\n", "step": null, "ts": 1724635440.8144493}]}, "version": 1917, "at": 1724635440.8144493}
{"obj": {"type": "LogStrings", "path": ["monitoring", "59169b80", "stdout"], "values": [{"value": "Found 1 cylinders in image", "step": null, "ts": 1724635441.2994685}]}, "version": 1918, "at": 1724635441.2994685}
{"obj": {"type": "LogStrings", "path": ["monitoring", "59169b80", "stdout"], "values": [{"value": "\n", "step": null, "ts": 1724635441.301468}]}, "version": 1919, "at": 1724635441.301468}
{"obj": {"type": "LogStrings", "path": ["monitoring", "59169b80", "stdout"], "values": [{"value": "new_x = ", "step": null, "ts": 1724635441.3034685}]}, "version": 1920, "at": 1724635441.3034685}
{"obj": {"type": "LogStrings", "path": ["monitoring", "59169b80", "stdout"], "values": [{"value": " ", "step": null, "ts": 1724635441.3034685}]}, "version": 1921, "at": 1724635441.3034685}
{"obj": {"type": "LogStrings", "path": ["monitoring", "59169b80", "stdout"], "values": [{"value": "-0.004010094419466858", "step": null, "ts": 1724635441.3034685}]}, "version": 1922, "at": 1724635441.3034685}
{"obj": {"type": "LogStrings", "path": ["monitoring", "59169b80", "stdout"], "values": [{"value": " ", "step": null, "ts": 1724635441.3034685}]}, "version": 1923, "at": 1724635441.3034685}
{"obj": {"type": "LogStrings", "path": ["monitoring", "59169b80", "stdout"], "values": [{"value": " new_y = ", "step": null, "ts": 1724635441.3047109}]}, "version": 1924, "at": 1724635441.3047109}
{"obj": {"type": "LogStrings", "path": ["monitoring", "59169b80", "stdout"], "values": [{"value": " ", "step": null, "ts": 1724635441.3047109}]}, "version": 1925, "at": 1724635441.3047109}
{"obj": {"type": "LogStrings", "path": ["monitoring", "59169b80", "stdout"], "values": [{"value": "-0.005712070089816087", "step": null, "ts": 1724635441.3047109}]}, "version": 1926, "at": 1724635441.3047109}
{"obj": {"type": "LogStrings", "path": ["monitoring", "59169b80", "stdout"], "values": [{"value": "\n", "step": null, "ts": 1724635441.3047109}]}, "version": 1927, "at": 1724635441.3047109}
{"obj": {"type": "LogFloats", "path": ["monitoring", "59169b80", "cpu"], "values": [{"value": 15.7, "step": null, "ts": 1724635441.8937502}]}, "version": 1928, "at": 1724635441.9124625}
{"obj": {"type": "LogFloats", "path": ["monitoring", "59169b80", "memory"], "values": [{"value": 13.105049133300781, "step": null, "ts": 1724635441.8937502}]}, "version": 1929, "at": 1724635441.9124625}
{"obj": {"type": "LogFloats", "path": ["monitoring", "59169b80", "gpu"], "values": [{"value": 22.0, "step": null, "ts": 1724635441.8937502}]}, "version": 1930, "at": 1724635441.9124625}
{"obj": {"type": "LogFloats", "path": ["monitoring", "59169b80", "gpu_memory"], "values": [{"value": 1.2941627502441406, "step": null, "ts": 1724635441.8937502}]}, "version": 1931, "at": 1724635441.9124625}
{"obj": {"type": "LogFloats", "path": ["monitoring", "59169b80", "gpu_power"], "values": [{"value": 5.911, "step": null, "ts": 1724635441.8937502}]}, "version": 1932, "at": 1724635441.9124625}
{"obj": {"type": "LogStrings", "path": ["monitoring", "59169b80", "stdout"], "values": [{"value": "Drone1 moved with speed vector [-0.004010094419466858, -0.005712070089816087, 0] with duration 1", "step": null, "ts": 1724635442.3392906}]}, "version": 1933, "at": 1724635442.3392906}
{"obj": {"type": "LogStrings", "path": ["monitoring", "59169b80", "stdout"], "values": [{"value": "\n", "step": null, "ts": 1724635442.3392906}]}, "version": 1934, "at": 1724635442.3392906}
{"obj": {"type": "LogStrings", "path": ["monitoring", "59169b80", "stdout"], "values": [{"value": "rc=0 , rfov=0 , rd=1.000259297006166 , rdir = 0.10088029861450197 , robs= 0 , r_v=-0.0673977159756745 , r_ang= -1.0584577828882258 , rf=0 ", "step": null, "ts": 1724635442.3402905}]}, "version": 1935, "at": 1724635442.3402905}
{"obj": {"type": "LogStrings", "path": ["monitoring", "59169b80", "stdout"], "values": [{"value": "\n", "step": null, "ts": 1724635442.3402905}]}, "version": 1936, "at": 1724635442.3402905}
{"obj": {"type": "LogStrings", "path": ["monitoring", "59169b80", "stdout"], "values": [{"value": "next state ", "step": null, "ts": 1724635442.3402905}]}, "version": 1937, "at": 1724635442.3402905}
{"obj": {"type": "LogStrings", "path": ["monitoring", "59169b80", "stdout"], "values": [{"value": " ", "step": null, "ts": 1724635442.341291}]}, "version": 1938, "at": 1724635442.341291}
{"obj": {"type": "LogStrings", "path": ["monitoring", "59169b80", "stdout"], "values": [{"value": "[0.0005668781076868375, 1.5549925713384538e-14, -0.03532161315282186, 0.0, 0.0, 0.0016201955576737722, 0.1058581633149352, 0.10715464834576387, 0.000781249962747097, 0.001002101868758967, 0.000781249962747097, 0.0013950416188181184, -1, -1, 15.044014930725098, 15.044014930725098, 15.044014930725098, 15.044014930725098, 15.044014930725098, 15.044014930725098, 15.044014930725098, 15.044014930725098, 15.044014930725098]", "step": null, "ts": 1724635442.341291}]}, "version": 1939, "at": 1724635442.341291}
{"obj": {"type": "LogStrings", "path": ["monitoring", "59169b80", "stdout"], "values": [{"value": "\n", "step": null, "ts": 1724635442.341291}]}, "version": 1940, "at": 1724635442.341291}
{"obj": {"type": "LogStrings", "path": ["monitoring", "59169b80", "stdout"], "values": [{"value": "action ", "step": null, "ts": 1724635442.341291}]}, "version": 1941, "at": 1724635442.341291}
{"obj": {"type": "LogStrings", "path": ["monitoring", "59169b80", "stdout"], "values": [{"value": " ", "step": null, "ts": 1724635442.341291}]}, "version": 1942, "at": 1724635442.341291}
{"obj": {"type": "LogStrings", "path": ["monitoring", "59169b80", "stdout"], "values": [{"value": "167", "step": null, "ts": 1724635442.341291}]}, "version": 1943, "at": 1724635442.341291}
{"obj": {"type": "LogStrings", "path": ["monitoring", "59169b80", "stdout"], "values": [{"value": "\n", "step": null, "ts": 1724635442.341291}]}, "version": 1944, "at": 1724635442.341291}
