{"obj": {"type": "AssignString", "path": ["sys", "description"], "value": ""}, "version": 1, "at": 1724634842.22735}
{"obj": {"type": "AssignString", "path": ["monitoring", "ca52453c", "hostname"], "value": "LAPTOP-IESB2RHE"}, "version": 2, "at": 1724634842.22735}
{"obj": {"type": "AssignString", "path": ["sys", "hostname"], "value": "LAPTOP-IESB2RHE"}, "version": 3, "at": 1724634842.2278621}
{"obj": {"type": "AssignString", "path": ["monitoring", "ca52453c", "pid"], "value": "37052"}, "version": 4, "at": 1724634842.2278621}
{"obj": {"type": "AssignString", "path": ["monitoring", "ca52453c", "tid"], "value": "38192"}, "version": 5, "at": 1724634842.2278621}
{"obj": {"type": "AssignBool", "path": ["sys", "failed"], "value": false}, "version": 6, "at": 1724634842.2278621}
{"obj": {"type": "ClearStringLog", "path": ["monitoring", "ca52453c", "stdout"]}, "version": 7, "at": 1724634842.2278621}
{"obj": {"type": "ClearStringLog", "path": ["monitoring", "ca52453c", "stderr"]}, "version": 8, "at": 1724634842.2278621}
{"obj": {"type": "AssignString", "path": ["source_code", "entrypoint"], "value": "train_dqn.py"}, "version": 9, "at": 1724634842.2283735}
{"obj": {"type": "UploadFileSet", "path": ["source_code", "files"], "file_globs": ["C:\\Users\\tkamy\\OneDrive\\Bureau\\DQN\\PFE-Efficient-tracking-and-collision-avoidance-system-in-UAV\\RL\\apps\\train_dqn.py"], "reset": "False"}, "version": 10, "at": 1724634842.2283735}
{"obj": {"type": "UploadFile", "path": ["source_code", "diff"], "ext": "patch", "file_path": null, "tmp_file_name": "source_code_diff-1724634842.906255-2024-08-26_02.14.02.906255.patch", "clean_after_upload": false}, "version": 11, "at": 1724634842.9082997}
{"obj": {"type": "UploadFile", "path": ["source_code", "upstream_diff_136a0236adf7d7e7670174d4eec7e9b7ec053bff"], "ext": "patch", "file_path": null, "tmp_file_name": "source_code_upstream_diff_136a0236adf7d7e7670174d4eec7e9b7ec053bff-1724634842.908299-2024-08-26_02.14.02.908299.patch", "clean_after_upload": false}, "version": 12, "at": 1724634842.9195242}
{"obj": {"type": "ConfigFloatSeries", "path": ["monitoring", "ca52453c", "cpu"], "min": 0.0, "max": 100.0, "unit": "%"}, "version": 13, "at": 1724634842.996318}
{"obj": {"type": "ClearFloatLog", "path": ["monitoring", "ca52453c", "cpu"]}, "version": 14, "at": 1724634842.996318}
{"obj": {"type": "ConfigFloatSeries", "path": ["monitoring", "ca52453c", "memory"], "min": 0.0, "max": 15.648944854736328, "unit": "GB"}, "version": 15, "at": 1724634842.996318}
{"obj": {"type": "ClearFloatLog", "path": ["monitoring", "ca52453c", "memory"]}, "version": 16, "at": 1724634842.996318}
{"obj": {"type": "ConfigFloatSeries", "path": ["monitoring", "ca52453c", "gpu"], "min": 0.0, "max": 100.0, "unit": "%"}, "version": 17, "at": 1724634842.996318}
{"obj": {"type": "ClearFloatLog", "path": ["monitoring", "ca52453c", "gpu"]}, "version": 18, "at": 1724634842.996318}
{"obj": {"type": "ConfigFloatSeries", "path": ["monitoring", "ca52453c", "gpu_memory"], "min": 0.0, "max": 6.0, "unit": "GB"}, "version": 19, "at": 1724634842.996318}
{"obj": {"type": "ClearFloatLog", "path": ["monitoring", "ca52453c", "gpu_memory"]}, "version": 20, "at": 1724634842.996318}
{"obj": {"type": "ConfigFloatSeries", "path": ["monitoring", "ca52453c", "gpu_power"], "min": 0.0, "max": 63, "unit": "W"}, "version": 21, "at": 1724634842.9973202}
{"obj": {"type": "ClearFloatLog", "path": ["monitoring", "ca52453c", "gpu_power"]}, "version": 22, "at": 1724634842.9973202}
{"obj": {"type": "LogFloats", "path": ["monitoring", "ca52453c", "memory"], "values": [{"value": 13.020774841308594, "step": null, "ts": 1724634842.9994075}]}, "version": 23, "at": 1724634843.0166006}
{"obj": {"type": "LogFloats", "path": ["monitoring", "ca52453c", "gpu"], "values": [{"value": 35.0, "step": null, "ts": 1724634842.9994075}]}, "version": 24, "at": 1724634843.0176017}
{"obj": {"type": "LogFloats", "path": ["monitoring", "ca52453c", "gpu_memory"], "values": [{"value": 1.2962379455566406, "step": null, "ts": 1724634842.9994075}]}, "version": 25, "at": 1724634843.0201418}
{"obj": {"type": "LogFloats", "path": ["monitoring", "ca52453c", "gpu_power"], "values": [{"value": 11.604, "step": null, "ts": 1724634842.9994075}]}, "version": 26, "at": 1724634843.0211382}
{"obj": {"type": "LogStrings", "path": ["monitoring", "ca52453c", "stdout"], "values": [{"value": "Connected!", "step": null, "ts": 1724634843.026133}]}, "version": 27, "at": 1724634843.0281823}
{"obj": {"type": "LogStrings", "path": ["monitoring", "ca52453c", "stdout"], "values": [{"value": "\n", "step": null, "ts": 1724634843.0292048}]}, "version": 28, "at": 1724634843.0298357}
{"obj": {"type": "LogStrings", "path": ["monitoring", "ca52453c", "stdout"], "values": [{"value": "Client Ver:1 (Min Req: 1), Server Ver:1 (Min Req: 1)", "step": null, "ts": 1724634843.0311978}]}, "version": 29, "at": 1724634843.0311978}
{"obj": {"type": "LogStrings", "path": ["monitoring", "ca52453c", "stdout"], "values": [{"value": "\n", "step": null, "ts": 1724634843.0311978}]}, "version": 30, "at": 1724634843.0311978}
{"obj": {"type": "LogStrings", "path": ["monitoring", "ca52453c", "stdout"], "values": [{"value": "", "step": null, "ts": 1724634843.0311978}]}, "version": 31, "at": 1724634843.0311978}
{"obj": {"type": "LogStrings", "path": ["monitoring", "ca52453c", "stdout"], "values": [{"value": "\n", "step": null, "ts": 1724634843.0321925}]}, "version": 32, "at": 1724634843.0321925}
{"obj": {"type": "LogStrings", "path": ["monitoring", "ca52453c", "stdout"], "values": [{"value": "Drone2 is set !", "step": null, "ts": 1724634843.0331912}]}, "version": 33, "at": 1724634843.0331912}
{"obj": {"type": "LogStrings", "path": ["monitoring", "ca52453c", "stdout"], "values": [{"value": "\n", "step": null, "ts": 1724634843.0341926}]}, "version": 34, "at": 1724634843.0341926}
{"obj": {"type": "LogStrings", "path": ["monitoring", "ca52453c", "stdout"], "values": [{"value": "Connected!", "step": null, "ts": 1724634843.0361953}]}, "version": 35, "at": 1724634843.0361953}
{"obj": {"type": "LogStrings", "path": ["monitoring", "ca52453c", "stdout"], "values": [{"value": "\n", "step": null, "ts": 1724634843.0377047}]}, "version": 36, "at": 1724634843.0377047}
{"obj": {"type": "LogStrings", "path": ["monitoring", "ca52453c", "stdout"], "values": [{"value": "Client Ver:1 (Min Req: 1), Server Ver:1 (Min Req: 1)", "step": null, "ts": 1724634843.0382469}]}, "version": 37, "at": 1724634843.0382469}
{"obj": {"type": "LogStrings", "path": ["monitoring", "ca52453c", "stdout"], "values": [{"value": "\n", "step": null, "ts": 1724634843.0392544}]}, "version": 38, "at": 1724634843.0392544}
{"obj": {"type": "LogStrings", "path": ["monitoring", "ca52453c", "stdout"], "values": [{"value": "", "step": null, "ts": 1724634843.0392544}]}, "version": 39, "at": 1724634843.0392544}
{"obj": {"type": "LogStrings", "path": ["monitoring", "ca52453c", "stdout"], "values": [{"value": "\n", "step": null, "ts": 1724634843.0392544}]}, "version": 40, "at": 1724634843.0392544}
{"obj": {"type": "LogStrings", "path": ["monitoring", "ca52453c", "stdout"], "values": [{"value": "Drone1 is set !", "step": null, "ts": 1724634843.041265}]}, "version": 41, "at": 1724634843.041265}
{"obj": {"type": "LogStrings", "path": ["monitoring", "ca52453c", "stdout"], "values": [{"value": "\n", "step": null, "ts": 1724634843.0422652}]}, "version": 42, "at": 1724634843.0422652}
{"obj": {"type": "LogStrings", "path": ["monitoring", "ca52453c", "stdout"], "values": [{"value": "[14.906457901000977, 14.906457901000977, 14.906457901000977, 14.906457901000977, 12.403786659240723, 14.906457901000977, 14.906457901000977, 14.906457901000977, 14.906457901000977]", "step": null, "ts": 1724634843.0462759}]}, "version": 43, "at": 1724634843.0462759}
{"obj": {"type": "LogStrings", "path": ["monitoring", "ca52453c", "stdout"], "values": [{"value": "\n", "step": null, "ts": 1724634843.0477736}]}, "version": 44, "at": 1724634843.0477736}
{"obj": {"type": "LogStrings", "path": ["monitoring", "ca52453c", "stdout"], "values": [{"value": "Found 1 cylinders in image", "step": null, "ts": 1724634843.214319}]}, "version": 45, "at": 1724634843.214319}
{"obj": {"type": "LogStrings", "path": ["monitoring", "ca52453c", "stdout"], "values": [{"value": "\n", "step": null, "ts": 1724634843.2173193}]}, "version": 46, "at": 1724634843.2173193}
{"obj": {"type": "LogStrings", "path": ["monitoring", "ca52453c", "stdout"], "values": [{"value": "Found 1 cylinders in image", "step": null, "ts": 1724634843.3379042}]}, "version": 47, "at": 1724634843.3379042}
{"obj": {"type": "LogStrings", "path": ["monitoring", "ca52453c", "stdout"], "values": [{"value": "\n", "step": null, "ts": 1724634843.3384101}]}, "version": 48, "at": 1724634843.3384101}
{"obj": {"type": "LogStrings", "path": ["monitoring", "ca52453c", "stdout"], "values": [{"value": "episode ", "step": null, "ts": 1724634844.8054538}]}, "version": 49, "at": 1724634844.8054538}
{"obj": {"type": "LogStrings", "path": ["monitoring", "ca52453c", "stdout"], "values": [{"value": " ", "step": null, "ts": 1724634844.8064432}]}, "version": 50, "at": 1724634844.8064432}
{"obj": {"type": "LogStrings", "path": ["monitoring", "ca52453c", "stdout"], "values": [{"value": "0", "step": null, "ts": 1724634844.8064432}]}, "version": 51, "at": 1724634844.8064432}
{"obj": {"type": "LogStrings", "path": ["monitoring", "ca52453c", "stdout"], "values": [{"value": "\n", "step": null, "ts": 1724634844.8064432}]}, "version": 52, "at": 1724634844.8064432}
{"obj": {"type": "LogStrings", "path": ["monitoring", "ca52453c", "stdout"], "values": [{"value": "reset", "step": null, "ts": 1724634844.8064432}]}, "version": 53, "at": 1724634844.8064432}
{"obj": {"type": "LogStrings", "path": ["monitoring", "ca52453c", "stdout"], "values": [{"value": "\n", "step": null, "ts": 1724634844.8074427}]}, "version": 54, "at": 1724634844.807949}
{"obj": {"type": "LogStrings", "path": ["monitoring", "ca52453c", "stdout"], "values": [{"value": "Found 1 cylinders in image", "step": null, "ts": 1724634844.9431133}]}, "version": 55, "at": 1724634844.9431133}
{"obj": {"type": "LogStrings", "path": ["monitoring", "ca52453c", "stdout"], "values": [{"value": "\n", "step": null, "ts": 1724634844.9441104}]}, "version": 56, "at": 1724634844.9451077}
{"obj": {"type": "LogStrings", "path": ["monitoring", "ca52453c", "stdout"], "values": [{"value": "Drone1 moved with speed vector [1, 0, 0] with duration 2", "step": null, "ts": 1724634851.0309825}]}, "version": 57, "at": 1724634851.0309825}
{"obj": {"type": "LogStrings", "path": ["monitoring", "ca52453c", "stdout"], "values": [{"value": "\n", "step": null, "ts": 1724634851.0309825}]}, "version": 58, "at": 1724634851.0309825}
{"obj": {"type": "LogStrings", "path": ["monitoring", "ca52453c", "stdout"], "values": [{"value": "before threads ", "step": null, "ts": 1724634851.0309825}]}, "version": 59, "at": 1724634851.0309825}
{"obj": {"type": "LogStrings", "path": ["monitoring", "ca52453c", "stdout"], "values": [{"value": " ", "step": null, "ts": 1724634851.0309825}]}, "version": 60, "at": 1724634851.0309825}
{"obj": {"type": "LogStrings", "path": ["monitoring", "ca52453c", "stdout"], "values": [{"value": "0", "step": null, "ts": 1724634851.0309825}]}, "version": 61, "at": 1724634851.0309825}
{"obj": {"type": "LogStrings", "path": ["monitoring", "ca52453c", "stdout"], "values": [{"value": "\n", "step": null, "ts": 1724634851.0319796}]}, "version": 62, "at": 1724634851.0319796}
{"obj": {"type": "LogStrings", "path": ["monitoring", "ca52453c", "stdout"], "values": [{"value": "drone 2 ", "step": null, "ts": 1724634851.032984}]}, "version": 63, "at": 1724634851.032984}
{"obj": {"type": "LogStrings", "path": ["monitoring", "ca52453c", "stdout"], "values": [{"value": " ", "step": null, "ts": 1724634851.032984}]}, "version": 64, "at": 1724634851.032984}
{"obj": {"type": "LogStrings", "path": ["monitoring", "ca52453c", "stdout"], "values": [{"value": "(3, 0, 0)", "step": null, "ts": 1724634851.0339806}]}, "version": 65, "at": 1724634851.0339806}
{"obj": {"type": "LogStrings", "path": ["monitoring", "ca52453c", "stdout"], "values": [{"value": "\n", "step": null, "ts": 1724634851.0339806}]}, "version": 66, "at": 1724634851.0339806}
{"obj": {"type": "LogStrings", "path": ["monitoring", "ca52453c", "stdout"], "values": [{"value": "action ", "step": null, "ts": 1724634851.0339806}]}, "version": 67, "at": 1724634851.0339806}
{"obj": {"type": "LogStrings", "path": ["monitoring", "ca52453c", "stdout"], "values": [{"value": " ", "step": null, "ts": 1724634851.0349815}]}, "version": 68, "at": 1724634851.0349815}
{"obj": {"type": "LogStrings", "path": ["monitoring", "ca52453c", "stdout"], "values": [{"value": "123", "step": null, "ts": 1724634851.0349815}]}, "version": 69, "at": 1724634851.0349815}
{"obj": {"type": "LogStrings", "path": ["monitoring", "ca52453c", "stdout"], "values": [{"value": "\n", "step": null, "ts": 1724634851.036019}]}, "version": 70, "at": 1724634851.036019}
{"obj": {"type": "LogStrings", "path": ["monitoring", "ca52453c", "stdout"], "values": [{"value": "Found 1 cylinders in image", "step": null, "ts": 1724634851.1582432}]}, "version": 71, "at": 1724634851.1582432}
{"obj": {"type": "LogStrings", "path": ["monitoring", "ca52453c", "stdout"], "values": [{"value": "\n", "step": null, "ts": 1724634851.1602592}]}, "version": 72, "at": 1724634851.1602592}
{"obj": {"type": "LogStrings", "path": ["monitoring", "ca52453c", "stdout"], "values": [{"value": "new_x = ", "step": null, "ts": 1724634851.1632693}]}, "version": 73, "at": 1724634851.1632693}
{"obj": {"type": "LogStrings", "path": ["monitoring", "ca52453c", "stdout"], "values": [{"value": " ", "step": null, "ts": 1724634851.1642663}]}, "version": 74, "at": 1724634851.1642663}
{"obj": {"type": "LogStrings", "path": ["monitoring", "ca52453c", "stdout"], "values": [{"value": "0.8029978976353517", "step": null, "ts": 1724634851.1642663}]}, "version": 75, "at": 1724634851.1642663}
{"obj": {"type": "LogStrings", "path": ["monitoring", "ca52453c", "stdout"], "values": [{"value": " ", "step": null, "ts": 1724634851.165266}]}, "version": 76, "at": 1724634851.165266}
{"obj": {"type": "LogStrings", "path": ["monitoring", "ca52453c", "stdout"], "values": [{"value": " new_y = ", "step": null, "ts": 1724634851.165266}]}, "version": 77, "at": 1724634851.165266}
{"obj": {"type": "LogStrings", "path": ["monitoring", "ca52453c", "stdout"], "values": [{"value": " ", "step": null, "ts": 1724634851.165266}]}, "version": 78, "at": 1724634851.165266}
{"obj": {"type": "LogStrings", "path": ["monitoring", "ca52453c", "stdout"], "values": [{"value": "-0.5206323812397289", "step": null, "ts": 1724634851.165266}]}, "version": 79, "at": 1724634851.165266}
{"obj": {"type": "LogStrings", "path": ["monitoring", "ca52453c", "stdout"], "values": [{"value": "\n", "step": null, "ts": 1724634851.165266}]}, "version": 80, "at": 1724634851.165266}
{"obj": {"type": "LogFloats", "path": ["monitoring", "ca52453c", "cpu"], "values": [{"value": 11.7, "step": null, "ts": 1724634853.0251236}]}, "version": 81, "at": 1724634853.0351706}
{"obj": {"type": "LogFloats", "path": ["monitoring", "ca52453c", "memory"], "values": [{"value": 13.095821380615234, "step": null, "ts": 1724634853.0251236}]}, "version": 82, "at": 1724634853.0351706}
{"obj": {"type": "LogFloats", "path": ["monitoring", "ca52453c", "gpu"], "values": [{"value": 39.0, "step": null, "ts": 1724634853.0251236}]}, "version": 83, "at": 1724634853.0351706}
{"obj": {"type": "LogFloats", "path": ["monitoring", "ca52453c", "gpu_memory"], "values": [{"value": 1.3111763000488281, "step": null, "ts": 1724634853.0251236}]}, "version": 84, "at": 1724634853.0351706}
{"obj": {"type": "LogFloats", "path": ["monitoring", "ca52453c", "gpu_power"], "values": [{"value": 13.739, "step": null, "ts": 1724634853.0251236}]}, "version": 85, "at": 1724634853.0361705}
{"obj": {"type": "LogStrings", "path": ["monitoring", "ca52453c", "stdout"], "values": [{"value": "Drone2 moved with speed vector [3, 0, 0] with duration 2", "step": null, "ts": 1724634853.1001248}]}, "version": 86, "at": 1724634853.1001248}
{"obj": {"type": "LogStrings", "path": ["monitoring", "ca52453c", "stdout"], "values": [{"value": "\n", "step": null, "ts": 1724634853.1001248}]}, "version": 87, "at": 1724634853.1001248}
{"obj": {"type": "LogStrings", "path": ["monitoring", "ca52453c", "stdout"], "values": [{"value": "drone 2 ", "step": null, "ts": 1724634853.1001248}]}, "version": 88, "at": 1724634853.1001248}
{"obj": {"type": "LogStrings", "path": ["monitoring", "ca52453c", "stdout"], "values": [{"value": " ", "step": null, "ts": 1724634853.1011274}]}, "version": 89, "at": 1724634853.1011274}
{"obj": {"type": "LogStrings", "path": ["monitoring", "ca52453c", "stdout"], "values": [{"value": "(3, 2, 0)", "step": null, "ts": 1724634853.1011274}]}, "version": 90, "at": 1724634853.1011274}
{"obj": {"type": "LogStrings", "path": ["monitoring", "ca52453c", "stdout"], "values": [{"value": "\n", "step": null, "ts": 1724634853.1021833}]}, "version": 91, "at": 1724634853.1021833}
{"obj": {"type": "LogStrings", "path": ["monitoring", "ca52453c", "stdout"], "values": [{"value": "Drone1 moved with speed vector [0.8029978976353517, -0.5206323812397289, 0] with duration 2", "step": null, "ts": 1724634853.2280593}]}, "version": 92, "at": 1724634853.2280593}
{"obj": {"type": "LogStrings", "path": ["monitoring", "ca52453c", "stdout"], "values": [{"value": "\n", "step": null, "ts": 1724634853.229285}]}, "version": 93, "at": 1724634853.229285}
{"obj": {"type": "LogStrings", "path": ["monitoring", "ca52453c", "stdout"], "values": [{"value": "rc=0 , rfov=0 , rd=1.000106230048869 , rdir = 0.09542020797729493 , robs= 0 , r_v=0 , r_ang= -1.0569231850342131 , rf=0 ", "step": null, "ts": 1724634853.2302935}]}, "version": 94, "at": 1724634853.2302935}
{"obj": {"type": "LogStrings", "path": ["monitoring", "ca52453c", "stdout"], "values": [{"value": "\n", "step": null, "ts": 1724634853.2302935}]}, "version": 95, "at": 1724634853.2302935}
{"obj": {"type": "LogStrings", "path": ["monitoring", "ca52453c", "stdout"], "values": [{"value": "next state ", "step": null, "ts": 1724634853.2302935}]}, "version": 96, "at": 1724634853.2302935}
{"obj": {"type": "LogStrings", "path": ["monitoring", "ca52453c", "stdout"], "values": [{"value": " ", "step": null, "ts": 1724634853.2312958}]}, "version": 97, "at": 1724634853.2312958}
{"obj": {"type": "LogStrings", "path": ["monitoring", "ca52453c", "stdout"], "values": [{"value": "[9.80379021105667e-06, 7.882551852275247e-16, -0.03514915704727173, 0.0, 0.0, -0.0005324476088086765, 0.10662349810141937, 0.10715464834576387, 0.000781249962747097, 0.0012191984388563368, 0.000781249962747097, 0.0013957120754100661, 0.000781249962747097, 0.0013950414422117634, 14.771010398864746, 14.771010398864746, 14.771010398864746, 14.771010398864746, 14.771010398864746, 14.771010398864746, 14.771010398864746, 14.771010398864746, 14.771010398864746]", "step": null, "ts": 1724634853.2322922}]}, "version": 98, "at": 1724634853.2322922}
{"obj": {"type": "LogStrings", "path": ["monitoring", "ca52453c", "stdout"], "values": [{"value": "\n", "step": null, "ts": 1724634853.2322922}]}, "version": 99, "at": 1724634853.2322922}
{"obj": {"type": "LogStrings", "path": ["monitoring", "ca52453c", "stdout"], "values": [{"value": "action ", "step": null, "ts": 1724634853.2322922}]}, "version": 100, "at": 1724634853.2322922}
{"obj": {"type": "LogStrings", "path": ["monitoring", "ca52453c", "stdout"], "values": [{"value": " ", "step": null, "ts": 1724634853.2332919}]}, "version": 101, "at": 1724634853.2332919}
{"obj": {"type": "LogStrings", "path": ["monitoring", "ca52453c", "stdout"], "values": [{"value": "45", "step": null, "ts": 1724634853.2332919}]}, "version": 102, "at": 1724634853.2332919}
{"obj": {"type": "LogStrings", "path": ["monitoring", "ca52453c", "stdout"], "values": [{"value": "\n", "step": null, "ts": 1724634853.2332919}]}, "version": 103, "at": 1724634853.2332919}
{"obj": {"type": "LogStrings", "path": ["monitoring", "ca52453c", "stdout"], "values": [{"value": "Found 1 cylinders in image", "step": null, "ts": 1724634853.3341627}]}, "version": 104, "at": 1724634853.3341627}
{"obj": {"type": "LogStrings", "path": ["monitoring", "ca52453c", "stdout"], "values": [{"value": "\n", "step": null, "ts": 1724634853.335162}]}, "version": 105, "at": 1724634853.335162}
{"obj": {"type": "LogStrings", "path": ["monitoring", "ca52453c", "stdout"], "values": [{"value": "new_x = ", "step": null, "ts": 1724634853.3380868}]}, "version": 106, "at": 1724634853.3380868}
{"obj": {"type": "LogStrings", "path": ["monitoring", "ca52453c", "stdout"], "values": [{"value": " ", "step": null, "ts": 1724634853.3392713}]}, "version": 107, "at": 1724634853.3392713}
{"obj": {"type": "LogStrings", "path": ["monitoring", "ca52453c", "stdout"], "values": [{"value": "-0.5263178663179253", "step": null, "ts": 1724634853.3392713}]}, "version": 108, "at": 1724634853.3392713}
{"obj": {"type": "LogStrings", "path": ["monitoring", "ca52453c", "stdout"], "values": [{"value": " ", "step": null, "ts": 1724634853.3392713}]}, "version": 109, "at": 1724634853.3392713}
{"obj": {"type": "LogStrings", "path": ["monitoring", "ca52453c", "stdout"], "values": [{"value": " new_y = ", "step": null, "ts": 1724634853.3392713}]}, "version": 110, "at": 1724634853.3392713}
{"obj": {"type": "LogStrings", "path": ["monitoring", "ca52453c", "stdout"], "values": [{"value": " ", "step": null, "ts": 1724634853.3392713}]}, "version": 111, "at": 1724634853.3392713}
{"obj": {"type": "LogStrings", "path": ["monitoring", "ca52453c", "stdout"], "values": [{"value": "0.20848322584440893", "step": null, "ts": 1724634853.3392713}]}, "version": 112, "at": 1724634853.3392713}
{"obj": {"type": "LogStrings", "path": ["monitoring", "ca52453c", "stdout"], "values": [{"value": "\n", "step": null, "ts": 1724634853.3392713}]}, "version": 113, "at": 1724634853.340093}
{"obj": {"type": "LogStrings", "path": ["monitoring", "ca52453c", "stdout"], "values": [{"value": "Drone1 moved with speed vector [-0.5263178663179253, 0.20848322584440893, 0] with duration 1", "step": null, "ts": 1724634854.3651667}]}, "version": 114, "at": 1724634854.3661664}
{"obj": {"type": "LogStrings", "path": ["monitoring", "ca52453c", "stdout"], "values": [{"value": "\n", "step": null, "ts": 1724634854.3661664}]}, "version": 115, "at": 1724634854.3676715}
{"obj": {"type": "LogStrings", "path": ["monitoring", "ca52453c", "stdout"], "values": [{"value": "rc=0 , rfov=0 , rd=0.9968384891352198 , rdir = 0.10185089111328126 , robs= 0 , r_v=-0.07476273806962182 , r_ang= -1.0564511509979224 , rf=0 ", "step": null, "ts": 1724634854.3693638}]}, "version": 116, "at": 1724634854.3693638}
{"obj": {"type": "LogStrings", "path": ["monitoring", "ca52453c", "stdout"], "values": [{"value": "\n", "step": null, "ts": 1724634854.370372}]}, "version": 117, "at": 1724634854.370372}
{"obj": {"type": "LogStrings", "path": ["monitoring", "ca52453c", "stdout"], "values": [{"value": "next state ", "step": null, "ts": 1724634854.371371}]}, "version": 118, "at": 1724634854.371371}
{"obj": {"type": "LogStrings", "path": ["monitoring", "ca52453c", "stdout"], "values": [{"value": " ", "step": null, "ts": 1724634854.371371}]}, "version": 119, "at": 1724634854.371371}
{"obj": {"type": "LogStrings", "path": ["monitoring", "ca52453c", "stdout"], "values": [{"value": "[0.009475537141164144, -0.005514685312906901, -0.03485085964202881, 9.80379021105667e-06, 7.882551852275247e-16, -0.03514915704727173, 0.1224310524253209, 0.10662349810141937, 0.0008185945451259613, 0.0012486061049096378, 0.000781249962747097, 0.0012191984388563368, 0.000781249962747097, 0.0013957120754100661, 15.092544555664062, 15.092544555664062, 15.092544555664062, 15.092544555664062, 15.092544555664062, 15.092544555664062, 15.092544555664062, 15.092544555664062, 15.092544555664062]", "step": null, "ts": 1724634854.371371}]}, "version": 120, "at": 1724634854.371371}
{"obj": {"type": "LogStrings", "path": ["monitoring", "ca52453c", "stdout"], "values": [{"value": "\n", "step": null, "ts": 1724634854.371371}]}, "version": 121, "at": 1724634854.371371}
{"obj": {"type": "LogStrings", "path": ["monitoring", "ca52453c", "stdout"], "values": [{"value": "action ", "step": null, "ts": 1724634854.371371}]}, "version": 122, "at": 1724634854.371371}
{"obj": {"type": "LogStrings", "path": ["monitoring", "ca52453c", "stdout"], "values": [{"value": " ", "step": null, "ts": 1724634854.3723714}]}, "version": 123, "at": 1724634854.3723714}
{"obj": {"type": "LogStrings", "path": ["monitoring", "ca52453c", "stdout"], "values": [{"value": "151", "step": null, "ts": 1724634854.3723714}]}, "version": 124, "at": 1724634854.3723714}
{"obj": {"type": "LogStrings", "path": ["monitoring", "ca52453c", "stdout"], "values": [{"value": "\n", "step": null, "ts": 1724634854.3723714}]}, "version": 125, "at": 1724634854.3723714}
{"obj": {"type": "LogStrings", "path": ["monitoring", "ca52453c", "stdout"], "values": [{"value": "Found 1 cylinders in image", "step": null, "ts": 1724634854.4912062}]}, "version": 126, "at": 1724634854.4912062}
{"obj": {"type": "LogStrings", "path": ["monitoring", "ca52453c", "stdout"], "values": [{"value": "\n", "step": null, "ts": 1724634854.4952054}]}, "version": 127, "at": 1724634854.4952054}
{"obj": {"type": "LogStrings", "path": ["monitoring", "ca52453c", "stdout"], "values": [{"value": "new_x = ", "step": null, "ts": 1724634854.498389}]}, "version": 128, "at": 1724634854.498389}
{"obj": {"type": "LogStrings", "path": ["monitoring", "ca52453c", "stdout"], "values": [{"value": " ", "step": null, "ts": 1724634854.4994009}]}, "version": 129, "at": 1724634854.4994009}
{"obj": {"type": "LogStrings", "path": ["monitoring", "ca52453c", "stdout"], "values": [{"value": "0.048523107378120225", "step": null, "ts": 1724634854.4994009}]}, "version": 130, "at": 1724634854.4994009}
{"obj": {"type": "LogStrings", "path": ["monitoring", "ca52453c", "stdout"], "values": [{"value": " ", "step": null, "ts": 1724634854.4994009}]}, "version": 131, "at": 1724634854.4994009}
{"obj": {"type": "LogStrings", "path": ["monitoring", "ca52453c", "stdout"], "values": [{"value": " new_y = ", "step": null, "ts": 1724634854.4994009}]}, "version": 132, "at": 1724634854.4994009}
{"obj": {"type": "LogStrings", "path": ["monitoring", "ca52453c", "stdout"], "values": [{"value": " ", "step": null, "ts": 1724634854.4994009}]}, "version": 133, "at": 1724634854.4994009}
{"obj": {"type": "LogStrings", "path": ["monitoring", "ca52453c", "stdout"], "values": [{"value": "-0.49558559865058915", "step": null, "ts": 1724634854.4994009}]}, "version": 134, "at": 1724634854.4994009}
{"obj": {"type": "LogStrings", "path": ["monitoring", "ca52453c", "stdout"], "values": [{"value": "\n", "step": null, "ts": 1724634854.4994009}]}, "version": 135, "at": 1724634854.4994009}
{"obj": {"type": "LogStrings", "path": ["monitoring", "ca52453c", "stdout"], "values": [{"value": "Drone2 moved with speed vector [3, 2, 0] with duration 2", "step": null, "ts": 1724634855.1602437}]}, "version": 136, "at": 1724634855.1602437}
{"obj": {"type": "LogStrings", "path": ["monitoring", "ca52453c", "stdout"], "values": [{"value": "\n", "step": null, "ts": 1724634855.1602437}]}, "version": 137, "at": 1724634855.1612482}
{"obj": {"type": "LogStrings", "path": ["monitoring", "ca52453c", "stdout"], "values": [{"value": "drone 2 ", "step": null, "ts": 1724634855.1612482}]}, "version": 138, "at": 1724634855.1612482}
{"obj": {"type": "LogStrings", "path": ["monitoring", "ca52453c", "stdout"], "values": [{"value": " ", "step": null, "ts": 1724634855.1612482}]}, "version": 139, "at": 1724634855.1612482}
{"obj": {"type": "LogStrings", "path": ["monitoring", "ca52453c", "stdout"], "values": [{"value": "(6, 0, 0)", "step": null, "ts": 1724634855.1612482}]}, "version": 140, "at": 1724634855.1612482}
{"obj": {"type": "LogStrings", "path": ["monitoring", "ca52453c", "stdout"], "values": [{"value": "\n", "step": null, "ts": 1724634855.1622405}]}, "version": 141, "at": 1724634855.1622405}
{"obj": {"type": "LogStrings", "path": ["monitoring", "ca52453c", "stdout"], "values": [{"value": "Drone1 moved with speed vector [0.048523107378120225, -0.49558559865058915, 0] with duration 2", "step": null, "ts": 1724634856.5601037}]}, "version": 142, "at": 1724634856.5601037}
{"obj": {"type": "LogStrings", "path": ["monitoring", "ca52453c", "stdout"], "values": [{"value": "\n", "step": null, "ts": 1724634856.5608974}]}, "version": 143, "at": 1724634856.5608974}
{"obj": {"type": "LogStrings", "path": ["monitoring", "ca52453c", "stdout"], "values": [{"value": "rc=0 , rfov=0 , rd=0.9967949510873444 , rdir = 0.1064423179626465 , robs= 0 , r_v=-0.009206202769453864 , r_ang= -1.0551946347439412 , rf=0 ", "step": null, "ts": 1724634856.5610137}]}, "version": 144, "at": 1724634856.5610137}
{"obj": {"type": "LogStrings", "path": ["monitoring", "ca52453c", "stdout"], "values": [{"value": "\n", "step": null, "ts": 1724634856.5620148}]}, "version": 145, "at": 1724634856.5620148}
{"obj": {"type": "LogStrings", "path": ["monitoring", "ca52453c", "stdout"], "values": [{"value": "next state ", "step": null, "ts": 1724634856.5620148}]}, "version": 146, "at": 1724634856.5620148}
{"obj": {"type": "LogStrings", "path": ["monitoring", "ca52453c", "stdout"], "values": [{"value": " ", "step": null, "ts": 1724634856.5620148}]}, "version": 147, "at": 1724634856.5620148}
{"obj": {"type": "LogStrings", "path": ["monitoring", "ca52453c", "stdout"], "values": [{"value": "[0.011855974793434143, -0.0075015142560005185, -0.03511440356572469, 0.009475537141164144, -0.005514685312906901, -0.03485085964202881, 0.13845629698859924, 0.1224310524253209, 0.0008753635361790658, 0.0013695650924871, 0.0008185945451259613, 0.0012486061049096378, 0.000781249962747097, 0.0012191984388563368, 15.322115898132324, 15.322115898132324, 15.322115898132324, 15.322115898132324, 15.322115898132324, 15.322115898132324, 15.322115898132324, 15.322115898132324, 15.322115898132324]", "step": null, "ts": 1724634856.5630164}]}, "version": 148, "at": 1724634856.5630164}
{"obj": {"type": "LogStrings", "path": ["monitoring", "ca52453c", "stdout"], "values": [{"value": "\n", "step": null, "ts": 1724634856.5630164}]}, "version": 149, "at": 1724634856.5630164}
{"obj": {"type": "LogStrings", "path": ["monitoring", "ca52453c", "stdout"], "values": [{"value": "action ", "step": null, "ts": 1724634856.5630164}]}, "version": 150, "at": 1724634856.5630164}
{"obj": {"type": "LogStrings", "path": ["monitoring", "ca52453c", "stdout"], "values": [{"value": " ", "step": null, "ts": 1724634856.5640118}]}, "version": 151, "at": 1724634856.5640118}
{"obj": {"type": "LogStrings", "path": ["monitoring", "ca52453c", "stdout"], "values": [{"value": "159", "step": null, "ts": 1724634856.5640118}]}, "version": 152, "at": 1724634856.5640118}
{"obj": {"type": "LogStrings", "path": ["monitoring", "ca52453c", "stdout"], "values": [{"value": "\n", "step": null, "ts": 1724634856.5640118}]}, "version": 153, "at": 1724634856.5640118}
{"obj": {"type": "LogStrings", "path": ["monitoring", "ca52453c", "stdout"], "values": [{"value": "Found 1 cylinders in image", "step": null, "ts": 1724634856.6876502}]}, "version": 154, "at": 1724634856.6876502}
{"obj": {"type": "LogStrings", "path": ["monitoring", "ca52453c", "stdout"], "values": [{"value": "\n", "step": null, "ts": 1724634856.6895018}]}, "version": 155, "at": 1724634856.6895018}
{"obj": {"type": "LogStrings", "path": ["monitoring", "ca52453c", "stdout"], "values": [{"value": "new_x = ", "step": null, "ts": 1724634856.6922467}]}, "version": 156, "at": 1724634856.6922467}
{"obj": {"type": "LogStrings", "path": ["monitoring", "ca52453c", "stdout"], "values": [{"value": " ", "step": null, "ts": 1724634856.6922467}]}, "version": 157, "at": 1724634856.6922467}
{"obj": {"type": "LogStrings", "path": ["monitoring", "ca52453c", "stdout"], "values": [{"value": "-0.7675008557428113", "step": null, "ts": 1724634856.693204}]}, "version": 158, "at": 1724634856.693204}
{"obj": {"type": "LogStrings", "path": ["monitoring", "ca52453c", "stdout"], "values": [{"value": " ", "step": null, "ts": 1724634856.693204}]}, "version": 159, "at": 1724634856.693204}
{"obj": {"type": "LogStrings", "path": ["monitoring", "ca52453c", "stdout"], "values": [{"value": " new_y = ", "step": null, "ts": 1724634856.693204}]}, "version": 160, "at": 1724634856.693204}
{"obj": {"type": "LogStrings", "path": ["monitoring", "ca52453c", "stdout"], "values": [{"value": " ", "step": null, "ts": 1724634856.693204}]}, "version": 161, "at": 1724634856.693204}
{"obj": {"type": "LogStrings", "path": ["monitoring", "ca52453c", "stdout"], "values": [{"value": "-0.17262935523717826", "step": null, "ts": 1724634856.693204}]}, "version": 162, "at": 1724634856.693204}
{"obj": {"type": "LogStrings", "path": ["monitoring", "ca52453c", "stdout"], "values": [{"value": "\n", "step": null, "ts": 1724634856.693204}]}, "version": 163, "at": 1724634856.693204}
{"obj": {"type": "LogStrings", "path": ["monitoring", "ca52453c", "stdout"], "values": [{"value": "Drone2 moved with speed vector [6, 0, 0] with duration 2", "step": null, "ts": 1724634857.215164}]}, "version": 164, "at": 1724634857.215164}
{"obj": {"type": "LogStrings", "path": ["monitoring", "ca52453c", "stdout"], "values": [{"value": "\n", "step": null, "ts": 1724634857.2161648}]}, "version": 165, "at": 1724634857.2161648}
{"obj": {"type": "LogStrings", "path": ["monitoring", "ca52453c", "stdout"], "values": [{"value": "drone 2 ", "step": null, "ts": 1724634857.2161648}]}, "version": 166, "at": 1724634857.2161648}
{"obj": {"type": "LogStrings", "path": ["monitoring", "ca52453c", "stdout"], "values": [{"value": " ", "step": null, "ts": 1724634857.2161648}]}, "version": 167, "at": 1724634857.2161648}
{"obj": {"type": "LogStrings", "path": ["monitoring", "ca52453c", "stdout"], "values": [{"value": "(6, -4, 0)", "step": null, "ts": 1724634857.2161648}]}, "version": 168, "at": 1724634857.2161648}
{"obj": {"type": "LogStrings", "path": ["monitoring", "ca52453c", "stdout"], "values": [{"value": "\n", "step": null, "ts": 1724634857.2161648}]}, "version": 169, "at": 1724634857.2161648}
{"obj": {"type": "LogStrings", "path": ["monitoring", "ca52453c", "stdout"], "values": [{"value": "Drone1 moved with speed vector [-0.7675008557428113, -0.17262935523717826, 0] with duration 2", "step": null, "ts": 1724634858.7578719}]}, "version": 170, "at": 1724634858.7578719}
{"obj": {"type": "LogStrings", "path": ["monitoring", "ca52453c", "stdout"], "values": [{"value": "\n", "step": null, "ts": 1724634858.7583966}]}, "version": 171, "at": 1724634858.7583966}
{"obj": {"type": "LogStrings", "path": ["monitoring", "ca52453c", "stdout"], "values": [{"value": "rc=0 , rfov=0 , rd=-2.010780734419887 , rdir = 0.09636123657226564 , robs= 0 , r_v=0 , r_ang= -1.0556399126680194 , rf=0 ", "step": null, "ts": 1724634858.7594001}]}, "version": 172, "at": 1724634858.7594001}
{"obj": {"type": "LogStrings", "path": ["monitoring", "ca52453c", "stdout"], "values": [{"value": "\n", "step": null, "ts": 1724634858.7594001}]}, "version": 173, "at": 1724634858.7594001}
{"obj": {"type": "LogStrings", "path": ["monitoring", "ca52453c", "stdout"], "values": [{"value": "next state ", "step": null, "ts": 1724634858.7594001}]}, "version": 174, "at": 1724634858.7594001}
{"obj": {"type": "LogStrings", "path": ["monitoring", "ca52453c", "stdout"], "values": [{"value": " ", "step": null, "ts": 1724634858.7594001}]}, "version": 175, "at": 1724634858.7594001}
{"obj": {"type": "LogStrings", "path": ["monitoring", "ca52453c", "stdout"], "values": [{"value": "[0.01078888972600301, -0.012455783287684123, -0.034519811471303306, 0.011855974793434143, -0.0075015142560005185, -0.03511440356572469, 0.19235996908803416, 0.13845629698859924, 0.0009394676610827447, 0.0012424127555187838, 0.0008753635361790658, 0.0013695650924871, 0.0008185945451259613, 0.0012486061049096378, 14.818061828613281, 14.818061828613281, 14.818061828613281, 14.818061828613281, 14.818061828613281, 14.818061828613281, 14.818061828613281, 14.818061828613281, 14.818061828613281]", "step": null, "ts": 1724634858.7594001}]}, "version": 176, "at": 1724634858.7594001}
{"obj": {"type": "LogStrings", "path": ["monitoring", "ca52453c", "stdout"], "values": [{"value": "\n", "step": null, "ts": 1724634858.7604053}]}, "version": 177, "at": 1724634858.7604053}
{"obj": {"type": "LogStrings", "path": ["monitoring", "ca52453c", "stdout"], "values": [{"value": "action ", "step": null, "ts": 1724634858.7604053}]}, "version": 178, "at": 1724634858.7604053}
{"obj": {"type": "LogStrings", "path": ["monitoring", "ca52453c", "stdout"], "values": [{"value": " ", "step": null, "ts": 1724634858.7604053}]}, "version": 179, "at": 1724634858.7604053}
{"obj": {"type": "LogStrings", "path": ["monitoring", "ca52453c", "stdout"], "values": [{"value": "127", "step": null, "ts": 1724634858.7604053}]}, "version": 180, "at": 1724634858.7604053}
{"obj": {"type": "LogStrings", "path": ["monitoring", "ca52453c", "stdout"], "values": [{"value": "\n", "step": null, "ts": 1724634858.7614057}]}, "version": 181, "at": 1724634858.7614057}
{"obj": {"type": "LogStrings", "path": ["monitoring", "ca52453c", "stdout"], "values": [{"value": "Found 1 cylinders in image", "step": null, "ts": 1724634859.1326995}]}, "version": 182, "at": 1724634859.1326995}
{"obj": {"type": "LogStrings", "path": ["monitoring", "ca52453c", "stdout"], "values": [{"value": "\n", "step": null, "ts": 1724634859.1347063}]}, "version": 183, "at": 1724634859.1357086}
{"obj": {"type": "LogStrings", "path": ["monitoring", "ca52453c", "stdout"], "values": [{"value": "new_x = ", "step": null, "ts": 1724634859.1397486}]}, "version": 184, "at": 1724634859.1397486}
{"obj": {"type": "LogStrings", "path": ["monitoring", "ca52453c", "stdout"], "values": [{"value": " ", "step": null, "ts": 1724634859.1397486}]}, "version": 185, "at": 1724634859.1397486}
{"obj": {"type": "LogStrings", "path": ["monitoring", "ca52453c", "stdout"], "values": [{"value": "-0.38296756131160625", "step": null, "ts": 1724634859.1397486}]}, "version": 186, "at": 1724634859.1397486}
{"obj": {"type": "LogStrings", "path": ["monitoring", "ca52453c", "stdout"], "values": [{"value": " ", "step": null, "ts": 1724634859.1397486}]}, "version": 187, "at": 1724634859.1397486}
{"obj": {"type": "LogStrings", "path": ["monitoring", "ca52453c", "stdout"], "values": [{"value": " new_y = ", "step": null, "ts": 1724634859.140751}]}, "version": 188, "at": 1724634859.140751}
{"obj": {"type": "LogStrings", "path": ["monitoring", "ca52453c", "stdout"], "values": [{"value": " ", "step": null, "ts": 1724634859.140751}]}, "version": 189, "at": 1724634859.140751}
{"obj": {"type": "LogStrings", "path": ["monitoring", "ca52453c", "stdout"], "values": [{"value": "-1.015940094937256", "step": null, "ts": 1724634859.140751}]}, "version": 190, "at": 1724634859.140751}
{"obj": {"type": "LogStrings", "path": ["monitoring", "ca52453c", "stdout"], "values": [{"value": "\n", "step": null, "ts": 1724634859.140751}]}, "version": 191, "at": 1724634859.140751}
{"obj": {"type": "LogStrings", "path": ["monitoring", "ca52453c", "stdout"], "values": [{"value": "Drone2 moved with speed vector [6, -4, 0] with duration 2", "step": null, "ts": 1724634859.2764773}]}, "version": 192, "at": 1724634859.2764773}
{"obj": {"type": "LogStrings", "path": ["monitoring", "ca52453c", "stdout"], "values": [{"value": "\n", "step": null, "ts": 1724634859.2764773}]}, "version": 193, "at": 1724634859.277486}
{"obj": {"type": "LogStrings", "path": ["monitoring", "ca52453c", "stdout"], "values": [{"value": "drone 2 ", "step": null, "ts": 1724634859.277486}]}, "version": 194, "at": 1724634859.277486}
{"obj": {"type": "LogStrings", "path": ["monitoring", "ca52453c", "stdout"], "values": [{"value": " ", "step": null, "ts": 1724634859.2779922}]}, "version": 195, "at": 1724634859.2779922}
{"obj": {"type": "LogStrings", "path": ["monitoring", "ca52453c", "stdout"], "values": [{"value": "(12, 0, 0)", "step": null, "ts": 1724634859.2779922}]}, "version": 196, "at": 1724634859.2779922}
{"obj": {"type": "LogStrings", "path": ["monitoring", "ca52453c", "stdout"], "values": [{"value": "\n", "step": null, "ts": 1724634859.2779922}]}, "version": 197, "at": 1724634859.2779922}
{"obj": {"type": "LogStrings", "path": ["monitoring", "ca52453c", "stdout"], "values": [{"value": "Drone1 moved with speed vector [-0.38296756131160625, -1.015940094937256, 0] with duration 2", "step": null, "ts": 1724634861.1584082}]}, "version": 198, "at": 1724634861.1584082}
{"obj": {"type": "LogStrings", "path": ["monitoring", "ca52453c", "stdout"], "values": [{"value": "\n", "step": null, "ts": 1724634861.1593933}]}, "version": 199, "at": 1724634861.1593933}
{"obj": {"type": "LogStrings", "path": ["monitoring", "ca52453c", "stdout"], "values": [{"value": "rc=0 , rfov=0 , rd=-2.0292869924349524 , rdir = 0.09578145980834962 , robs= 0 , r_v=0 , r_ang= -1.0579553836641364 , rf=0 ", "step": null, "ts": 1724634861.1603332}]}, "version": 200, "at": 1724634861.1603332}
{"obj": {"type": "LogStrings", "path": ["monitoring", "ca52453c", "stdout"], "values": [{"value": "\n", "step": null, "ts": 1724634861.1603332}]}, "version": 201, "at": 1724634861.1603332}
{"obj": {"type": "LogStrings", "path": ["monitoring", "ca52453c", "stdout"], "values": [{"value": "next state ", "step": null, "ts": 1724634861.1613367}]}, "version": 202, "at": 1724634861.1613367}
{"obj": {"type": "LogStrings", "path": ["monitoring", "ca52453c", "stdout"], "values": [{"value": " ", "step": null, "ts": 1724634861.1613367}]}, "version": 203, "at": 1724634861.1613367}
{"obj": {"type": "LogStrings", "path": ["monitoring", "ca52453c", "stdout"], "values": [{"value": "[0.0014274319012959797, -0.017720681428909302, -0.03400464057922363, 0.01078888972600301, -0.012455783287684123, -0.034519811471303306, 0.33879493126279486, 0.19235996908803416, 0.0008161766454577446, 0.0010382254329728492, 0.0009394676610827447, 0.0012424127555187838, 0.0008753635361790658, 0.0013695650924871, 14.78907299041748, 14.78907299041748, 14.78907299041748, 14.78907299041748, 14.78907299041748, 14.78907299041748, 14.78907299041748, 14.78907299041748, 14.78907299041748]", "step": null, "ts": 1724634861.1613367}]}, "version": 204, "at": 1724634861.1613367}
{"obj": {"type": "LogStrings", "path": ["monitoring", "ca52453c", "stdout"], "values": [{"value": "\n", "step": null, "ts": 1724634861.1613367}]}, "version": 205, "at": 1724634861.1613367}
{"obj": {"type": "LogStrings", "path": ["monitoring", "ca52453c", "stdout"], "values": [{"value": "action ", "step": null, "ts": 1724634861.1613367}]}, "version": 206, "at": 1724634861.1613367}
{"obj": {"type": "LogStrings", "path": ["monitoring", "ca52453c", "stdout"], "values": [{"value": " ", "step": null, "ts": 1724634861.1613367}]}, "version": 207, "at": 1724634861.1613367}
{"obj": {"type": "LogStrings", "path": ["monitoring", "ca52453c", "stdout"], "values": [{"value": "61", "step": null, "ts": 1724634861.1623352}]}, "version": 208, "at": 1724634861.1623352}
{"obj": {"type": "LogStrings", "path": ["monitoring", "ca52453c", "stdout"], "values": [{"value": "\n", "step": null, "ts": 1724634861.1623352}]}, "version": 209, "at": 1724634861.1623352}
{"obj": {"type": "LogStrings", "path": ["monitoring", "ca52453c", "stdout"], "values": [{"value": "Drone2 moved with speed vector [12, 0, 0] with duration 2", "step": null, "ts": 1724634861.2961843}]}, "version": 210, "at": 1724634861.2961843}
{"obj": {"type": "LogStrings", "path": ["monitoring", "ca52453c", "stdout"], "values": [{"value": "\n", "step": null, "ts": 1724634861.2961843}]}, "version": 211, "at": 1724634861.2961843}
{"obj": {"type": "LogStrings", "path": ["monitoring", "ca52453c", "stdout"], "values": [{"value": "drone 2 ", "step": null, "ts": 1724634861.2976897}]}, "version": 212, "at": 1724634861.2976897}
{"obj": {"type": "LogStrings", "path": ["monitoring", "ca52453c", "stdout"], "values": [{"value": " ", "step": null, "ts": 1724634861.2976897}]}, "version": 213, "at": 1724634861.2976897}
{"obj": {"type": "LogStrings", "path": ["monitoring", "ca52453c", "stdout"], "values": [{"value": "(3, 2, 0)", "step": null, "ts": 1724634861.2976897}]}, "version": 214, "at": 1724634861.2976897}
{"obj": {"type": "LogStrings", "path": ["monitoring", "ca52453c", "stdout"], "values": [{"value": "\n", "step": null, "ts": 1724634861.2976897}]}, "version": 215, "at": 1724634861.2976897}
{"obj": {"type": "LogStrings", "path": ["monitoring", "ca52453c", "stdout"], "values": [{"value": "Found 1 cylinders in image", "step": null, "ts": 1724634861.815433}]}, "version": 216, "at": 1724634861.815433}
{"obj": {"type": "LogStrings", "path": ["monitoring", "ca52453c", "stdout"], "values": [{"value": "\n", "step": null, "ts": 1724634861.8164353}]}, "version": 217, "at": 1724634861.8164353}
{"obj": {"type": "LogStrings", "path": ["monitoring", "ca52453c", "stdout"], "values": [{"value": "new_x = ", "step": null, "ts": 1724634861.8194726}]}, "version": 218, "at": 1724634861.8194726}
{"obj": {"type": "LogStrings", "path": ["monitoring", "ca52453c", "stdout"], "values": [{"value": " ", "step": null, "ts": 1724634861.8194726}]}, "version": 219, "at": 1724634861.8194726}
{"obj": {"type": "LogStrings", "path": ["monitoring", "ca52453c", "stdout"], "values": [{"value": "1.4299846573233326", "step": null, "ts": 1724634861.8205264}]}, "version": 220, "at": 1724634861.8205264}
{"obj": {"type": "LogStrings", "path": ["monitoring", "ca52453c", "stdout"], "values": [{"value": " ", "step": null, "ts": 1724634861.8205264}]}, "version": 221, "at": 1724634861.8205264}
{"obj": {"type": "LogStrings", "path": ["monitoring", "ca52453c", "stdout"], "values": [{"value": " new_y = ", "step": null, "ts": 1724634861.8205264}]}, "version": 222, "at": 1724634861.8205264}
{"obj": {"type": "LogStrings", "path": ["monitoring", "ca52453c", "stdout"], "values": [{"value": " ", "step": null, "ts": 1724634861.8205264}]}, "version": 223, "at": 1724634861.8205264}
{"obj": {"type": "LogStrings", "path": ["monitoring", "ca52453c", "stdout"], "values": [{"value": "-0.20893342548769173", "step": null, "ts": 1724634861.8205264}]}, "version": 224, "at": 1724634861.8205264}
{"obj": {"type": "LogStrings", "path": ["monitoring", "ca52453c", "stdout"], "values": [{"value": "\n", "step": null, "ts": 1724634861.8205264}]}, "version": 225, "at": 1724634861.8205264}
{"obj": {"type": "LogStrings", "path": ["monitoring", "ca52453c", "stdout"], "values": [{"value": "Drone1 moved with speed vector [1.4299846573233326, -0.20893342548769173, 0] with duration 1", "step": null, "ts": 1724634862.829096}]}, "version": 226, "at": 1724634862.829096}
{"obj": {"type": "LogStrings", "path": ["monitoring", "ca52453c", "stdout"], "values": [{"value": "\n", "step": null, "ts": 1724634862.8300767}]}, "version": 227, "at": 1724634862.8300767}
{"obj": {"type": "LogStrings", "path": ["monitoring", "ca52453c", "stdout"], "values": [{"value": "rc=0 , rfov=0 , rd=-2.0294568117141956 , rdir = 0.09960454940795899 , robs= 0 , r_v=0 , r_ang= -1.0578424561323163 , rf=0 ", "step": null, "ts": 1724634862.8310757}]}, "version": 228, "at": 1724634862.8310757}
{"obj": {"type": "LogStrings", "path": ["monitoring", "ca52453c", "stdout"], "values": [{"value": "\n", "step": null, "ts": 1724634862.8310757}]}, "version": 229, "at": 1724634862.8310757}
{"obj": {"type": "LogStrings", "path": ["monitoring", "ca52453c", "stdout"], "values": [{"value": "next state ", "step": null, "ts": 1724634862.8310757}]}, "version": 230, "at": 1724634862.8310757}
{"obj": {"type": "LogStrings", "path": ["monitoring", "ca52453c", "stdout"], "values": [{"value": " ", "step": null, "ts": 1724634862.8320823}]}, "version": 231, "at": 1724634862.8320823}
{"obj": {"type": "LogStrings", "path": ["monitoring", "ca52453c", "stdout"], "values": [{"value": "[-0.007032859325408936, -0.032570592562357586, -0.03364558617273967, 0.0014274319012959797, -0.017720681428909302, -0.03400464057922363, 0.4860789898337734, 0.33879493126279486, 0.0007795520499348641, 0.001090844236774209, 0.0008161766454577446, 0.0010382254329728492, 0.0009394676610827447, 0.0012424127555187838, 14.98022747039795, 14.98022747039795, 14.98022747039795, 14.98022747039795, 14.98022747039795, 14.98022747039795, 14.98022747039795, 14.98022747039795, 14.98022747039795]", "step": null, "ts": 1724634862.8320823}]}, "version": 232, "at": 1724634862.8320823}
{"obj": {"type": "LogStrings", "path": ["monitoring", "ca52453c", "stdout"], "values": [{"value": "\n", "step": null, "ts": 1724634862.8320823}]}, "version": 233, "at": 1724634862.8320823}
{"obj": {"type": "LogStrings", "path": ["monitoring", "ca52453c", "stdout"], "values": [{"value": "action ", "step": null, "ts": 1724634862.8330734}]}, "version": 234, "at": 1724634862.8330734}
{"obj": {"type": "LogStrings", "path": ["monitoring", "ca52453c", "stdout"], "values": [{"value": " ", "step": null, "ts": 1724634862.8330734}]}, "version": 235, "at": 1724634862.8330734}
{"obj": {"type": "LogStrings", "path": ["monitoring", "ca52453c", "stdout"], "values": [{"value": "62", "step": null, "ts": 1724634862.8330734}]}, "version": 236, "at": 1724634862.8330734}
{"obj": {"type": "LogStrings", "path": ["monitoring", "ca52453c", "stdout"], "values": [{"value": "\n", "step": null, "ts": 1724634862.8330734}]}, "version": 237, "at": 1724634862.8330734}
{"obj": {"type": "LogFloats", "path": ["monitoring", "ca52453c", "cpu"], "values": [{"value": 13.5, "step": null, "ts": 1724634863.0493724}]}, "version": 238, "at": 1724634863.0563726}
{"obj": {"type": "LogFloats", "path": ["monitoring", "ca52453c", "memory"], "values": [{"value": 13.134040832519531, "step": null, "ts": 1724634863.0493724}]}, "version": 239, "at": 1724634863.0563726}
{"obj": {"type": "LogFloats", "path": ["monitoring", "ca52453c", "gpu"], "values": [{"value": 23.0, "step": null, "ts": 1724634863.0493724}]}, "version": 240, "at": 1724634863.0563726}
{"obj": {"type": "LogFloats", "path": ["monitoring", "ca52453c", "gpu_memory"], "values": [{"value": 1.3111763000488281, "step": null, "ts": 1724634863.0493724}]}, "version": 241, "at": 1724634863.0563726}
{"obj": {"type": "LogFloats", "path": ["monitoring", "ca52453c", "gpu_power"], "values": [{"value": 6.307, "step": null, "ts": 1724634863.0493724}]}, "version": 242, "at": 1724634863.0563726}
{"obj": {"type": "LogStrings", "path": ["monitoring", "ca52453c", "stdout"], "values": [{"value": "Drone2 moved with speed vector [3, 2, 0] with duration 2", "step": null, "ts": 1724634863.3163013}]}, "version": 243, "at": 1724634863.3163013}
{"obj": {"type": "LogStrings", "path": ["monitoring", "ca52453c", "stdout"], "values": [{"value": "\n", "step": null, "ts": 1724634863.3163013}]}, "version": 244, "at": 1724634863.3163013}
{"obj": {"type": "LogStrings", "path": ["monitoring", "ca52453c", "stdout"], "values": [{"value": "drone 2 ", "step": null, "ts": 1724634863.3172796}]}, "version": 245, "at": 1724634863.3172796}
{"obj": {"type": "LogStrings", "path": ["monitoring", "ca52453c", "stdout"], "values": [{"value": " ", "step": null, "ts": 1724634863.3172796}]}, "version": 246, "at": 1724634863.3172796}
{"obj": {"type": "LogStrings", "path": ["monitoring", "ca52453c", "stdout"], "values": [{"value": "(6, 0, 0)", "step": null, "ts": 1724634863.3172796}]}, "version": 247, "at": 1724634863.3172796}
{"obj": {"type": "LogStrings", "path": ["monitoring", "ca52453c", "stdout"], "values": [{"value": "\n", "step": null, "ts": 1724634863.3177888}]}, "version": 248, "at": 1724634863.3177888}
{"obj": {"type": "LogStrings", "path": ["monitoring", "ca52453c", "stdout"], "values": [{"value": "Found 1 cylinders in image", "step": null, "ts": 1724634863.5019243}]}, "version": 249, "at": 1724634863.5019243}
{"obj": {"type": "LogStrings", "path": ["monitoring", "ca52453c", "stdout"], "values": [{"value": "\n", "step": null, "ts": 1724634863.502925}]}, "version": 250, "at": 1724634863.502925}
{"obj": {"type": "LogStrings", "path": ["monitoring", "ca52453c", "stdout"], "values": [{"value": "new_x = ", "step": null, "ts": 1724634863.5059273}]}, "version": 251, "at": 1724634863.5059273}
{"obj": {"type": "LogStrings", "path": ["monitoring", "ca52453c", "stdout"], "values": [{"value": " ", "step": null, "ts": 1724634863.5059273}]}, "version": 252, "at": 1724634863.5059273}
{"obj": {"type": "LogStrings", "path": ["monitoring", "ca52453c", "stdout"], "values": [{"value": "-0.6265690051058475", "step": null, "ts": 1724634863.5059273}]}, "version": 253, "at": 1724634863.5059273}
{"obj": {"type": "LogStrings", "path": ["monitoring", "ca52453c", "stdout"], "values": [{"value": " ", "step": null, "ts": 1724634863.5059273}]}, "version": 254, "at": 1724634863.5059273}
{"obj": {"type": "LogStrings", "path": ["monitoring", "ca52453c", "stdout"], "values": [{"value": " new_y = ", "step": null, "ts": 1724634863.5059273}]}, "version": 255, "at": 1724634863.5059273}
{"obj": {"type": "LogStrings", "path": ["monitoring", "ca52453c", "stdout"], "values": [{"value": " ", "step": null, "ts": 1724634863.5059273}]}, "version": 256, "at": 1724634863.5059273}
{"obj": {"type": "LogStrings", "path": ["monitoring", "ca52453c", "stdout"], "values": [{"value": "1.3163790149292247", "step": null, "ts": 1724634863.5059273}]}, "version": 257, "at": 1724634863.5059273}
{"obj": {"type": "LogStrings", "path": ["monitoring", "ca52453c", "stdout"], "values": [{"value": "\n", "step": null, "ts": 1724634863.5059273}]}, "version": 258, "at": 1724634863.5059273}
{"obj": {"type": "LogStrings", "path": ["monitoring", "ca52453c", "stdout"], "values": [{"value": "Drone1 moved with speed vector [-0.6265690051058475, 1.3163790149292247, 0] with duration 1", "step": null, "ts": 1724634864.521132}]}, "version": 259, "at": 1724634864.521132}
{"obj": {"type": "LogStrings", "path": ["monitoring", "ca52453c", "stdout"], "values": [{"value": "\n", "step": null, "ts": 1724634864.5221307}]}, "version": 260, "at": 1724634864.5221307}
{"obj": {"type": "LogStrings", "path": ["monitoring", "ca52453c", "stdout"], "values": [{"value": "rc=0 , rfov=0 , rd=-2.018118782492077 , rdir = 0.09739850997924805 , robs= 0 , r_v=0 , r_ang= -1.0544729336625758 , rf=0 ", "step": null, "ts": 1724634864.5231307}]}, "version": 261, "at": 1724634864.5231307}
{"obj": {"type": "LogStrings", "path": ["monitoring", "ca52453c", "stdout"], "values": [{"value": "\n", "step": null, "ts": 1724634864.5241313}]}, "version": 262, "at": 1724634864.5241313}
{"obj": {"type": "LogStrings", "path": ["monitoring", "ca52453c", "stdout"], "values": [{"value": "next state ", "step": null, "ts": 1724634864.5241313}]}, "version": 263, "at": 1724634864.5241313}
{"obj": {"type": "LogStrings", "path": ["monitoring", "ca52453c", "stdout"], "values": [{"value": " ", "step": null, "ts": 1724634864.5241313}]}, "version": 264, "at": 1724634864.5241313}
{"obj": {"type": "LogStrings", "path": ["monitoring", "ca52453c", "stdout"], "values": [{"value": "[0.0011581237117449443, -0.035267682870229085, -0.034126563866933184, -0.007032859325408936, -0.032570592562357586, -0.03364558617273967, 0.5766729022941597, 0.4860789898337734, 0.0008283866196870804, 0.0015187224046683606, 0.0007795520499348641, 0.001090844236774209, 0.0008161766454577446, 0.0010382254329728492, 14.869925498962402, 14.869925498962402, 14.869925498962402, 14.869925498962402, 14.869925498962402, 14.869925498962402, 14.869925498962402, 14.869925498962402, 14.869925498962402]", "step": null, "ts": 1724634864.5241313}]}, "version": 265, "at": 1724634864.5241313}
{"obj": {"type": "LogStrings", "path": ["monitoring", "ca52453c", "stdout"], "values": [{"value": "\n", "step": null, "ts": 1724634864.5241313}]}, "version": 266, "at": 1724634864.5241313}
{"obj": {"type": "LogStrings", "path": ["monitoring", "ca52453c", "stdout"], "values": [{"value": "action ", "step": null, "ts": 1724634864.5251315}]}, "version": 267, "at": 1724634864.5251315}
{"obj": {"type": "LogStrings", "path": ["monitoring", "ca52453c", "stdout"], "values": [{"value": " ", "step": null, "ts": 1724634864.5251315}]}, "version": 268, "at": 1724634864.5251315}
{"obj": {"type": "LogStrings", "path": ["monitoring", "ca52453c", "stdout"], "values": [{"value": "17", "step": null, "ts": 1724634864.5251315}]}, "version": 269, "at": 1724634864.5251315}
{"obj": {"type": "LogStrings", "path": ["monitoring", "ca52453c", "stdout"], "values": [{"value": "\n", "step": null, "ts": 1724634864.5251315}]}, "version": 270, "at": 1724634864.5251315}
{"obj": {"type": "LogStrings", "path": ["monitoring", "ca52453c", "stdout"], "values": [{"value": "Found 1 cylinders in image", "step": null, "ts": 1724634864.713742}]}, "version": 271, "at": 1724634864.713742}
{"obj": {"type": "LogStrings", "path": ["monitoring", "ca52453c", "stdout"], "values": [{"value": "\n", "step": null, "ts": 1724634864.7147565}]}, "version": 272, "at": 1724634864.7147565}
{"obj": {"type": "LogStrings", "path": ["monitoring", "ca52453c", "stdout"], "values": [{"value": "new_x = ", "step": null, "ts": 1724634864.7157435}]}, "version": 273, "at": 1724634864.7157435}
{"obj": {"type": "LogStrings", "path": ["monitoring", "ca52453c", "stdout"], "values": [{"value": " ", "step": null, "ts": 1724634864.7157435}]}, "version": 274, "at": 1724634864.7157435}
{"obj": {"type": "LogStrings", "path": ["monitoring", "ca52453c", "stdout"], "values": [{"value": "-1.29640806316516", "step": null, "ts": 1724634864.7157435}]}, "version": 275, "at": 1724634864.7157435}
{"obj": {"type": "LogStrings", "path": ["monitoring", "ca52453c", "stdout"], "values": [{"value": " ", "step": null, "ts": 1724634864.7172508}]}, "version": 276, "at": 1724634864.7172508}
{"obj": {"type": "LogStrings", "path": ["monitoring", "ca52453c", "stdout"], "values": [{"value": " new_y = ", "step": null, "ts": 1724634864.7172508}]}, "version": 277, "at": 1724634864.7172508}
{"obj": {"type": "LogStrings", "path": ["monitoring", "ca52453c", "stdout"], "values": [{"value": " ", "step": null, "ts": 1724634864.7172508}]}, "version": 278, "at": 1724634864.7172508}
{"obj": {"type": "LogStrings", "path": ["monitoring", "ca52453c", "stdout"], "values": [{"value": "0.2608313282825431", "step": null, "ts": 1724634864.7172508}]}, "version": 279, "at": 1724634864.7172508}
{"obj": {"type": "LogStrings", "path": ["monitoring", "ca52453c", "stdout"], "values": [{"value": "\n", "step": null, "ts": 1724634864.7172508}]}, "version": 280, "at": 1724634864.7172508}
{"obj": {"type": "LogStrings", "path": ["monitoring", "ca52453c", "stdout"], "values": [{"value": "Drone2 moved with speed vector [6, 0, 0] with duration 2", "step": null, "ts": 1724634865.3553889}]}, "version": 281, "at": 1724634865.3553889}
{"obj": {"type": "LogStrings", "path": ["monitoring", "ca52453c", "stdout"], "values": [{"value": "\n", "step": null, "ts": 1724634865.3553889}]}, "version": 282, "at": 1724634865.3553889}
{"obj": {"type": "LogStrings", "path": ["monitoring", "ca52453c", "stdout"], "values": [{"value": "drone 2 ", "step": null, "ts": 1724634865.35639}]}, "version": 283, "at": 1724634865.35639}
{"obj": {"type": "LogStrings", "path": ["monitoring", "ca52453c", "stdout"], "values": [{"value": " ", "step": null, "ts": 1724634865.35639}]}, "version": 284, "at": 1724634865.35639}
{"obj": {"type": "LogStrings", "path": ["monitoring", "ca52453c", "stdout"], "values": [{"value": "(6, -4, 0)", "step": null, "ts": 1724634865.35639}]}, "version": 285, "at": 1724634865.35639}
{"obj": {"type": "LogStrings", "path": ["monitoring", "ca52453c", "stdout"], "values": [{"value": "\n", "step": null, "ts": 1724634865.357387}]}, "version": 286, "at": 1724634865.357387}
{"obj": {"type": "LogStrings", "path": ["monitoring", "ca52453c", "stdout"], "values": [{"value": "Drone1 moved with speed vector [-1.29640806316516, 0.2608313282825431, 0] with duration 1", "step": null, "ts": 1724634865.7477381}]}, "version": 287, "at": 1724634865.7477381}
{"obj": {"type": "LogStrings", "path": ["monitoring", "ca52453c", "stdout"], "values": [{"value": "\n", "step": null, "ts": 1724634865.748246}]}, "version": 288, "at": 1724634865.748246}
{"obj": {"type": "LogStrings", "path": ["monitoring", "ca52453c", "stdout"], "values": [{"value": "rc=0 , rfov=0 , rd=-2.010434281433541 , rdir = 0.0986803436279297 , robs= 0 , r_v=0 , r_ang= -1.0568858117175806 , rf=0 ", "step": null, "ts": 1724634865.7494972}]}, "version": 289, "at": 1724634865.7494972}
{"obj": {"type": "LogStrings", "path": ["monitoring", "ca52453c", "stdout"], "values": [{"value": "\n", "step": null, "ts": 1724634865.7494972}]}, "version": 290, "at": 1724634865.7494972}
{"obj": {"type": "LogStrings", "path": ["monitoring", "ca52453c", "stdout"], "values": [{"value": "next state ", "step": null, "ts": 1724634865.7494972}]}, "version": 291, "at": 1724634865.7494972}
{"obj": {"type": "LogStrings", "path": ["monitoring", "ca52453c", "stdout"], "values": [{"value": " ", "step": null, "ts": 1724634865.7494972}]}, "version": 292, "at": 1724634865.7494972}
{"obj": {"type": "LogStrings", "path": ["monitoring", "ca52453c", "stdout"], "values": [{"value": "[8.775268215686083e-05, -0.030293152729670206, -0.03474496205647786, 0.0011581237117449443, -0.035267682870229085, -0.034126563866933184, 0.628844309461865, 0.5766729022941597, 0.000840456411242485, 0.0011652341301058547, 0.0008283866196870804, 0.0015187224046683606, 0.0007795520499348641, 0.001090844236774209, 14.934017181396484, 14.934017181396484, 14.934017181396484, 14.934017181396484, 14.934017181396484, 14.934017181396484, 14.934017181396484, 14.934017181396484, 14.934017181396484]", "step": null, "ts": 1724634865.7502666}]}, "version": 293, "at": 1724634865.7502666}
{"obj": {"type": "LogStrings", "path": ["monitoring", "ca52453c", "stdout"], "values": [{"value": "\n", "step": null, "ts": 1724634865.7502666}]}, "version": 294, "at": 1724634865.7502666}
{"obj": {"type": "LogStrings", "path": ["monitoring", "ca52453c", "stdout"], "values": [{"value": "action ", "step": null, "ts": 1724634865.7502666}]}, "version": 295, "at": 1724634865.7502666}
{"obj": {"type": "LogStrings", "path": ["monitoring", "ca52453c", "stdout"], "values": [{"value": " ", "step": null, "ts": 1724634865.7502666}]}, "version": 296, "at": 1724634865.7502666}
{"obj": {"type": "LogStrings", "path": ["monitoring", "ca52453c", "stdout"], "values": [{"value": "214", "step": null, "ts": 1724634865.7502666}]}, "version": 297, "at": 1724634865.7502666}
{"obj": {"type": "LogStrings", "path": ["monitoring", "ca52453c", "stdout"], "values": [{"value": "\n", "step": null, "ts": 1724634865.7502666}]}, "version": 298, "at": 1724634865.7512624}
{"obj": {"type": "LogStrings", "path": ["monitoring", "ca52453c", "stdout"], "values": [{"value": "Found 1 cylinders in image", "step": null, "ts": 1724634865.862002}]}, "version": 299, "at": 1724634865.862002}
{"obj": {"type": "LogStrings", "path": ["monitoring", "ca52453c", "stdout"], "values": [{"value": "\n", "step": null, "ts": 1724634865.8640037}]}, "version": 300, "at": 1724634865.8640037}
{"obj": {"type": "LogStrings", "path": ["monitoring", "ca52453c", "stdout"], "values": [{"value": "new_x = ", "step": null, "ts": 1724634865.8660042}]}, "version": 301, "at": 1724634865.8660042}
{"obj": {"type": "LogStrings", "path": ["monitoring", "ca52453c", "stdout"], "values": [{"value": " ", "step": null, "ts": 1724634865.8660042}]}, "version": 302, "at": 1724634865.8660042}
{"obj": {"type": "LogStrings", "path": ["monitoring", "ca52453c", "stdout"], "values": [{"value": "-1.0224772025089381", "step": null, "ts": 1724634865.8660042}]}, "version": 303, "at": 1724634865.8660042}
{"obj": {"type": "LogStrings", "path": ["monitoring", "ca52453c", "stdout"], "values": [{"value": " ", "step": null, "ts": 1724634865.8660042}]}, "version": 304, "at": 1724634865.8660042}
{"obj": {"type": "LogStrings", "path": ["monitoring", "ca52453c", "stdout"], "values": [{"value": " new_y = ", "step": null, "ts": 1724634865.8660042}]}, "version": 305, "at": 1724634865.8660042}
{"obj": {"type": "LogStrings", "path": ["monitoring", "ca52453c", "stdout"], "values": [{"value": " ", "step": null, "ts": 1724634865.8660042}]}, "version": 306, "at": 1724634865.8660042}
{"obj": {"type": "LogStrings", "path": ["monitoring", "ca52453c", "stdout"], "values": [{"value": "0.6611474675962029", "step": null, "ts": 1724634865.8675158}]}, "version": 307, "at": 1724634865.8675158}
{"obj": {"type": "LogStrings", "path": ["monitoring", "ca52453c", "stdout"], "values": [{"value": "\n", "step": null, "ts": 1724634865.8675158}]}, "version": 308, "at": 1724634865.8675158}
{"obj": {"type": "LogStrings", "path": ["monitoring", "ca52453c", "stdout"], "values": [{"value": "Drone2 moved with speed vector [6, -4, 0] with duration 2", "step": null, "ts": 1724634867.4086812}]}, "version": 309, "at": 1724634867.409686}
{"obj": {"type": "LogStrings", "path": ["monitoring", "ca52453c", "stdout"], "values": [{"value": "\n", "step": null, "ts": 1724634867.409686}]}, "version": 310, "at": 1724634867.409686}
{"obj": {"type": "LogStrings", "path": ["monitoring", "ca52453c", "stdout"], "values": [{"value": "drone 2 ", "step": null, "ts": 1724634867.409686}]}, "version": 311, "at": 1724634867.409686}
{"obj": {"type": "LogStrings", "path": ["monitoring", "ca52453c", "stdout"], "values": [{"value": " ", "step": null, "ts": 1724634867.409686}]}, "version": 312, "at": 1724634867.409686}
{"obj": {"type": "LogStrings", "path": ["monitoring", "ca52453c", "stdout"], "values": [{"value": "(9, 0, 0)", "step": null, "ts": 1724634867.4106913}]}, "version": 313, "at": 1724634867.4106913}
{"obj": {"type": "LogStrings", "path": ["monitoring", "ca52453c", "stdout"], "values": [{"value": "\n", "step": null, "ts": 1724634867.4106913}]}, "version": 314, "at": 1724634867.4106913}
{"obj": {"type": "LogStrings", "path": ["monitoring", "ca52453c", "stdout"], "values": [{"value": "Drone1 moved with speed vector [-1.0224772025089381, 0.6611474675962029, 0] with duration 3", "step": null, "ts": 1724634868.9309752}]}, "version": 315, "at": 1724634868.9309752}
{"obj": {"type": "LogStrings", "path": ["monitoring", "ca52453c", "stdout"], "values": [{"value": "\n", "step": null, "ts": 1724634868.9309752}]}, "version": 316, "at": 1724634868.9309752}
{"obj": {"type": "LogStrings", "path": ["monitoring", "ca52453c", "stdout"], "values": [{"value": "rc=0 , rfov=0 , rd=-2.010300706694992 , rdir = 0.10786130905151368 , robs= 0 , r_v=0 , r_ang= -1.056557675582197 , rf=0 ", "step": null, "ts": 1724634868.9319773}]}, "version": 317, "at": 1724634868.9319773}
{"obj": {"type": "LogStrings", "path": ["monitoring", "ca52453c", "stdout"], "values": [{"value": "\n", "step": null, "ts": 1724634868.9319773}]}, "version": 318, "at": 1724634868.9319773}
{"obj": {"type": "LogStrings", "path": ["monitoring", "ca52453c", "stdout"], "values": [{"value": "next state ", "step": null, "ts": 1724634868.9319773}]}, "version": 319, "at": 1724634868.9319773}
{"obj": {"type": "LogStrings", "path": ["monitoring", "ca52453c", "stdout"], "values": [{"value": " ", "step": null, "ts": 1724634868.9319773}]}, "version": 320, "at": 1724634868.9319773}
{"obj": {"type": "LogStrings", "path": ["monitoring", "ca52453c", "stdout"], "values": [{"value": "[-0.006659078598022461, -0.02438790202140808, -0.034665703773498535, 8.775268215686083e-05, -0.030293152729670206, -0.03474496205647786, 0.6803478429368236, 0.628844309461865, 0.0008319057151675224, 0.0012202129834963953, 0.000840456411242485, 0.0011652341301058547, 0.0008283866196870804, 0.0015187224046683606, 15.393065452575684, 15.393065452575684, 15.393065452575684, 15.393065452575684, 15.393065452575684, 15.393065452575684, 15.393065452575684, 15.393065452575684, 15.393065452575684]", "step": null, "ts": 1724634868.9319773}]}, "version": 321, "at": 1724634868.9319773}
{"obj": {"type": "LogStrings", "path": ["monitoring", "ca52453c", "stdout"], "values": [{"value": "\n", "step": null, "ts": 1724634868.9329772}]}, "version": 322, "at": 1724634868.9329772}
{"obj": {"type": "LogStrings", "path": ["monitoring", "ca52453c", "stdout"], "values": [{"value": "action ", "step": null, "ts": 1724634868.9329772}]}, "version": 323, "at": 1724634868.9329772}
{"obj": {"type": "LogStrings", "path": ["monitoring", "ca52453c", "stdout"], "values": [{"value": " ", "step": null, "ts": 1724634868.9329772}]}, "version": 324, "at": 1724634868.9329772}
{"obj": {"type": "LogStrings", "path": ["monitoring", "ca52453c", "stdout"], "values": [{"value": "288", "step": null, "ts": 1724634868.9329772}]}, "version": 325, "at": 1724634868.9329772}
{"obj": {"type": "LogStrings", "path": ["monitoring", "ca52453c", "stdout"], "values": [{"value": "\n", "step": null, "ts": 1724634868.9329772}]}, "version": 326, "at": 1724634868.9329772}
{"obj": {"type": "LogStrings", "path": ["monitoring", "ca52453c", "stdout"], "values": [{"value": "Found 1 cylinders in image", "step": null, "ts": 1724634869.0681465}]}, "version": 327, "at": 1724634869.0681465}
{"obj": {"type": "LogStrings", "path": ["monitoring", "ca52453c", "stdout"], "values": [{"value": "\n", "step": null, "ts": 1724634869.0701628}]}, "version": 328, "at": 1724634869.0701628}
{"obj": {"type": "LogStrings", "path": ["monitoring", "ca52453c", "stdout"], "values": [{"value": "new_x = ", "step": null, "ts": 1724634869.0751686}]}, "version": 329, "at": 1724634869.0761628}
{"obj": {"type": "LogStrings", "path": ["monitoring", "ca52453c", "stdout"], "values": [{"value": " ", "step": null, "ts": 1724634869.0761628}]}, "version": 330, "at": 1724634869.0761628}
{"obj": {"type": "LogStrings", "path": ["monitoring", "ca52453c", "stdout"], "values": [{"value": "2.5288292673996025", "step": null, "ts": 1724634869.0761628}]}, "version": 331, "at": 1724634869.0761628}
{"obj": {"type": "LogStrings", "path": ["monitoring", "ca52453c", "stdout"], "values": [{"value": " ", "step": null, "ts": 1724634869.0761628}]}, "version": 332, "at": 1724634869.0761628}
{"obj": {"type": "LogStrings", "path": ["monitoring", "ca52453c", "stdout"], "values": [{"value": " new_y = ", "step": null, "ts": 1724634869.0761628}]}, "version": 333, "at": 1724634869.0761628}
{"obj": {"type": "LogStrings", "path": ["monitoring", "ca52453c", "stdout"], "values": [{"value": " ", "step": null, "ts": 1724634869.0761628}]}, "version": 334, "at": 1724634869.0761628}
{"obj": {"type": "LogStrings", "path": ["monitoring", "ca52453c", "stdout"], "values": [{"value": "2.4552333901862387", "step": null, "ts": 1724634869.0761628}]}, "version": 335, "at": 1724634869.0761628}
{"obj": {"type": "LogStrings", "path": ["monitoring", "ca52453c", "stdout"], "values": [{"value": "\n", "step": null, "ts": 1724634869.0761628}]}, "version": 336, "at": 1724634869.0761628}
{"obj": {"type": "LogStrings", "path": ["monitoring", "ca52453c", "stdout"], "values": [{"value": "Drone2 moved with speed vector [9, 0, 0] with duration 2", "step": null, "ts": 1724634869.4681356}]}, "version": 337, "at": 1724634869.4681356}
{"obj": {"type": "LogStrings", "path": ["monitoring", "ca52453c", "stdout"], "values": [{"value": "\n", "step": null, "ts": 1724634869.4686458}]}, "version": 338, "at": 1724634869.4686458}
{"obj": {"type": "LogStrings", "path": ["monitoring", "ca52453c", "stdout"], "values": [{"value": "drone 2 ", "step": null, "ts": 1724634869.4686458}]}, "version": 339, "at": 1724634869.4686458}
{"obj": {"type": "LogStrings", "path": ["monitoring", "ca52453c", "stdout"], "values": [{"value": " ", "step": null, "ts": 1724634869.4696577}]}, "version": 340, "at": 1724634869.4696577}
{"obj": {"type": "LogStrings", "path": ["monitoring", "ca52453c", "stdout"], "values": [{"value": "(0, 0, 0)", "step": null, "ts": 1724634869.4696577}]}, "version": 341, "at": 1724634869.4696577}
{"obj": {"type": "LogStrings", "path": ["monitoring", "ca52453c", "stdout"], "values": [{"value": "\n", "step": null, "ts": 1724634869.4696577}]}, "version": 342, "at": 1724634869.4696577}
{"obj": {"type": "LogStrings", "path": ["monitoring", "ca52453c", "stdout"], "values": [{"value": "Drone2 moved with speed vector [0, 0, 0] with duration 2", "step": null, "ts": 1724634871.5193293}]}, "version": 343, "at": 1724634871.520333}
{"obj": {"type": "LogStrings", "path": ["monitoring", "ca52453c", "stdout"], "values": [{"value": "\n", "step": null, "ts": 1724634871.520333}]}, "version": 344, "at": 1724634871.520333}
{"obj": {"type": "LogStrings", "path": ["monitoring", "ca52453c", "stdout"], "values": [{"value": "after thread target ", "step": null, "ts": 1724634871.520333}]}, "version": 345, "at": 1724634871.520333}
{"obj": {"type": "LogStrings", "path": ["monitoring", "ca52453c", "stdout"], "values": [{"value": " ", "step": null, "ts": 1724634871.520333}]}, "version": 346, "at": 1724634871.520333}
{"obj": {"type": "LogStrings", "path": ["monitoring", "ca52453c", "stdout"], "values": [{"value": "1", "step": null, "ts": 1724634871.5213313}]}, "version": 347, "at": 1724634871.5213313}
{"obj": {"type": "LogStrings", "path": ["monitoring", "ca52453c", "stdout"], "values": [{"value": "\n", "step": null, "ts": 1724634871.5213313}]}, "version": 348, "at": 1724634871.5213313}
{"obj": {"type": "LogStrings", "path": ["monitoring", "ca52453c", "stdout"], "values": [{"value": "Drone1 moved with speed vector [2.5288292673996025, 2.4552333901862387, 0] with duration 3", "step": null, "ts": 1724634872.1314647}]}, "version": 349, "at": 1724634872.1314647}
{"obj": {"type": "LogStrings", "path": ["monitoring", "ca52453c", "stdout"], "values": [{"value": "\n", "step": null, "ts": 1724634872.1332345}]}, "version": 350, "at": 1724634872.1332345}
{"obj": {"type": "LogStrings", "path": ["monitoring", "ca52453c", "stdout"], "values": [{"value": "rc=0 , rfov=0 , rd=-2.0365805500039755 , rdir = 0.09989282608032227 , robs= 0 , r_v=0 , r_ang= -1.0577394012609542 , rf=0 ", "step": null, "ts": 1724634872.1362283}]}, "version": 351, "at": 1724634872.1362283}
{"obj": {"type": "LogStrings", "path": ["monitoring", "ca52453c", "stdout"], "values": [{"value": "\n", "step": null, "ts": 1724634872.1362283}]}, "version": 352, "at": 1724634872.1362283}
{"obj": {"type": "LogStrings", "path": ["monitoring", "ca52453c", "stdout"], "values": [{"value": "next state ", "step": null, "ts": 1724634872.1372297}]}, "version": 353, "at": 1724634872.1372297}
{"obj": {"type": "LogStrings", "path": ["monitoring", "ca52453c", "stdout"], "values": [{"value": " ", "step": null, "ts": 1724634872.1390114}]}, "version": 354, "at": 1724634872.1390114}
{"obj": {"type": "LogStrings", "path": ["monitoring", "ca52453c", "stdout"], "values": [{"value": "[-0.033217527468999225, -0.009319186210632324, -0.033883512020111084, -0.006659078598022461, -0.02438790202140808, -0.034665703773498535, 0.8632505929567006, 0.6803478429368236, 0.0007622994855046273, 0.001122687481067799, 0.0008319057151675224, 0.0012202129834963953, 0.000840456411242485, 0.0011652341301058547, 14.994641304016113, 14.994641304016113, 14.994641304016113, 14.994641304016113, 14.994641304016113, 14.994641304016113, 14.994641304016113, 14.994641304016113, 14.994641304016113]", "step": null, "ts": 1724634872.1400082}]}, "version": 355, "at": 1724634872.1400082}
{"obj": {"type": "LogStrings", "path": ["monitoring", "ca52453c", "stdout"], "values": [{"value": "\n", "step": null, "ts": 1724634872.1410112}]}, "version": 356, "at": 1724634872.1410112}
{"obj": {"type": "LogStrings", "path": ["monitoring", "ca52453c", "stdout"], "values": [{"value": "after thread drone ", "step": null, "ts": 1724634872.1420276}]}, "version": 357, "at": 1724634872.1420276}
{"obj": {"type": "LogStrings", "path": ["monitoring", "ca52453c", "stdout"], "values": [{"value": " ", "step": null, "ts": 1724634872.1420276}]}, "version": 358, "at": 1724634872.1420276}
{"obj": {"type": "LogStrings", "path": ["monitoring", "ca52453c", "stdout"], "values": [{"value": "1", "step": null, "ts": 1724634872.1430104}]}, "version": 359, "at": 1724634872.1430104}
{"obj": {"type": "LogStrings", "path": ["monitoring", "ca52453c", "stdout"], "values": [{"value": "\n", "step": null, "ts": 1724634872.1430104}]}, "version": 360, "at": 1724634872.1430104}
{"obj": {"type": "LogStrings", "path": ["monitoring", "ca52453c", "stdout"], "values": [{"value": "episode ", "step": null, "ts": 1724634872.1440082}]}, "version": 361, "at": 1724634872.1440082}
{"obj": {"type": "LogStrings", "path": ["monitoring", "ca52453c", "stdout"], "values": [{"value": " ", "step": null, "ts": 1724634872.1440082}]}, "version": 362, "at": 1724634872.1440082}
{"obj": {"type": "LogStrings", "path": ["monitoring", "ca52453c", "stdout"], "values": [{"value": "0", "step": null, "ts": 1724634872.1440082}]}, "version": 363, "at": 1724634872.1440082}
{"obj": {"type": "LogStrings", "path": ["monitoring", "ca52453c", "stdout"], "values": [{"value": " ", "step": null, "ts": 1724634872.1450083}]}, "version": 364, "at": 1724634872.1450083}
{"obj": {"type": "LogStrings", "path": ["monitoring", "ca52453c", "stdout"], "values": [{"value": "score -20.8", "step": null, "ts": 1724634872.1450083}]}, "version": 365, "at": 1724634872.1450083}
{"obj": {"type": "LogStrings", "path": ["monitoring", "ca52453c", "stdout"], "values": [{"value": "\n", "step": null, "ts": 1724634872.1460078}]}, "version": 366, "at": 1724634872.1460078}
{"obj": {"type": "LogFloats", "path": ["reward"], "values": [{"value": -20.80155702364431, "step": null, "ts": 1724634872.1460078}]}, "version": 367, "at": 1724634872.1460078}
{"obj": {"type": "LogFloats", "path": ["epsilon"], "values": [{"value": 0.9983184297396994, "step": null, "ts": 1724634872.1460078}]}, "version": 368, "at": 1724634872.1460078}
{"obj": {"type": "LogStrings", "path": ["monitoring", "ca52453c", "stdout"], "values": [{"value": " ... saving checkpoint ...", "step": null, "ts": 1724634872.1480439}]}, "version": 369, "at": 1724634872.1480439}
{"obj": {"type": "LogStrings", "path": ["monitoring", "ca52453c", "stdout"], "values": [{"value": "\n", "step": null, "ts": 1724634872.150053}]}, "version": 370, "at": 1724634872.150053}
{"obj": {"type": "LogStrings", "path": ["monitoring", "ca52453c", "stdout"], "values": [{"value": "episode ", "step": null, "ts": 1724634872.2200696}]}, "version": 371, "at": 1724634872.2200696}
{"obj": {"type": "LogStrings", "path": ["monitoring", "ca52453c", "stdout"], "values": [{"value": " ", "step": null, "ts": 1724634872.2210674}]}, "version": 372, "at": 1724634872.2210674}
{"obj": {"type": "LogStrings", "path": ["monitoring", "ca52453c", "stdout"], "values": [{"value": "1", "step": null, "ts": 1724634872.2220728}]}, "version": 373, "at": 1724634872.2220728}
{"obj": {"type": "LogStrings", "path": ["monitoring", "ca52453c", "stdout"], "values": [{"value": "\n", "step": null, "ts": 1724634872.2220728}]}, "version": 374, "at": 1724634872.2220728}
{"obj": {"type": "LogStrings", "path": ["monitoring", "ca52453c", "stdout"], "values": [{"value": "reset", "step": null, "ts": 1724634872.2231188}]}, "version": 375, "at": 1724634872.2231188}
{"obj": {"type": "LogStrings", "path": ["monitoring", "ca52453c", "stdout"], "values": [{"value": "\n", "step": null, "ts": 1724634872.2250748}]}, "version": 376, "at": 1724634872.2250748}
{"obj": {"type": "LogStrings", "path": ["monitoring", "ca52453c", "stdout"], "values": [{"value": "Found 0 cylinders in image", "step": null, "ts": 1724634872.361358}]}, "version": 377, "at": 1724634872.3623555}
{"obj": {"type": "LogStrings", "path": ["monitoring", "ca52453c", "stdout"], "values": [{"value": "\n", "step": null, "ts": 1724634872.3623555}]}, "version": 378, "at": 1724634872.3623555}
{"obj": {"type": "LogFloats", "path": ["monitoring", "ca52453c", "cpu"], "values": [{"value": 14.6, "step": null, "ts": 1724634873.0582132}]}, "version": 379, "at": 1724634873.099319}
{"obj": {"type": "LogFloats", "path": ["monitoring", "ca52453c", "memory"], "values": [{"value": 13.124797821044922, "step": null, "ts": 1724634873.0582132}]}, "version": 380, "at": 1724634873.100859}
{"obj": {"type": "LogFloats", "path": ["monitoring", "ca52453c", "gpu"], "values": [{"value": 35.0, "step": null, "ts": 1724634873.0582132}]}, "version": 381, "at": 1724634873.100859}
{"obj": {"type": "LogFloats", "path": ["monitoring", "ca52453c", "gpu_memory"], "values": [{"value": 1.3102607727050781, "step": null, "ts": 1724634873.0582132}]}, "version": 382, "at": 1724634873.100859}
{"obj": {"type": "LogFloats", "path": ["monitoring", "ca52453c", "gpu_power"], "values": [{"value": 14.211, "step": null, "ts": 1724634873.0582132}]}, "version": 383, "at": 1724634873.101868}
{"obj": {"type": "LogStrings", "path": ["monitoring", "ca52453c", "stdout"], "values": [{"value": "Drone1 moved with speed vector [1, 0, 0] with duration 2", "step": null, "ts": 1724634878.4859238}]}, "version": 384, "at": 1724634878.4859238}
{"obj": {"type": "LogStrings", "path": ["monitoring", "ca52453c", "stdout"], "values": [{"value": "\n", "step": null, "ts": 1724634878.4859238}]}, "version": 385, "at": 1724634878.4859238}
{"obj": {"type": "LogStrings", "path": ["monitoring", "ca52453c", "stdout"], "values": [{"value": "before threads ", "step": null, "ts": 1724634878.4875166}]}, "version": 386, "at": 1724634878.4875166}
{"obj": {"type": "LogStrings", "path": ["monitoring", "ca52453c", "stdout"], "values": [{"value": " ", "step": null, "ts": 1724634878.4875166}]}, "version": 387, "at": 1724634878.4875166}
{"obj": {"type": "LogStrings", "path": ["monitoring", "ca52453c", "stdout"], "values": [{"value": "0", "step": null, "ts": 1724634878.4875166}]}, "version": 388, "at": 1724634878.4875166}
{"obj": {"type": "LogStrings", "path": ["monitoring", "ca52453c", "stdout"], "values": [{"value": "\n", "step": null, "ts": 1724634878.4875166}]}, "version": 389, "at": 1724634878.4875166}
{"obj": {"type": "LogStrings", "path": ["monitoring", "ca52453c", "stdout"], "values": [{"value": "drone 2 ", "step": null, "ts": 1724634878.4880261}]}, "version": 390, "at": 1724634878.4880261}
{"obj": {"type": "LogStrings", "path": ["monitoring", "ca52453c", "stdout"], "values": [{"value": " ", "step": null, "ts": 1724634878.488894}]}, "version": 391, "at": 1724634878.488894}
{"obj": {"type": "LogStrings", "path": ["monitoring", "ca52453c", "stdout"], "values": [{"value": "(3, 0, 0)", "step": null, "ts": 1724634878.488894}]}, "version": 392, "at": 1724634878.488894}
{"obj": {"type": "LogStrings", "path": ["monitoring", "ca52453c", "stdout"], "values": [{"value": "\n", "step": null, "ts": 1724634878.488894}]}, "version": 393, "at": 1724634878.488894}
{"obj": {"type": "LogStrings", "path": ["monitoring", "ca52453c", "stdout"], "values": [{"value": "action ", "step": null, "ts": 1724634878.4904528}]}, "version": 394, "at": 1724634878.4904528}
{"obj": {"type": "LogStrings", "path": ["monitoring", "ca52453c", "stdout"], "values": [{"value": " ", "step": null, "ts": 1724634878.4914088}]}, "version": 395, "at": 1724634878.4914088}
{"obj": {"type": "LogStrings", "path": ["monitoring", "ca52453c", "stdout"], "values": [{"value": "63", "step": null, "ts": 1724634878.4914088}]}, "version": 396, "at": 1724634878.4914088}
{"obj": {"type": "LogStrings", "path": ["monitoring", "ca52453c", "stdout"], "values": [{"value": "\n", "step": null, "ts": 1724634878.4914088}]}, "version": 397, "at": 1724634878.4914088}
{"obj": {"type": "LogStrings", "path": ["monitoring", "ca52453c", "stdout"], "values": [{"value": "Found 1 cylinders in image", "step": null, "ts": 1724634878.890952}]}, "version": 398, "at": 1724634878.890952}
{"obj": {"type": "LogStrings", "path": ["monitoring", "ca52453c", "stdout"], "values": [{"value": "\n", "step": null, "ts": 1724634878.8929534}]}, "version": 399, "at": 1724634878.8929534}
{"obj": {"type": "LogStrings", "path": ["monitoring", "ca52453c", "stdout"], "values": [{"value": "new_x = ", "step": null, "ts": 1724634878.8959544}]}, "version": 400, "at": 1724634878.8959544}
{"obj": {"type": "LogStrings", "path": ["monitoring", "ca52453c", "stdout"], "values": [{"value": " ", "step": null, "ts": 1724634878.8974671}]}, "version": 401, "at": 1724634878.8974671}
{"obj": {"type": "LogStrings", "path": ["monitoring", "ca52453c", "stdout"], "values": [{"value": "-1.0641424949866871", "step": null, "ts": 1724634878.8979976}]}, "version": 402, "at": 1724634878.89901}
{"obj": {"type": "LogStrings", "path": ["monitoring", "ca52453c", "stdout"], "values": [{"value": " ", "step": null, "ts": 1724634878.89901}]}, "version": 403, "at": 1724634878.89901}
{"obj": {"type": "LogStrings", "path": ["monitoring", "ca52453c", "stdout"], "values": [{"value": " new_y = ", "step": null, "ts": 1724634878.89901}]}, "version": 404, "at": 1724634878.89901}
{"obj": {"type": "LogStrings", "path": ["monitoring", "ca52453c", "stdout"], "values": [{"value": " ", "step": null, "ts": 1724634878.89901}]}, "version": 405, "at": 1724634878.89901}
{"obj": {"type": "LogStrings", "path": ["monitoring", "ca52453c", "stdout"], "values": [{"value": "0.6899483083998097", "step": null, "ts": 1724634878.89901}]}, "version": 406, "at": 1724634878.89901}
{"obj": {"type": "LogStrings", "path": ["monitoring", "ca52453c", "stdout"], "values": [{"value": "\n", "step": null, "ts": 1724634878.89901}]}, "version": 407, "at": 1724634878.89901}
{"obj": {"type": "LogStrings", "path": ["monitoring", "ca52453c", "stdout"], "values": [{"value": "Drone1 moved with speed vector [-1.0641424949866871, 0.6899483083998097, 0] with duration 1", "step": null, "ts": 1724634879.9179013}]}, "version": 408, "at": 1724634879.9179013}
{"obj": {"type": "LogStrings", "path": ["monitoring", "ca52453c", "stdout"], "values": [{"value": "\n", "step": null, "ts": 1724634879.9193158}]}, "version": 409, "at": 1724634879.9193158}
{"obj": {"type": "LogStrings", "path": ["monitoring", "ca52453c", "stdout"], "values": [{"value": "rc=0 , rfov=0 , rd=1.0 , rdir = 0.0964676856994629 , robs= 0 , r_v=0 , r_ang= -1.0584201579750874 , rf=0 ", "step": null, "ts": 1724634879.9209235}]}, "version": 410, "at": 1724634879.9209235}
{"obj": {"type": "LogStrings", "path": ["monitoring", "ca52453c", "stdout"], "values": [{"value": "\n", "step": null, "ts": 1724634879.9219236}]}, "version": 411, "at": 1724634879.9219236}
{"obj": {"type": "LogStrings", "path": ["monitoring", "ca52453c", "stdout"], "values": [{"value": "next state ", "step": null, "ts": 1724634879.9219236}]}, "version": 412, "at": 1724634879.9219236}
{"obj": {"type": "LogStrings", "path": ["monitoring", "ca52453c", "stdout"], "values": [{"value": " ", "step": null, "ts": 1724634879.9219236}]}, "version": 413, "at": 1724634879.9219236}
{"obj": {"type": "LogStrings", "path": ["monitoring", "ca52453c", "stdout"], "values": [{"value": "[0.0003469955176115036, 3.025062297011549e-14, -0.03525327046712239, 0.0, 0.0, -0.00046245381236076355, 0.1057408036618836, -1, 0.00078125, 0.001007423989566756, -1, -1, 0.0007622994855046273, 0.001122687481067799, 14.823384284973145, 14.823384284973145, 14.823384284973145, 14.823384284973145, 14.823384284973145, 14.823384284973145, 14.823384284973145, 14.977716445922852, 14.977716445922852]", "step": null, "ts": 1724634879.9229248}]}, "version": 414, "at": 1724634879.9229248}
{"obj": {"type": "LogStrings", "path": ["monitoring", "ca52453c", "stdout"], "values": [{"value": "\n", "step": null, "ts": 1724634879.9239218}]}, "version": 415, "at": 1724634879.9239218}
{"obj": {"type": "LogStrings", "path": ["monitoring", "ca52453c", "stdout"], "values": [{"value": "action ", "step": null, "ts": 1724634879.924924}]}, "version": 416, "at": 1724634879.924924}
{"obj": {"type": "LogStrings", "path": ["monitoring", "ca52453c", "stdout"], "values": [{"value": " ", "step": null, "ts": 1724634879.924924}]}, "version": 417, "at": 1724634879.924924}
{"obj": {"type": "LogStrings", "path": ["monitoring", "ca52453c", "stdout"], "values": [{"value": "72", "step": null, "ts": 1724634879.9259226}]}, "version": 418, "at": 1724634879.9259226}
{"obj": {"type": "LogStrings", "path": ["monitoring", "ca52453c", "stdout"], "values": [{"value": "\n", "step": null, "ts": 1724634879.9259226}]}, "version": 419, "at": 1724634879.9259226}
{"obj": {"type": "LogStrings", "path": ["monitoring", "ca52453c", "stdout"], "values": [{"value": "Found 1 cylinders in image", "step": null, "ts": 1724634880.0325382}]}, "version": 420, "at": 1724634880.0335474}
{"obj": {"type": "LogStrings", "path": ["monitoring", "ca52453c", "stdout"], "values": [{"value": "\n", "step": null, "ts": 1724634880.0380657}]}, "version": 421, "at": 1724634880.0380657}
{"obj": {"type": "LogStrings", "path": ["monitoring", "ca52453c", "stdout"], "values": [{"value": "new_x = ", "step": null, "ts": 1724634880.041154}]}, "version": 422, "at": 1724634880.041154}
{"obj": {"type": "LogStrings", "path": ["monitoring", "ca52453c", "stdout"], "values": [{"value": " ", "step": null, "ts": 1724634880.041154}]}, "version": 423, "at": 1724634880.041154}
{"obj": {"type": "LogStrings", "path": ["monitoring", "ca52453c", "stdout"], "values": [{"value": "-0.10880979532771472", "step": null, "ts": 1724634880.041154}]}, "version": 424, "at": 1724634880.041154}
{"obj": {"type": "LogStrings", "path": ["monitoring", "ca52453c", "stdout"], "values": [{"value": " ", "step": null, "ts": 1724634880.0421522}]}, "version": 425, "at": 1724634880.0421522}
{"obj": {"type": "LogStrings", "path": ["monitoring", "ca52453c", "stdout"], "values": [{"value": " new_y = ", "step": null, "ts": 1724634880.0421522}]}, "version": 426, "at": 1724634880.0421522}
{"obj": {"type": "LogStrings", "path": ["monitoring", "ca52453c", "stdout"], "values": [{"value": " ", "step": null, "ts": 1724634880.0421522}]}, "version": 427, "at": 1724634880.0421522}
{"obj": {"type": "LogStrings", "path": ["monitoring", "ca52453c", "stdout"], "values": [{"value": "-2.4670142476897", "step": null, "ts": 1724634880.0421522}]}, "version": 428, "at": 1724634880.0421522}
{"obj": {"type": "LogStrings", "path": ["monitoring", "ca52453c", "stdout"], "values": [{"value": "\n", "step": null, "ts": 1724634880.0431511}]}, "version": 429, "at": 1724634880.0431511}
{"obj": {"type": "LogStrings", "path": ["monitoring", "ca52453c", "stdout"], "values": [{"value": "Drone2 moved with speed vector [3, 0, 0] with duration 2", "step": null, "ts": 1724634880.521195}]}, "version": 430, "at": 1724634880.522191}
{"obj": {"type": "LogStrings", "path": ["monitoring", "ca52453c", "stdout"], "values": [{"value": "\n", "step": null, "ts": 1724634880.522191}]}, "version": 431, "at": 1724634880.522191}
{"obj": {"type": "LogStrings", "path": ["monitoring", "ca52453c", "stdout"], "values": [{"value": "drone 2 ", "step": null, "ts": 1724634880.522191}]}, "version": 432, "at": 1724634880.522191}
{"obj": {"type": "LogStrings", "path": ["monitoring", "ca52453c", "stdout"], "values": [{"value": " ", "step": null, "ts": 1724634880.5231903}]}, "version": 433, "at": 1724634880.5231903}
{"obj": {"type": "LogStrings", "path": ["monitoring", "ca52453c", "stdout"], "values": [{"value": "(3, 2, 0)", "step": null, "ts": 1724634880.5231903}]}, "version": 434, "at": 1724634880.5231903}
{"obj": {"type": "LogStrings", "path": ["monitoring", "ca52453c", "stdout"], "values": [{"value": "\n", "step": null, "ts": 1724634880.5231903}]}, "version": 435, "at": 1724634880.5231903}
{"obj": {"type": "LogStrings", "path": ["monitoring", "ca52453c", "stdout"], "values": [{"value": "Drone1 moved with speed vector [-0.10880979532771472, -2.4670142476897, 0] with duration 1", "step": null, "ts": 1724634881.057362}]}, "version": 436, "at": 1724634881.057362}
{"obj": {"type": "LogStrings", "path": ["monitoring", "ca52453c", "stdout"], "values": [{"value": "\n", "step": null, "ts": 1724634881.0578911}]}, "version": 437, "at": 1724634881.0578911}
{"obj": {"type": "LogStrings", "path": ["monitoring", "ca52453c", "stdout"], "values": [{"value": "rc=0 , rfov=0 , rd=0.9966833102359494 , rdir = 0.09683311462402344 , robs= 0 , r_v=0 , r_ang= -1.0558185763235395 , rf=0 ", "step": null, "ts": 1724634881.0588973}]}, "version": 438, "at": 1724634881.0588973}
{"obj": {"type": "LogStrings", "path": ["monitoring", "ca52453c", "stdout"], "values": [{"value": "\n", "step": null, "ts": 1724634881.0598972}]}, "version": 439, "at": 1724634881.0598972}
{"obj": {"type": "LogStrings", "path": ["monitoring", "ca52453c", "stdout"], "values": [{"value": "next state ", "step": null, "ts": 1724634881.0598972}]}, "version": 440, "at": 1724634881.0598972}
{"obj": {"type": "LogStrings", "path": ["monitoring", "ca52453c", "stdout"], "values": [{"value": " ", "step": null, "ts": 1724634881.0608983}]}, "version": 441, "at": 1724634881.0608983}
{"obj": {"type": "LogStrings", "path": ["monitoring", "ca52453c", "stdout"], "values": [{"value": "[-0.0010900958130757013, 0.0024620682001113892, -0.03573395013809204, 0.0003469955176115036, 3.025062297011549e-14, -0.03525327046712239, 0.12232425248213726, 0.1057408036618836, 0.0007631988450884819, 0.0013935678387865607, 0.00078125, 0.001007423989566756, -1, -1, 14.841655731201172, 14.841655731201172, 14.841655731201172, 14.841655731201172, 14.841655731201172, 14.841655731201172, 14.841655731201172, 14.841655731201172, 14.841655731201172]", "step": null, "ts": 1724634881.0608983}]}, "version": 442, "at": 1724634881.0608983}
{"obj": {"type": "LogStrings", "path": ["monitoring", "ca52453c", "stdout"], "values": [{"value": "\n", "step": null, "ts": 1724634881.0608983}]}, "version": 443, "at": 1724634881.0608983}
{"obj": {"type": "LogStrings", "path": ["monitoring", "ca52453c", "stdout"], "values": [{"value": "action ", "step": null, "ts": 1724634881.0618978}]}, "version": 444, "at": 1724634881.0618978}
{"obj": {"type": "LogStrings", "path": ["monitoring", "ca52453c", "stdout"], "values": [{"value": " ", "step": null, "ts": 1724634881.0618978}]}, "version": 445, "at": 1724634881.0618978}
{"obj": {"type": "LogStrings", "path": ["monitoring", "ca52453c", "stdout"], "values": [{"value": "88", "step": null, "ts": 1724634881.0618978}]}, "version": 446, "at": 1724634881.0618978}
{"obj": {"type": "LogStrings", "path": ["monitoring", "ca52453c", "stdout"], "values": [{"value": "\n", "step": null, "ts": 1724634881.0628965}]}, "version": 447, "at": 1724634881.0628965}
{"obj": {"type": "LogStrings", "path": ["monitoring", "ca52453c", "stdout"], "values": [{"value": "Found 1 cylinders in image", "step": null, "ts": 1724634881.1656313}]}, "version": 448, "at": 1724634881.1656313}
{"obj": {"type": "LogStrings", "path": ["monitoring", "ca52453c", "stdout"], "values": [{"value": "\n", "step": null, "ts": 1724634881.1681676}]}, "version": 449, "at": 1724634881.1681676}
{"obj": {"type": "LogStrings", "path": ["monitoring", "ca52453c", "stdout"], "values": [{"value": "new_x = ", "step": null, "ts": 1724634881.1736946}]}, "version": 450, "at": 1724634881.1736946}
{"obj": {"type": "LogStrings", "path": ["monitoring", "ca52453c", "stdout"], "values": [{"value": " ", "step": null, "ts": 1724634881.1736946}]}, "version": 451, "at": 1724634881.1736946}
{"obj": {"type": "LogStrings", "path": ["monitoring", "ca52453c", "stdout"], "values": [{"value": "-3.690989956379299", "step": null, "ts": 1724634881.1736946}]}, "version": 452, "at": 1724634881.1736946}
{"obj": {"type": "LogStrings", "path": ["monitoring", "ca52453c", "stdout"], "values": [{"value": " ", "step": null, "ts": 1724634881.1736946}]}, "version": 453, "at": 1724634881.1736946}
{"obj": {"type": "LogStrings", "path": ["monitoring", "ca52453c", "stdout"], "values": [{"value": " new_y = ", "step": null, "ts": 1724634881.1746964}]}, "version": 454, "at": 1724634881.1746964}
{"obj": {"type": "LogStrings", "path": ["monitoring", "ca52453c", "stdout"], "values": [{"value": " ", "step": null, "ts": 1724634881.1746964}]}, "version": 455, "at": 1724634881.1746964}
{"obj": {"type": "LogStrings", "path": ["monitoring", "ca52453c", "stdout"], "values": [{"value": "1.5113091098544715", "step": null, "ts": 1724634881.1746964}]}, "version": 456, "at": 1724634881.1746964}
{"obj": {"type": "LogStrings", "path": ["monitoring", "ca52453c", "stdout"], "values": [{"value": "\n", "step": null, "ts": 1724634881.1746964}]}, "version": 457, "at": 1724634881.1746964}
{"obj": {"type": "LogStrings", "path": ["monitoring", "ca52453c", "stdout"], "values": [{"value": "Drone1 moved with speed vector [-3.690989956379299, 1.5113091098544715, 0] with duration 1", "step": null, "ts": 1724634882.2020078}]}, "version": 458, "at": 1724634882.2020078}
{"obj": {"type": "LogStrings", "path": ["monitoring", "ca52453c", "stdout"], "values": [{"value": "\n", "step": null, "ts": 1724634882.2030044}]}, "version": 459, "at": 1724634882.2030044}
{"obj": {"type": "LogStrings", "path": ["monitoring", "ca52453c", "stdout"], "values": [{"value": "rc=0 , rfov=0 , rd=0.9961079041760785 , rdir = 0.10103466033935547 , robs= 0 , r_v=0 , r_ang= -1.0562695868622962 , rf=0 ", "step": null, "ts": 1724634882.2045145}]}, "version": 460, "at": 1724634882.2045145}
{"obj": {"type": "LogStrings", "path": ["monitoring", "ca52453c", "stdout"], "values": [{"value": "\n", "step": null, "ts": 1724634882.2045145}]}, "version": 461, "at": 1724634882.2045145}
{"obj": {"type": "LogStrings", "path": ["monitoring", "ca52453c", "stdout"], "values": [{"value": "next state ", "step": null, "ts": 1724634882.2055323}]}, "version": 462, "at": 1724634882.2055323}
{"obj": {"type": "LogStrings", "path": ["monitoring", "ca52453c", "stdout"], "values": [{"value": " ", "step": null, "ts": 1724634882.2065246}]}, "version": 463, "at": 1724634882.2065246}
{"obj": {"type": "LogStrings", "path": ["monitoring", "ca52453c", "stdout"], "values": [{"value": "[-0.005307502051194509, -0.003726504991451899, -0.03856604894002279, -0.0010900958130757013, 0.0024620682001113892, -0.03573395013809204, 0.14178473160174496, 0.12232425248213726, 0.0008112821727991104, 0.0012816137149010177, 0.0007631988450884819, 0.0013935678387865607, 0.00078125, 0.001007423989566756, 15.051733016967773, 15.051733016967773, 15.051733016967773, 15.051733016967773, 15.051733016967773, 15.051733016967773, 15.051733016967773, 15.051733016967773, 15.051733016967773]", "step": null, "ts": 1724634882.2065246}]}, "version": 464, "at": 1724634882.2065246}
{"obj": {"type": "LogStrings", "path": ["monitoring", "ca52453c", "stdout"], "values": [{"value": "\n", "step": null, "ts": 1724634882.207529}]}, "version": 465, "at": 1724634882.207529}
{"obj": {"type": "LogStrings", "path": ["monitoring", "ca52453c", "stdout"], "values": [{"value": "action ", "step": null, "ts": 1724634882.2080374}]}, "version": 466, "at": 1724634882.2080374}
{"obj": {"type": "LogStrings", "path": ["monitoring", "ca52453c", "stdout"], "values": [{"value": " ", "step": null, "ts": 1724634882.2080374}]}, "version": 467, "at": 1724634882.2080374}
{"obj": {"type": "LogStrings", "path": ["monitoring", "ca52453c", "stdout"], "values": [{"value": "287", "step": null, "ts": 1724634882.209047}]}, "version": 468, "at": 1724634882.209047}
{"obj": {"type": "LogStrings", "path": ["monitoring", "ca52453c", "stdout"], "values": [{"value": "\n", "step": null, "ts": 1724634882.209047}]}, "version": 469, "at": 1724634882.209047}
{"obj": {"type": "LogStrings", "path": ["monitoring", "ca52453c", "stdout"], "values": [{"value": "Found 1 cylinders in image", "step": null, "ts": 1724634882.3252854}]}, "version": 470, "at": 1724634882.3252854}
{"obj": {"type": "LogStrings", "path": ["monitoring", "ca52453c", "stdout"], "values": [{"value": "\n", "step": null, "ts": 1724634882.327282}]}, "version": 471, "at": 1724634882.327788}
{"obj": {"type": "LogStrings", "path": ["monitoring", "ca52453c", "stdout"], "values": [{"value": "new_x = ", "step": null, "ts": 1724634882.3305306}]}, "version": 472, "at": 1724634882.3305306}
{"obj": {"type": "LogStrings", "path": ["monitoring", "ca52453c", "stdout"], "values": [{"value": " ", "step": null, "ts": 1724634882.3315084}]}, "version": 473, "at": 1724634882.3315084}
{"obj": {"type": "LogStrings", "path": ["monitoring", "ca52453c", "stdout"], "values": [{"value": "3.877379478924736", "step": null, "ts": 1724634882.3315084}]}, "version": 474, "at": 1724634882.3315084}
{"obj": {"type": "LogStrings", "path": ["monitoring", "ca52453c", "stdout"], "values": [{"value": " ", "step": null, "ts": 1724634882.3315084}]}, "version": 475, "at": 1724634882.3315084}
{"obj": {"type": "LogStrings", "path": ["monitoring", "ca52453c", "stdout"], "values": [{"value": " new_y = ", "step": null, "ts": 1724634882.3315084}]}, "version": 476, "at": 1724634882.3315084}
{"obj": {"type": "LogStrings", "path": ["monitoring", "ca52453c", "stdout"], "values": [{"value": " ", "step": null, "ts": 1724634882.3315084}]}, "version": 477, "at": 1724634882.3315084}
{"obj": {"type": "LogStrings", "path": ["monitoring", "ca52453c", "stdout"], "values": [{"value": "3.4425236485758437", "step": null, "ts": 1724634882.3315084}]}, "version": 478, "at": 1724634882.3315084}
{"obj": {"type": "LogStrings", "path": ["monitoring", "ca52453c", "stdout"], "values": [{"value": "\n", "step": null, "ts": 1724634882.3315084}]}, "version": 479, "at": 1724634882.3315084}
{"obj": {"type": "LogStrings", "path": ["monitoring", "ca52453c", "stdout"], "values": [{"value": "Drone2 moved with speed vector [3, 2, 0] with duration 2", "step": null, "ts": 1724634882.5710366}]}, "version": 480, "at": 1724634882.5710366}
{"obj": {"type": "LogStrings", "path": ["monitoring", "ca52453c", "stdout"], "values": [{"value": "\n", "step": null, "ts": 1724634882.5710366}]}, "version": 481, "at": 1724634882.5710366}
{"obj": {"type": "LogStrings", "path": ["monitoring", "ca52453c", "stdout"], "values": [{"value": "drone 2 ", "step": null, "ts": 1724634882.5710366}]}, "version": 482, "at": 1724634882.5710366}
{"obj": {"type": "LogStrings", "path": ["monitoring", "ca52453c", "stdout"], "values": [{"value": " ", "step": null, "ts": 1724634882.572039}]}, "version": 483, "at": 1724634882.572039}
{"obj": {"type": "LogStrings", "path": ["monitoring", "ca52453c", "stdout"], "values": [{"value": "(6, 0, 0)", "step": null, "ts": 1724634882.572039}]}, "version": 484, "at": 1724634882.572039}
{"obj": {"type": "LogStrings", "path": ["monitoring", "ca52453c", "stdout"], "values": [{"value": "\n", "step": null, "ts": 1724634882.572039}]}, "version": 485, "at": 1724634882.572039}
{"obj": {"type": "LogFloats", "path": ["monitoring", "ca52453c", "cpu"], "values": [{"value": 14.8, "step": null, "ts": 1724634883.1151524}]}, "version": 486, "at": 1724634883.1312165}
{"obj": {"type": "LogFloats", "path": ["monitoring", "ca52453c", "memory"], "values": [{"value": 13.127067565917969, "step": null, "ts": 1724634883.1151524}]}, "version": 487, "at": 1724634883.1312165}
{"obj": {"type": "LogFloats", "path": ["monitoring", "ca52453c", "gpu"], "values": [{"value": 38.0, "step": null, "ts": 1724634883.1151524}]}, "version": 488, "at": 1724634883.1312165}
{"obj": {"type": "LogFloats", "path": ["monitoring", "ca52453c", "gpu_memory"], "values": [{"value": 1.3102607727050781, "step": null, "ts": 1724634883.1151524}]}, "version": 489, "at": 1724634883.1312165}
{"obj": {"type": "LogFloats", "path": ["monitoring", "ca52453c", "gpu_power"], "values": [{"value": 14.904, "step": null, "ts": 1724634883.1151524}]}, "version": 490, "at": 1724634883.1312165}
{"obj": {"type": "LogStrings", "path": ["monitoring", "ca52453c", "stdout"], "values": [{"value": "Drone2 moved with speed vector [6, 0, 0] with duration 2", "step": null, "ts": 1724634884.6419885}]}, "version": 491, "at": 1724634884.6419885}
{"obj": {"type": "LogStrings", "path": ["monitoring", "ca52453c", "stdout"], "values": [{"value": "\n", "step": null, "ts": 1724634884.6429944}]}, "version": 492, "at": 1724634884.6429944}
{"obj": {"type": "LogStrings", "path": ["monitoring", "ca52453c", "stdout"], "values": [{"value": "drone 2 ", "step": null, "ts": 1724634884.6429944}]}, "version": 493, "at": 1724634884.6429944}
{"obj": {"type": "LogStrings", "path": ["monitoring", "ca52453c", "stdout"], "values": [{"value": " ", "step": null, "ts": 1724634884.6429944}]}, "version": 494, "at": 1724634884.6429944}
{"obj": {"type": "LogStrings", "path": ["monitoring", "ca52453c", "stdout"], "values": [{"value": "(6, -4, 0)", "step": null, "ts": 1724634884.6429944}]}, "version": 495, "at": 1724634884.6429944}
{"obj": {"type": "LogStrings", "path": ["monitoring", "ca52453c", "stdout"], "values": [{"value": "\n", "step": null, "ts": 1724634884.643991}]}, "version": 496, "at": 1724634884.643991}
{"obj": {"type": "LogStrings", "path": ["monitoring", "ca52453c", "stdout"], "values": [{"value": "Drone1 moved with speed vector [3.877379478924736, 3.4425236485758437, 0] with duration 3", "step": null, "ts": 1724634885.4162316}]}, "version": 497, "at": 1724634885.4162316}
{"obj": {"type": "LogStrings", "path": ["monitoring", "ca52453c", "stdout"], "values": [{"value": "\n", "step": null, "ts": 1724634885.4172323}]}, "version": 498, "at": 1724634885.4172323}
{"obj": {"type": "LogStrings", "path": ["monitoring", "ca52453c", "stdout"], "values": [{"value": "rc=0 , rfov=0 , rd=-2.006308613190139 , rdir = 0.1059995460510254 , robs= 0 , r_v=0 , r_ang= -1.0531087810704454 , rf=0 ", "step": null, "ts": 1724634885.4181437}]}, "version": 499, "at": 1724634885.4191494}
{"obj": {"type": "LogStrings", "path": ["monitoring", "ca52453c", "stdout"], "values": [{"value": "\n", "step": null, "ts": 1724634885.419328}]}, "version": 500, "at": 1724634885.419328}
{"obj": {"type": "LogStrings", "path": ["monitoring", "ca52453c", "stdout"], "values": [{"value": "next state ", "step": null, "ts": 1724634885.419328}]}, "version": 501, "at": 1724634885.419328}
{"obj": {"type": "LogStrings", "path": ["monitoring", "ca52453c", "stdout"], "values": [{"value": " ", "step": null, "ts": 1724634885.419328}]}, "version": 502, "at": 1724634885.419328}
{"obj": {"type": "LogStrings", "path": ["monitoring", "ca52453c", "stdout"], "values": [{"value": "[-0.021334302425384522, -0.0069069022933642065, -0.04513706763585409, -0.005307502051194509, -0.003726504991451899, -0.03856604894002279, 0.17332779755243763, 0.14178473160174496, 0.0008861222490668298, 0.0016539637836409204, 0.0008112821727991104, 0.0012816137149010177, 0.0007631988450884819, 0.0013935678387865607, 15.29997730255127, 15.29997730255127, 15.29997730255127, 15.29997730255127, 15.29997730255127, 15.29997730255127, 15.29997730255127, 15.29997730255127, 15.29997730255127]", "step": null, "ts": 1724634885.4203362}]}, "version": 503, "at": 1724634885.4203362}
{"obj": {"type": "LogStrings", "path": ["monitoring", "ca52453c", "stdout"], "values": [{"value": "\n", "step": null, "ts": 1724634885.4203362}]}, "version": 504, "at": 1724634885.4203362}
{"obj": {"type": "LogStrings", "path": ["monitoring", "ca52453c", "stdout"], "values": [{"value": "action ", "step": null, "ts": 1724634885.4203362}]}, "version": 505, "at": 1724634885.4203362}
{"obj": {"type": "LogStrings", "path": ["monitoring", "ca52453c", "stdout"], "values": [{"value": " ", "step": null, "ts": 1724634885.4213364}]}, "version": 506, "at": 1724634885.4213364}
{"obj": {"type": "LogStrings", "path": ["monitoring", "ca52453c", "stdout"], "values": [{"value": "228", "step": null, "ts": 1724634885.4213364}]}, "version": 507, "at": 1724634885.4213364}
{"obj": {"type": "LogStrings", "path": ["monitoring", "ca52453c", "stdout"], "values": [{"value": "\n", "step": null, "ts": 1724634885.4223359}]}, "version": 508, "at": 1724634885.4223359}
{"obj": {"type": "LogStrings", "path": ["monitoring", "ca52453c", "stdout"], "values": [{"value": "Found 1 cylinders in image", "step": null, "ts": 1724634885.5329537}]}, "version": 509, "at": 1724634885.5329537}
{"obj": {"type": "LogStrings", "path": ["monitoring", "ca52453c", "stdout"], "values": [{"value": "\n", "step": null, "ts": 1724634885.5349655}]}, "version": 510, "at": 1724634885.5349655}
{"obj": {"type": "LogStrings", "path": ["monitoring", "ca52453c", "stdout"], "values": [{"value": "new_x = ", "step": null, "ts": 1724634885.539086}]}, "version": 511, "at": 1724634885.539086}
{"obj": {"type": "LogStrings", "path": ["monitoring", "ca52453c", "stdout"], "values": [{"value": " ", "step": null, "ts": 1724634885.5401025}]}, "version": 512, "at": 1724634885.5401025}
{"obj": {"type": "LogStrings", "path": ["monitoring", "ca52453c", "stdout"], "values": [{"value": "1.5948399611755604", "step": null, "ts": 1724634885.5401025}]}, "version": 513, "at": 1724634885.5401025}
{"obj": {"type": "LogStrings", "path": ["monitoring", "ca52453c", "stdout"], "values": [{"value": " ", "step": null, "ts": 1724634885.5401025}]}, "version": 514, "at": 1724634885.5401025}
{"obj": {"type": "LogStrings", "path": ["monitoring", "ca52453c", "stdout"], "values": [{"value": " new_y = ", "step": null, "ts": 1724634885.5401025}]}, "version": 515, "at": 1724634885.5401025}
{"obj": {"type": "LogStrings", "path": ["monitoring", "ca52453c", "stdout"], "values": [{"value": " ", "step": null, "ts": 1724634885.5401025}]}, "version": 516, "at": 1724634885.5401025}
{"obj": {"type": "LogStrings", "path": ["monitoring", "ca52453c", "stdout"], "values": [{"value": "-2.9049320079929575", "step": null, "ts": 1724634885.5401025}]}, "version": 517, "at": 1724634885.5401025}
{"obj": {"type": "LogStrings", "path": ["monitoring", "ca52453c", "stdout"], "values": [{"value": "\n", "step": null, "ts": 1724634885.5401025}]}, "version": 518, "at": 1724634885.5401025}
{"obj": {"type": "LogStrings", "path": ["monitoring", "ca52453c", "stdout"], "values": [{"value": "Drone2 moved with speed vector [6, -4, 0] with duration 2", "step": null, "ts": 1724634886.7051628}]}, "version": 519, "at": 1724634886.7051628}
{"obj": {"type": "LogStrings", "path": ["monitoring", "ca52453c", "stdout"], "values": [{"value": "\n", "step": null, "ts": 1724634886.7061596}]}, "version": 520, "at": 1724634886.7061596}
{"obj": {"type": "LogStrings", "path": ["monitoring", "ca52453c", "stdout"], "values": [{"value": "drone 2 ", "step": null, "ts": 1724634886.7061596}]}, "version": 521, "at": 1724634886.7061596}
{"obj": {"type": "LogStrings", "path": ["monitoring", "ca52453c", "stdout"], "values": [{"value": " ", "step": null, "ts": 1724634886.7061596}]}, "version": 522, "at": 1724634886.7061596}
{"obj": {"type": "LogStrings", "path": ["monitoring", "ca52453c", "stdout"], "values": [{"value": "(12, 0, 0)", "step": null, "ts": 1724634886.7076771}]}, "version": 523, "at": 1724634886.7076771}
{"obj": {"type": "LogStrings", "path": ["monitoring", "ca52453c", "stdout"], "values": [{"value": "\n", "step": null, "ts": 1724634886.7081866}]}, "version": 524, "at": 1724634886.7081866}
{"obj": {"type": "LogStrings", "path": ["monitoring", "ca52453c", "stdout"], "values": [{"value": "Drone1 moved with speed vector [1.5948399611755604, -2.9049320079929575, 0] with duration 3", "step": null, "ts": 1724634888.6018825}]}, "version": 525, "at": 1724634888.6018825}
{"obj": {"type": "LogStrings", "path": ["monitoring", "ca52453c", "stdout"], "values": [{"value": "\n", "step": null, "ts": 1724634888.6028876}]}, "version": 526, "at": 1724634888.6028876}
{"obj": {"type": "LogStrings", "path": ["monitoring", "ca52453c", "stdout"], "values": [{"value": "rc=0 , rfov=0 , rd=-2.0122670529246185 , rdir = 0.09688228607177735 , robs= 0 , r_v=0 , r_ang= -1.0558422179407712 , rf=0 ", "step": null, "ts": 1724634888.604885}]}, "version": 527, "at": 1724634888.604885}
{"obj": {"type": "LogStrings", "path": ["monitoring", "ca52453c", "stdout"], "values": [{"value": "\n", "step": null, "ts": 1724634888.604885}]}, "version": 528, "at": 1724634888.604885}
{"obj": {"type": "LogStrings", "path": ["monitoring", "ca52453c", "stdout"], "values": [{"value": "next state ", "step": null, "ts": 1724634888.604885}]}, "version": 529, "at": 1724634888.604885}
{"obj": {"type": "LogStrings", "path": ["monitoring", "ca52453c", "stdout"], "values": [{"value": " ", "step": null, "ts": 1724634888.604885}]}, "version": 530, "at": 1724634888.604885}
{"obj": {"type": "LogStrings", "path": ["monitoring", "ca52453c", "stdout"], "values": [{"value": "[0.034195574124654134, 0.06411805152893066, -0.06020578940709432, -0.021334302425384522, -0.0069069022933642065, -0.04513706763585409, 0.23466306217553037, 0.17332779755243763, 0.0006951423734426499, 0.0014583736584510333, 0.0008861222490668298, 0.0016539637836409204, 0.0008112821727991104, 0.0012816137149010177, 14.844114303588867, 14.844114303588867, 14.844114303588867, 14.844114303588867, 14.844114303588867, 14.844114303588867, 14.844114303588867, 14.844114303588867, 14.844114303588867]", "step": null, "ts": 1724634888.6058824}]}, "version": 531, "at": 1724634888.6058824}
{"obj": {"type": "LogStrings", "path": ["monitoring", "ca52453c", "stdout"], "values": [{"value": "\n", "step": null, "ts": 1724634888.6058824}]}, "version": 532, "at": 1724634888.6058824}
{"obj": {"type": "LogStrings", "path": ["monitoring", "ca52453c", "stdout"], "values": [{"value": "action ", "step": null, "ts": 1724634888.6058824}]}, "version": 533, "at": 1724634888.6058824}
{"obj": {"type": "LogStrings", "path": ["monitoring", "ca52453c", "stdout"], "values": [{"value": " ", "step": null, "ts": 1724634888.6073904}]}, "version": 534, "at": 1724634888.6073904}
{"obj": {"type": "LogStrings", "path": ["monitoring", "ca52453c", "stdout"], "values": [{"value": "146", "step": null, "ts": 1724634888.6079211}]}, "version": 535, "at": 1724634888.6079211}
{"obj": {"type": "LogStrings", "path": ["monitoring", "ca52453c", "stdout"], "values": [{"value": "\n", "step": null, "ts": 1724634888.6079211}]}, "version": 536, "at": 1724634888.6079211}
{"obj": {"type": "LogStrings", "path": ["monitoring", "ca52453c", "stdout"], "values": [{"value": "Found 1 cylinders in image", "step": null, "ts": 1724634888.7049177}]}, "version": 537, "at": 1724634888.7049177}
{"obj": {"type": "LogStrings", "path": ["monitoring", "ca52453c", "stdout"], "values": [{"value": "\n", "step": null, "ts": 1724634888.7059188}]}, "version": 538, "at": 1724634888.7059188}
{"obj": {"type": "LogStrings", "path": ["monitoring", "ca52453c", "stdout"], "values": [{"value": "new_x = ", "step": null, "ts": 1724634888.7100115}]}, "version": 539, "at": 1724634888.7100115}
{"obj": {"type": "LogStrings", "path": ["monitoring", "ca52453c", "stdout"], "values": [{"value": " ", "step": null, "ts": 1724634888.7100115}]}, "version": 540, "at": 1724634888.7110112}
{"obj": {"type": "LogStrings", "path": ["monitoring", "ca52453c", "stdout"], "values": [{"value": "-2.5527302444981803", "step": null, "ts": 1724634888.7110112}]}, "version": 541, "at": 1724634888.7110112}
{"obj": {"type": "LogStrings", "path": ["monitoring", "ca52453c", "stdout"], "values": [{"value": " ", "step": null, "ts": 1724634888.7110112}]}, "version": 542, "at": 1724634888.7110112}
{"obj": {"type": "LogStrings", "path": ["monitoring", "ca52453c", "stdout"], "values": [{"value": " new_y = ", "step": null, "ts": 1724634888.7110112}]}, "version": 543, "at": 1724634888.7110112}
{"obj": {"type": "LogStrings", "path": ["monitoring", "ca52453c", "stdout"], "values": [{"value": " ", "step": null, "ts": 1724634888.7110112}]}, "version": 544, "at": 1724634888.7110112}
{"obj": {"type": "LogStrings", "path": ["monitoring", "ca52453c", "stdout"], "values": [{"value": "1.3090440286825815", "step": null, "ts": 1724634888.7110112}]}, "version": 545, "at": 1724634888.7110112}
{"obj": {"type": "LogStrings", "path": ["monitoring", "ca52453c", "stdout"], "values": [{"value": "\n", "step": null, "ts": 1724634888.7110112}]}, "version": 546, "at": 1724634888.7110112}
{"obj": {"type": "LogStrings", "path": ["monitoring", "ca52453c", "stdout"], "values": [{"value": "Drone2 moved with speed vector [12, 0, 0] with duration 2", "step": null, "ts": 1724634888.7540364}]}, "version": 547, "at": 1724634888.7540364}
{"obj": {"type": "LogStrings", "path": ["monitoring", "ca52453c", "stdout"], "values": [{"value": "\n", "step": null, "ts": 1724634888.7540364}]}, "version": 548, "at": 1724634888.7540364}
{"obj": {"type": "LogStrings", "path": ["monitoring", "ca52453c", "stdout"], "values": [{"value": "drone 2 ", "step": null, "ts": 1724634888.7540364}]}, "version": 549, "at": 1724634888.7540364}
{"obj": {"type": "LogStrings", "path": ["monitoring", "ca52453c", "stdout"], "values": [{"value": " ", "step": null, "ts": 1724634888.7550366}]}, "version": 550, "at": 1724634888.7550366}
{"obj": {"type": "LogStrings", "path": ["monitoring", "ca52453c", "stdout"], "values": [{"value": "(3, 2, 0)", "step": null, "ts": 1724634888.7550366}]}, "version": 551, "at": 1724634888.7550366}
{"obj": {"type": "LogStrings", "path": ["monitoring", "ca52453c", "stdout"], "values": [{"value": "\n", "step": null, "ts": 1724634888.7550366}]}, "version": 552, "at": 1724634888.7550366}
{"obj": {"type": "LogStrings", "path": ["monitoring", "ca52453c", "stdout"], "values": [{"value": "Drone1 moved with speed vector [-2.5527302444981803, 1.3090440286825815, 0] with duration 2", "step": null, "ts": 1724634890.752005}]}, "version": 553, "at": 1724634890.752005}
{"obj": {"type": "LogStrings", "path": ["monitoring", "ca52453c", "stdout"], "values": [{"value": "\n", "step": null, "ts": 1724634890.752005}]}, "version": 554, "at": 1724634890.752005}
{"obj": {"type": "LogStrings", "path": ["monitoring", "ca52453c", "stdout"], "values": [{"value": "rc=0 , rfov=0 , rd=-2.0289656157661233 , rdir = 0.10102855682373046 , robs= 0 , r_v=0 , r_ang= -1.0563320014227462 , rf=0 ", "step": null, "ts": 1724634890.753006}]}, "version": 555, "at": 1724634890.753006}
{"obj": {"type": "LogStrings", "path": ["monitoring", "ca52453c", "stdout"], "values": [{"value": "\n", "step": null, "ts": 1724634890.7540069}]}, "version": 556, "at": 1724634890.7540069}
{"obj": {"type": "LogStrings", "path": ["monitoring", "ca52453c", "stdout"], "values": [{"value": "next state ", "step": null, "ts": 1724634890.7540069}]}, "version": 557, "at": 1724634890.7540069}
{"obj": {"type": "LogStrings", "path": ["monitoring", "ca52453c", "stdout"], "values": [{"value": " ", "step": null, "ts": 1724634890.7540069}]}, "version": 558, "at": 1724634890.7540069}
{"obj": {"type": "LogStrings", "path": ["monitoring", "ca52453c", "stdout"], "values": [{"value": "[0.08637882868448893, 0.029202252626419067, -0.07348218758900961, 0.034195574124654134, 0.06411805152893066, -0.06020578940709432, 0.3794911410061479, 0.23466306217553037, 0.0006626506894826889, 0.0014215962092081705, 0.0006951423734426499, 0.0014583736584510333, 0.0008861222490668298, 0.0016539637836409204, 15.051427841186523, 15.051427841186523, 15.051427841186523, 15.051427841186523, 15.051427841186523, 15.051427841186523, 15.051427841186523, 15.051427841186523, 15.051427841186523]", "step": null, "ts": 1724634890.7550063}]}, "version": 559, "at": 1724634890.7550063}
{"obj": {"type": "LogStrings", "path": ["monitoring", "ca52453c", "stdout"], "values": [{"value": "\n", "step": null, "ts": 1724634890.7550063}]}, "version": 560, "at": 1724634890.7550063}
{"obj": {"type": "LogStrings", "path": ["monitoring", "ca52453c", "stdout"], "values": [{"value": "action ", "step": null, "ts": 1724634890.7550063}]}, "version": 561, "at": 1724634890.7550063}
{"obj": {"type": "LogStrings", "path": ["monitoring", "ca52453c", "stdout"], "values": [{"value": " ", "step": null, "ts": 1724634890.7550063}]}, "version": 562, "at": 1724634890.7550063}
{"obj": {"type": "LogStrings", "path": ["monitoring", "ca52453c", "stdout"], "values": [{"value": "190", "step": null, "ts": 1724634890.7560053}]}, "version": 563, "at": 1724634890.7560053}
{"obj": {"type": "LogStrings", "path": ["monitoring", "ca52453c", "stdout"], "values": [{"value": "\n", "step": null, "ts": 1724634890.7560053}]}, "version": 564, "at": 1724634890.7560053}
{"obj": {"type": "LogStrings", "path": ["monitoring", "ca52453c", "stdout"], "values": [{"value": "Drone2 moved with speed vector [3, 2, 0] with duration 2", "step": null, "ts": 1724634890.797141}]}, "version": 565, "at": 1724634890.797141}
{"obj": {"type": "LogStrings", "path": ["monitoring", "ca52453c", "stdout"], "values": [{"value": "\n", "step": null, "ts": 1724634890.7982948}]}, "version": 566, "at": 1724634890.7982948}
{"obj": {"type": "LogStrings", "path": ["monitoring", "ca52453c", "stdout"], "values": [{"value": "drone 2 ", "step": null, "ts": 1724634890.7983947}]}, "version": 567, "at": 1724634890.7983947}
{"obj": {"type": "LogStrings", "path": ["monitoring", "ca52453c", "stdout"], "values": [{"value": " ", "step": null, "ts": 1724634890.7983947}]}, "version": 568, "at": 1724634890.7983947}
{"obj": {"type": "LogStrings", "path": ["monitoring", "ca52453c", "stdout"], "values": [{"value": "(6, 0, 0)", "step": null, "ts": 1724634890.7983947}]}, "version": 569, "at": 1724634890.7983947}
{"obj": {"type": "LogStrings", "path": ["monitoring", "ca52453c", "stdout"], "values": [{"value": "\n", "step": null, "ts": 1724634890.7983947}]}, "version": 570, "at": 1724634890.7983947}
{"obj": {"type": "LogStrings", "path": ["monitoring", "ca52453c", "stdout"], "values": [{"value": "Found 1 cylinders in image", "step": null, "ts": 1724634890.8423364}]}, "version": 571, "at": 1724634890.8423364}
{"obj": {"type": "LogStrings", "path": ["monitoring", "ca52453c", "stdout"], "values": [{"value": "\n", "step": null, "ts": 1724634890.8453345}]}, "version": 572, "at": 1724634890.8453345}
{"obj": {"type": "LogStrings", "path": ["monitoring", "ca52453c", "stdout"], "values": [{"value": "new_x = ", "step": null, "ts": 1724634890.8498604}]}, "version": 573, "at": 1724634890.8498604}
{"obj": {"type": "LogStrings", "path": ["monitoring", "ca52453c", "stdout"], "values": [{"value": " ", "step": null, "ts": 1724634890.8508708}]}, "version": 574, "at": 1724634890.8508708}
{"obj": {"type": "LogStrings", "path": ["monitoring", "ca52453c", "stdout"], "values": [{"value": "-3.0731977934265684", "step": null, "ts": 1724634890.8508708}]}, "version": 575, "at": 1724634890.8508708}
{"obj": {"type": "LogStrings", "path": ["monitoring", "ca52453c", "stdout"], "values": [{"value": " ", "step": null, "ts": 1724634890.8508708}]}, "version": 576, "at": 1724634890.8508708}
{"obj": {"type": "LogStrings", "path": ["monitoring", "ca52453c", "stdout"], "values": [{"value": " new_y = ", "step": null, "ts": 1724634890.8508708}]}, "version": 577, "at": 1724634890.8508708}
{"obj": {"type": "LogStrings", "path": ["monitoring", "ca52453c", "stdout"], "values": [{"value": " ", "step": null, "ts": 1724634890.8518581}]}, "version": 578, "at": 1724634890.8518581}
{"obj": {"type": "LogStrings", "path": ["monitoring", "ca52453c", "stdout"], "values": [{"value": "-4.611589942484937", "step": null, "ts": 1724634890.8518581}]}, "version": 579, "at": 1724634890.8518581}
{"obj": {"type": "LogStrings", "path": ["monitoring", "ca52453c", "stdout"], "values": [{"value": "\n", "step": null, "ts": 1724634890.8518581}]}, "version": 580, "at": 1724634890.8518581}
{"obj": {"type": "LogStrings", "path": ["monitoring", "ca52453c", "stdout"], "values": [{"value": "Drone2 moved with speed vector [6, 0, 0] with duration 2", "step": null, "ts": 1724634892.848875}]}, "version": 581, "at": 1724634892.848875}
{"obj": {"type": "LogStrings", "path": ["monitoring", "ca52453c", "stdout"], "values": [{"value": "\n", "step": null, "ts": 1724634892.849703}]}, "version": 582, "at": 1724634892.849703}
{"obj": {"type": "LogStrings", "path": ["monitoring", "ca52453c", "stdout"], "values": [{"value": "drone 2 ", "step": null, "ts": 1724634892.8498843}]}, "version": 583, "at": 1724634892.8498843}
{"obj": {"type": "LogStrings", "path": ["monitoring", "ca52453c", "stdout"], "values": [{"value": " ", "step": null, "ts": 1724634892.8498843}]}, "version": 584, "at": 1724634892.8498843}
{"obj": {"type": "LogStrings", "path": ["monitoring", "ca52453c", "stdout"], "values": [{"value": "(6, -4, 0)", "step": null, "ts": 1724634892.8498843}]}, "version": 585, "at": 1724634892.8498843}
{"obj": {"type": "LogStrings", "path": ["monitoring", "ca52453c", "stdout"], "values": [{"value": "\n", "step": null, "ts": 1724634892.8498843}]}, "version": 586, "at": 1724634892.8498843}
{"obj": {"type": "LogStrings", "path": ["monitoring", "ca52453c", "stdout"], "values": [{"value": "Drone1 moved with speed vector [-3.0731977934265684, -4.611589942484937, 0] with duration 2", "step": null, "ts": 1724634892.8988905}]}, "version": 587, "at": 1724634892.8988905}
{"obj": {"type": "LogStrings", "path": ["monitoring", "ca52453c", "stdout"], "values": [{"value": "\n", "step": null, "ts": 1724634892.8988905}]}, "version": 588, "at": 1724634892.8988905}
{"obj": {"type": "LogStrings", "path": ["monitoring", "ca52453c", "stdout"], "values": [{"value": "rc=0 , rfov=0 , rd=-2.0268882844499863 , rdir = 0.09940324783325195 , robs= 0 , r_v=0 , r_ang= -1.055477117224145 , rf=0 ", "step": null, "ts": 1724634892.8998919}]}, "version": 589, "at": 1724634892.8998919}
{"obj": {"type": "LogStrings", "path": ["monitoring", "ca52453c", "stdout"], "values": [{"value": "\n", "step": null, "ts": 1724634892.9008904}]}, "version": 590, "at": 1724634892.9008904}
{"obj": {"type": "LogStrings", "path": ["monitoring", "ca52453c", "stdout"], "values": [{"value": "next state ", "step": null, "ts": 1724634892.9008904}]}, "version": 591, "at": 1724634892.9008904}
{"obj": {"type": "LogStrings", "path": ["monitoring", "ca52453c", "stdout"], "values": [{"value": " ", "step": null, "ts": 1724634892.901891}]}, "version": 592, "at": 1724634892.901891}
{"obj": {"type": "LogStrings", "path": ["monitoring", "ca52453c", "stdout"], "values": [{"value": "[0.06664689381917317, 0.027133214473724365, -0.08431629339853923, 0.08637882868448893, 0.029202252626419067, -0.07348218758900961, 0.5139325632560794, 0.3794911410061479, 0.0007306672632694244, 0.0014744671480155286, 0.0006626506894826889, 0.0014215962092081705, 0.0006951423734426499, 0.0014583736584510333, 14.970162391662598, 14.970162391662598, 14.970162391662598, 14.970162391662598, 14.970162391662598, 14.970162391662598, 14.970162391662598, 14.970162391662598, 14.970162391662598]", "step": null, "ts": 1724634892.901891}]}, "version": 593, "at": 1724634892.901891}
{"obj": {"type": "LogStrings", "path": ["monitoring", "ca52453c", "stdout"], "values": [{"value": "\n", "step": null, "ts": 1724634892.9028924}]}, "version": 594, "at": 1724634892.9028924}
{"obj": {"type": "LogStrings", "path": ["monitoring", "ca52453c", "stdout"], "values": [{"value": "action ", "step": null, "ts": 1724634892.9028924}]}, "version": 595, "at": 1724634892.9028924}
{"obj": {"type": "LogStrings", "path": ["monitoring", "ca52453c", "stdout"], "values": [{"value": " ", "step": null, "ts": 1724634892.9028924}]}, "version": 596, "at": 1724634892.9028924}
{"obj": {"type": "LogStrings", "path": ["monitoring", "ca52453c", "stdout"], "values": [{"value": "196", "step": null, "ts": 1724634892.9028924}]}, "version": 597, "at": 1724634892.9028924}
{"obj": {"type": "LogStrings", "path": ["monitoring", "ca52453c", "stdout"], "values": [{"value": "\n", "step": null, "ts": 1724634892.9038944}]}, "version": 598, "at": 1724634892.9038944}
{"obj": {"type": "LogStrings", "path": ["monitoring", "ca52453c", "stdout"], "values": [{"value": "Found 1 cylinders in image", "step": null, "ts": 1724634892.9988568}]}, "version": 599, "at": 1724634892.9988568}
{"obj": {"type": "LogStrings", "path": ["monitoring", "ca52453c", "stdout"], "values": [{"value": "\n", "step": null, "ts": 1724634893.0008516}]}, "version": 600, "at": 1724634893.0008516}
{"obj": {"type": "LogStrings", "path": ["monitoring", "ca52453c", "stdout"], "values": [{"value": "new_x = ", "step": null, "ts": 1724634893.0028489}]}, "version": 601, "at": 1724634893.0028489}
{"obj": {"type": "LogStrings", "path": ["monitoring", "ca52453c", "stdout"], "values": [{"value": " ", "step": null, "ts": 1724634893.0028489}]}, "version": 602, "at": 1724634893.0028489}
{"obj": {"type": "LogStrings", "path": ["monitoring", "ca52453c", "stdout"], "values": [{"value": "0.3491761323683617", "step": null, "ts": 1724634893.0039165}]}, "version": 603, "at": 1724634893.0039165}
{"obj": {"type": "LogStrings", "path": ["monitoring", "ca52453c", "stdout"], "values": [{"value": " ", "step": null, "ts": 1724634893.0039165}]}, "version": 604, "at": 1724634893.0039165}
{"obj": {"type": "LogStrings", "path": ["monitoring", "ca52453c", "stdout"], "values": [{"value": " new_y = ", "step": null, "ts": 1724634893.0039165}]}, "version": 605, "at": 1724634893.0039165}
{"obj": {"type": "LogStrings", "path": ["monitoring", "ca52453c", "stdout"], "values": [{"value": " ", "step": null, "ts": 1724634893.0039165}]}, "version": 606, "at": 1724634893.0039165}
{"obj": {"type": "LogStrings", "path": ["monitoring", "ca52453c", "stdout"], "values": [{"value": "8.128547853329762", "step": null, "ts": 1724634893.0039165}]}, "version": 607, "at": 1724634893.0039165}
{"obj": {"type": "LogStrings", "path": ["monitoring", "ca52453c", "stdout"], "values": [{"value": "\n", "step": null, "ts": 1724634893.0039165}]}, "version": 608, "at": 1724634893.0039165}
{"obj": {"type": "LogFloats", "path": ["monitoring", "ca52453c", "cpu"], "values": [{"value": 12.7, "step": null, "ts": 1724634893.1473}]}, "version": 609, "at": 1724634893.1538088}
{"obj": {"type": "LogFloats", "path": ["monitoring", "ca52453c", "memory"], "values": [{"value": 13.117908477783203, "step": null, "ts": 1724634893.1473}]}, "version": 610, "at": 1724634893.1538088}
{"obj": {"type": "LogFloats", "path": ["monitoring", "ca52453c", "gpu"], "values": [{"value": 32.0, "step": null, "ts": 1724634893.1473}]}, "version": 611, "at": 1724634893.1538088}
{"obj": {"type": "LogFloats", "path": ["monitoring", "ca52453c", "gpu_memory"], "values": [{"value": 1.3111763000488281, "step": null, "ts": 1724634893.1473}]}, "version": 612, "at": 1724634893.1538088}
{"obj": {"type": "LogFloats", "path": ["monitoring", "ca52453c", "gpu_power"], "values": [{"value": 14.0, "step": null, "ts": 1724634893.1473}]}, "version": 613, "at": 1724634893.1548083}
{"obj": {"type": "LogStrings", "path": ["monitoring", "ca52453c", "stdout"], "values": [{"value": "Drone2 moved with speed vector [6, -4, 0] with duration 2", "step": null, "ts": 1724634894.882245}]}, "version": 614, "at": 1724634894.882245}
{"obj": {"type": "LogStrings", "path": ["monitoring", "ca52453c", "stdout"], "values": [{"value": "\n", "step": null, "ts": 1724634894.882245}]}, "version": 615, "at": 1724634894.882245}
{"obj": {"type": "LogStrings", "path": ["monitoring", "ca52453c", "stdout"], "values": [{"value": "drone 2 ", "step": null, "ts": 1724634894.882245}]}, "version": 616, "at": 1724634894.882245}
{"obj": {"type": "LogStrings", "path": ["monitoring", "ca52453c", "stdout"], "values": [{"value": " ", "step": null, "ts": 1724634894.882245}]}, "version": 617, "at": 1724634894.882245}
{"obj": {"type": "LogStrings", "path": ["monitoring", "ca52453c", "stdout"], "values": [{"value": "(9, 0, 0)", "step": null, "ts": 1724634894.882245}]}, "version": 618, "at": 1724634894.882245}
{"obj": {"type": "LogStrings", "path": ["monitoring", "ca52453c", "stdout"], "values": [{"value": "\n", "step": null, "ts": 1724634894.8832405}]}, "version": 619, "at": 1724634894.8832405}
{"obj": {"type": "LogStrings", "path": ["monitoring", "ca52453c", "stdout"], "values": [{"value": "Drone1 moved with speed vector [0.3491761323683617, 8.128547853329762, 0] with duration 2", "step": null, "ts": 1724634895.031584}]}, "version": 620, "at": 1724634895.031584}
{"obj": {"type": "LogStrings", "path": ["monitoring", "ca52453c", "stdout"], "values": [{"value": "\n", "step": null, "ts": 1724634895.0325987}]}, "version": 621, "at": 1724634895.0325987}
{"obj": {"type": "LogStrings", "path": ["monitoring", "ca52453c", "stdout"], "values": [{"value": "rc=0 , rfov=0 , rd=-2.024994511054961 , rdir = 0.0980729103088379 , robs= 0 , r_v=0 , r_ang= -1.0553021257063522 , rf=0 ", "step": null, "ts": 1724634895.0325987}]}, "version": 622, "at": 1724634895.033663}
{"obj": {"type": "LogStrings", "path": ["monitoring", "ca52453c", "stdout"], "values": [{"value": "\n", "step": null, "ts": 1724634895.0337393}]}, "version": 623, "at": 1724634895.0337393}
{"obj": {"type": "LogStrings", "path": ["monitoring", "ca52453c", "stdout"], "values": [{"value": "next state ", "step": null, "ts": 1724634895.0337393}]}, "version": 624, "at": 1724634895.0337393}
{"obj": {"type": "LogStrings", "path": ["monitoring", "ca52453c", "stdout"], "values": [{"value": " ", "step": null, "ts": 1724634895.0337393}]}, "version": 625, "at": 1724634895.0337393}
{"obj": {"type": "LogStrings", "path": ["monitoring", "ca52453c", "stdout"], "values": [{"value": "[0.018266948064168294, -0.01670463482538859, -0.09523297150929769, 0.06664689381917317, 0.027133214473724365, -0.08431629339853923, 0.6389051185308847, 0.5139325632560794, 0.0008112972974777222, 0.0014184921759146233, 0.0007306672632694244, 0.0014744671480155286, 0.0006626506894826889, 0.0014215962092081705, 14.903645515441895, 14.903645515441895, 14.903645515441895, 14.903645515441895, 14.903645515441895, 14.903645515441895, 14.903645515441895, 14.903645515441895, 14.903645515441895]", "step": null, "ts": 1724634895.0337393}]}, "version": 626, "at": 1724634895.0337393}
{"obj": {"type": "LogStrings", "path": ["monitoring", "ca52453c", "stdout"], "values": [{"value": "\n", "step": null, "ts": 1724634895.0348384}]}, "version": 627, "at": 1724634895.0348384}
{"obj": {"type": "LogStrings", "path": ["monitoring", "ca52453c", "stdout"], "values": [{"value": "action ", "step": null, "ts": 1724634895.0348384}]}, "version": 628, "at": 1724634895.0348384}
{"obj": {"type": "LogStrings", "path": ["monitoring", "ca52453c", "stdout"], "values": [{"value": " ", "step": null, "ts": 1724634895.0348384}]}, "version": 629, "at": 1724634895.0348384}
{"obj": {"type": "LogStrings", "path": ["monitoring", "ca52453c", "stdout"], "values": [{"value": "89", "step": null, "ts": 1724634895.0348384}]}, "version": 630, "at": 1724634895.0348384}
{"obj": {"type": "LogStrings", "path": ["monitoring", "ca52453c", "stdout"], "values": [{"value": "\n", "step": null, "ts": 1724634895.0348384}]}, "version": 631, "at": 1724634895.0348384}
{"obj": {"type": "LogStrings", "path": ["monitoring", "ca52453c", "stdout"], "values": [{"value": "Found 1 cylinders in image", "step": null, "ts": 1724634895.7441132}]}, "version": 632, "at": 1724634895.7441132}
{"obj": {"type": "LogStrings", "path": ["monitoring", "ca52453c", "stdout"], "values": [{"value": "\n", "step": null, "ts": 1724634895.7461236}]}, "version": 633, "at": 1724634895.7461236}
{"obj": {"type": "LogStrings", "path": ["monitoring", "ca52453c", "stdout"], "values": [{"value": "new_x = ", "step": null, "ts": 1724634895.7521796}]}, "version": 634, "at": 1724634895.7521796}
{"obj": {"type": "LogStrings", "path": ["monitoring", "ca52453c", "stdout"], "values": [{"value": " ", "step": null, "ts": 1724634895.7531798}]}, "version": 635, "at": 1724634895.7531798}
{"obj": {"type": "LogStrings", "path": ["monitoring", "ca52453c", "stdout"], "values": [{"value": "5.58097362639602", "step": null, "ts": 1724634895.7531798}]}, "version": 636, "at": 1724634895.754178}
{"obj": {"type": "LogStrings", "path": ["monitoring", "ca52453c", "stdout"], "values": [{"value": " ", "step": null, "ts": 1724634895.7551737}]}, "version": 637, "at": 1724634895.7551737}
{"obj": {"type": "LogStrings", "path": ["monitoring", "ca52453c", "stdout"], "values": [{"value": " new_y = ", "step": null, "ts": 1724634895.7551737}]}, "version": 638, "at": 1724634895.7551737}
{"obj": {"type": "LogStrings", "path": ["monitoring", "ca52453c", "stdout"], "values": [{"value": " ", "step": null, "ts": 1724634895.7551737}]}, "version": 639, "at": 1724634895.7551737}
{"obj": {"type": "LogStrings", "path": ["monitoring", "ca52453c", "stdout"], "values": [{"value": "0.863781037083356", "step": null, "ts": 1724634895.7551737}]}, "version": 640, "at": 1724634895.7551737}
{"obj": {"type": "LogStrings", "path": ["monitoring", "ca52453c", "stdout"], "values": [{"value": "\n", "step": null, "ts": 1724634895.7551737}]}, "version": 641, "at": 1724634895.7551737}
{"obj": {"type": "LogStrings", "path": ["monitoring", "ca52453c", "stdout"], "values": [{"value": "Drone1 moved with speed vector [5.58097362639602, 0.863781037083356, 0] with duration 1", "step": null, "ts": 1724634896.7620752}]}, "version": 642, "at": 1724634896.7620752}
{"obj": {"type": "LogStrings", "path": ["monitoring", "ca52453c", "stdout"], "values": [{"value": "\n", "step": null, "ts": 1724634896.763076}]}, "version": 643, "at": 1724634896.763076}
{"obj": {"type": "LogStrings", "path": ["monitoring", "ca52453c", "stdout"], "values": [{"value": "rc=0 , rfov=0 , rd=-1.9876459568934592 , rdir = 0.0944576644897461 , robs= 0 , r_v=0 , r_ang= -1.0563659925161728 , rf=0 ", "step": null, "ts": 1724634896.7640786}]}, "version": 644, "at": 1724634896.7640786}
{"obj": {"type": "LogStrings", "path": ["monitoring", "ca52453c", "stdout"], "values": [{"value": "\n", "step": null, "ts": 1724634896.7640786}]}, "version": 645, "at": 1724634896.7650778}
{"obj": {"type": "LogStrings", "path": ["monitoring", "ca52453c", "stdout"], "values": [{"value": "next state ", "step": null, "ts": 1724634896.7650778}]}, "version": 646, "at": 1724634896.7650778}
{"obj": {"type": "LogStrings", "path": ["monitoring", "ca52453c", "stdout"], "values": [{"value": " ", "step": null, "ts": 1724634896.7650778}]}, "version": 647, "at": 1724634896.7650778}
{"obj": {"type": "LogStrings", "path": ["monitoring", "ca52453c", "stdout"], "values": [{"value": "[0.009818140665690105, 0.048834697405497236, -0.13463371594746906, 0.018266948064168294, -0.01670463482538859, -0.09523297150929769, 0.5771349029981808, 0.6389051185308847, 0.0005862572975456716, 0.0014933061599731448, 0.0008112972974777222, 0.0014184921759146233, 0.0007306672632694244, 0.0014744671480155286, 14.722883224487305, 14.722883224487305, 14.722883224487305, 14.722883224487305, 14.722883224487305, 14.722883224487305, 14.722883224487305, 14.722883224487305, 14.722883224487305]", "step": null, "ts": 1724634896.7650778}]}, "version": 648, "at": 1724634896.7650778}
{"obj": {"type": "LogStrings", "path": ["monitoring", "ca52453c", "stdout"], "values": [{"value": "\n", "step": null, "ts": 1724634896.7650778}]}, "version": 649, "at": 1724634896.7650778}
{"obj": {"type": "LogStrings", "path": ["monitoring", "ca52453c", "stdout"], "values": [{"value": "action ", "step": null, "ts": 1724634896.7660818}]}, "version": 650, "at": 1724634896.7660818}
{"obj": {"type": "LogStrings", "path": ["monitoring", "ca52453c", "stdout"], "values": [{"value": " ", "step": null, "ts": 1724634896.7660818}]}, "version": 651, "at": 1724634896.7660818}
{"obj": {"type": "LogStrings", "path": ["monitoring", "ca52453c", "stdout"], "values": [{"value": "89", "step": null, "ts": 1724634896.7660818}]}, "version": 652, "at": 1724634896.7660818}
{"obj": {"type": "LogStrings", "path": ["monitoring", "ca52453c", "stdout"], "values": [{"value": "\n", "step": null, "ts": 1724634896.7660818}]}, "version": 653, "at": 1724634896.7660818}
{"obj": {"type": "LogStrings", "path": ["monitoring", "ca52453c", "stdout"], "values": [{"value": "Drone2 moved with speed vector [9, 0, 0] with duration 2", "step": null, "ts": 1724634896.9034216}]}, "version": 654, "at": 1724634896.9034216}
{"obj": {"type": "LogStrings", "path": ["monitoring", "ca52453c", "stdout"], "values": [{"value": "\n", "step": null, "ts": 1724634896.9043248}]}, "version": 655, "at": 1724634896.9043248}
{"obj": {"type": "LogStrings", "path": ["monitoring", "ca52453c", "stdout"], "values": [{"value": "drone 2 ", "step": null, "ts": 1724634896.9043248}]}, "version": 656, "at": 1724634896.9043248}
{"obj": {"type": "LogStrings", "path": ["monitoring", "ca52453c", "stdout"], "values": [{"value": " ", "step": null, "ts": 1724634896.9043248}]}, "version": 657, "at": 1724634896.9043248}
{"obj": {"type": "LogStrings", "path": ["monitoring", "ca52453c", "stdout"], "values": [{"value": "(0, 0, 0)", "step": null, "ts": 1724634896.9043248}]}, "version": 658, "at": 1724634896.9043248}
{"obj": {"type": "LogStrings", "path": ["monitoring", "ca52453c", "stdout"], "values": [{"value": "\n", "step": null, "ts": 1724634896.9043248}]}, "version": 659, "at": 1724634896.9043248}
{"obj": {"type": "LogStrings", "path": ["monitoring", "ca52453c", "stdout"], "values": [{"value": "Found 0 cylinders in image", "step": null, "ts": 1724634897.4382968}]}, "version": 660, "at": 1724634897.4382968}
{"obj": {"type": "LogStrings", "path": ["monitoring", "ca52453c", "stdout"], "values": [{"value": "\n", "step": null, "ts": 1724634897.4382968}]}, "version": 661, "at": 1724634897.4382968}
{"obj": {"type": "LogStrings", "path": ["monitoring", "ca52453c", "stdout"], "values": [{"value": "new_x = ", "step": null, "ts": 1724634897.4412856}]}, "version": 662, "at": 1724634897.4412856}
{"obj": {"type": "LogStrings", "path": ["monitoring", "ca52453c", "stdout"], "values": [{"value": " ", "step": null, "ts": 1724634897.4412856}]}, "version": 663, "at": 1724634897.4412856}
{"obj": {"type": "LogStrings", "path": ["monitoring", "ca52453c", "stdout"], "values": [{"value": "1.2543565333459399", "step": null, "ts": 1724634897.4412856}]}, "version": 664, "at": 1724634897.4412856}
{"obj": {"type": "LogStrings", "path": ["monitoring", "ca52453c", "stdout"], "values": [{"value": " ", "step": null, "ts": 1724634897.4412856}]}, "version": 665, "at": 1724634897.4412856}
{"obj": {"type": "LogStrings", "path": ["monitoring", "ca52453c", "stdout"], "values": [{"value": " new_y = ", "step": null, "ts": 1724634897.4412856}]}, "version": 666, "at": 1724634897.4412856}
{"obj": {"type": "LogStrings", "path": ["monitoring", "ca52453c", "stdout"], "values": [{"value": " ", "step": null, "ts": 1724634897.4412856}]}, "version": 667, "at": 1724634897.4412856}
{"obj": {"type": "LogStrings", "path": ["monitoring", "ca52453c", "stdout"], "values": [{"value": "-3.973844291730027", "step": null, "ts": 1724634897.4412856}]}, "version": 668, "at": 1724634897.4412856}
{"obj": {"type": "LogStrings", "path": ["monitoring", "ca52453c", "stdout"], "values": [{"value": "\n", "step": null, "ts": 1724634897.4412856}]}, "version": 669, "at": 1724634897.4412856}
{"obj": {"type": "LogStrings", "path": ["monitoring", "ca52453c", "stdout"], "values": [{"value": "Drone1 moved with speed vector [1.2543565333459399, -3.973844291730027, 0] with duration 1", "step": null, "ts": 1724634898.4558644}]}, "version": 670, "at": 1724634898.4558644}
{"obj": {"type": "LogStrings", "path": ["monitoring", "ca52453c", "stdout"], "values": [{"value": "\n", "step": null, "ts": 1724634898.4558644}]}, "version": 671, "at": 1724634898.4558644}
{"obj": {"type": "LogStrings", "path": ["monitoring", "ca52453c", "stdout"], "values": [{"value": "rc=0 , rfov=-10 , rd=0.0 , rdir = 0.10489276885986328 , robs= 0 , r_v=0 , r_ang= 0 , rf=-50 ", "step": null, "ts": 1724634898.4573731}]}, "version": 672, "at": 1724634898.4573731}
{"obj": {"type": "LogStrings", "path": ["monitoring", "ca52453c", "stdout"], "values": [{"value": "\n", "step": null, "ts": 1724634898.4578993}]}, "version": 673, "at": 1724634898.4578993}
{"obj": {"type": "LogStrings", "path": ["monitoring", "ca52453c", "stdout"], "values": [{"value": "next state ", "step": null, "ts": 1724634898.4589303}]}, "version": 674, "at": 1724634898.4589303}
{"obj": {"type": "LogStrings", "path": ["monitoring", "ca52453c", "stdout"], "values": [{"value": " ", "step": null, "ts": 1724634898.4591012}]}, "version": 675, "at": 1724634898.4591012}
{"obj": {"type": "LogStrings", "path": ["monitoring", "ca52453c", "stdout"], "values": [{"value": "[0.04424159129460652, 0.06881033579508464, -0.1518078327178955, 0.009818140665690105, 0.048834697405497236, -0.13463371594746906, -1, 0.5771349029981808, -1, -1, 0.0005862572975456716, 0.0014933061599731448, 0.0008112972974777222, 0.0014184921759146233, 15.244638442993164, 15.244638442993164, 15.244638442993164, 15.244638442993164, 15.244638442993164, 15.244638442993164, 15.244638442993164, 15.244638442993164, 15.244638442993164]", "step": null, "ts": 1724634898.4591012}]}, "version": 676, "at": 1724634898.4591012}
{"obj": {"type": "LogStrings", "path": ["monitoring", "ca52453c", "stdout"], "values": [{"value": "\n", "step": null, "ts": 1724634898.4599056}]}, "version": 677, "at": 1724634898.4599056}
{"obj": {"type": "LogStrings", "path": ["monitoring", "ca52453c", "stdout"], "values": [{"value": "action ", "step": null, "ts": 1724634898.4599056}]}, "version": 678, "at": 1724634898.4599056}
{"obj": {"type": "LogStrings", "path": ["monitoring", "ca52453c", "stdout"], "values": [{"value": " ", "step": null, "ts": 1724634898.4599056}]}, "version": 679, "at": 1724634898.4599056}
{"obj": {"type": "LogStrings", "path": ["monitoring", "ca52453c", "stdout"], "values": [{"value": "73", "step": null, "ts": 1724634898.4609065}]}, "version": 680, "at": 1724634898.4609065}
{"obj": {"type": "LogStrings", "path": ["monitoring", "ca52453c", "stdout"], "values": [{"value": "\n", "step": null, "ts": 1724634898.4609065}]}, "version": 681, "at": 1724634898.4609065}
{"obj": {"type": "LogStrings", "path": ["monitoring", "ca52453c", "stdout"], "values": [{"value": "Found 1 cylinders in image", "step": null, "ts": 1724634898.5989053}]}, "version": 682, "at": 1724634898.599916}
{"obj": {"type": "LogStrings", "path": ["monitoring", "ca52453c", "stdout"], "values": [{"value": "\n", "step": null, "ts": 1724634898.6009164}]}, "version": 683, "at": 1724634898.6009164}
{"obj": {"type": "LogStrings", "path": ["monitoring", "ca52453c", "stdout"], "values": [{"value": "new_x = ", "step": null, "ts": 1724634898.6039145}]}, "version": 684, "at": 1724634898.6039145}
{"obj": {"type": "LogStrings", "path": ["monitoring", "ca52453c", "stdout"], "values": [{"value": " ", "step": null, "ts": 1724634898.6039145}]}, "version": 685, "at": 1724634898.6039145}
{"obj": {"type": "LogStrings", "path": ["monitoring", "ca52453c", "stdout"], "values": [{"value": "1.0508358342436899", "step": null, "ts": 1724634898.6039145}]}, "version": 686, "at": 1724634898.6039145}
{"obj": {"type": "LogStrings", "path": ["monitoring", "ca52453c", "stdout"], "values": [{"value": " ", "step": null, "ts": 1724634898.6039145}]}, "version": 687, "at": 1724634898.6039145}
{"obj": {"type": "LogStrings", "path": ["monitoring", "ca52453c", "stdout"], "values": [{"value": " new_y = ", "step": null, "ts": 1724634898.6049147}]}, "version": 688, "at": 1724634898.6049147}
{"obj": {"type": "LogStrings", "path": ["monitoring", "ca52453c", "stdout"], "values": [{"value": " ", "step": null, "ts": 1724634898.6049147}]}, "version": 689, "at": 1724634898.6049147}
{"obj": {"type": "LogStrings", "path": ["monitoring", "ca52453c", "stdout"], "values": [{"value": "4.606289616227567", "step": null, "ts": 1724634898.6049147}]}, "version": 690, "at": 1724634898.6049147}
{"obj": {"type": "LogStrings", "path": ["monitoring", "ca52453c", "stdout"], "values": [{"value": "\n", "step": null, "ts": 1724634898.6049147}]}, "version": 691, "at": 1724634898.6049147}
{"obj": {"type": "LogStrings", "path": ["monitoring", "ca52453c", "stdout"], "values": [{"value": "Drone2 moved with speed vector [0, 0, 0] with duration 2", "step": null, "ts": 1724634898.939808}]}, "version": 692, "at": 1724634898.939808}
{"obj": {"type": "LogStrings", "path": ["monitoring", "ca52453c", "stdout"], "values": [{"value": "\n", "step": null, "ts": 1724634898.9418013}]}, "version": 693, "at": 1724634898.9418013}
{"obj": {"type": "LogStrings", "path": ["monitoring", "ca52453c", "stdout"], "values": [{"value": "after thread target ", "step": null, "ts": 1724634898.9428034}]}, "version": 694, "at": 1724634898.9428034}
{"obj": {"type": "LogStrings", "path": ["monitoring", "ca52453c", "stdout"], "values": [{"value": " ", "step": null, "ts": 1724634898.9428034}]}, "version": 695, "at": 1724634898.9428034}
{"obj": {"type": "LogStrings", "path": ["monitoring", "ca52453c", "stdout"], "values": [{"value": "1", "step": null, "ts": 1724634898.9428034}]}, "version": 696, "at": 1724634898.9428034}
{"obj": {"type": "LogStrings", "path": ["monitoring", "ca52453c", "stdout"], "values": [{"value": "\n", "step": null, "ts": 1724634898.9428034}]}, "version": 697, "at": 1724634898.9428034}
{"obj": {"type": "LogStrings", "path": ["monitoring", "ca52453c", "stdout"], "values": [{"value": "Drone1 moved with speed vector [1.0508358342436899, 4.606289616227567, 0] with duration 1", "step": null, "ts": 1724634899.6326828}]}, "version": 698, "at": 1724634899.6326828}
{"obj": {"type": "LogStrings", "path": ["monitoring", "ca52453c", "stdout"], "values": [{"value": "\n", "step": null, "ts": 1724634899.6326828}]}, "version": 699, "at": 1724634899.6326828}
{"obj": {"type": "LogStrings", "path": ["monitoring", "ca52453c", "stdout"], "values": [{"value": "rc=0 , rfov=0 , rd=-2.0 , rdir = 0.10234670639038086 , robs= 0 , r_v=0 , r_ang= -1.0588837018195607 , rf=0 ", "step": null, "ts": 1724634899.6346824}]}, "version": 700, "at": 1724634899.6346824}
{"obj": {"type": "LogStrings", "path": ["monitoring", "ca52453c", "stdout"], "values": [{"value": "\n", "step": null, "ts": 1724634899.6346824}]}, "version": 701, "at": 1724634899.6346824}
{"obj": {"type": "LogStrings", "path": ["monitoring", "ca52453c", "stdout"], "values": [{"value": "next state ", "step": null, "ts": 1724634899.6346824}]}, "version": 702, "at": 1724634899.6346824}
{"obj": {"type": "LogStrings", "path": ["monitoring", "ca52453c", "stdout"], "values": [{"value": " ", "step": null, "ts": 1724634899.6346824}]}, "version": 703, "at": 1724634899.6346824}
{"obj": {"type": "LogStrings", "path": ["monitoring", "ca52453c", "stdout"], "values": [{"value": "[0.05449161926905314, 0.053354211648305255, -0.15826965967814127, 0.04424159129460652, 0.06881033579508464, -0.1518078327178955, 0.5757772832858215, -1, 0.0003101415652781725, 0.0014135616208300178, -1, -1, 0.0005862572975456716, 0.0014933061599731448, 15.117335319519043, 15.117335319519043, 15.117335319519043, 15.117335319519043, 15.117335319519043, 15.117335319519043, 15.117335319519043, 15.117335319519043, 15.117335319519043]", "step": null, "ts": 1724634899.6346824}]}, "version": 704, "at": 1724634899.6346824}
{"obj": {"type": "LogStrings", "path": ["monitoring", "ca52453c", "stdout"], "values": [{"value": "\n", "step": null, "ts": 1724634899.6356819}]}, "version": 705, "at": 1724634899.6356819}
{"obj": {"type": "LogStrings", "path": ["monitoring", "ca52453c", "stdout"], "values": [{"value": "after thread drone ", "step": null, "ts": 1724634899.6356819}]}, "version": 706, "at": 1724634899.6356819}
{"obj": {"type": "LogStrings", "path": ["monitoring", "ca52453c", "stdout"], "values": [{"value": " ", "step": null, "ts": 1724634899.6356819}]}, "version": 707, "at": 1724634899.6356819}
{"obj": {"type": "LogStrings", "path": ["monitoring", "ca52453c", "stdout"], "values": [{"value": "1", "step": null, "ts": 1724634899.6356819}]}, "version": 708, "at": 1724634899.6356819}
{"obj": {"type": "LogStrings", "path": ["monitoring", "ca52453c", "stdout"], "values": [{"value": "\n", "step": null, "ts": 1724634899.6356819}]}, "version": 709, "at": 1724634899.6356819}
{"obj": {"type": "LogFloats", "path": ["reward"], "values": [{"value": -80.55867993123691, "step": null, "ts": 1724634899.6398985}]}, "version": 710, "at": 1724634899.6398985}
{"obj": {"type": "LogFloats", "path": ["epsilon"], "values": [{"value": 0.9966397157203487, "step": null, "ts": 1724634899.6398985}]}, "version": 711, "at": 1724634899.6398985}
{"obj": {"type": "LogStrings", "path": ["monitoring", "ca52453c", "stdout"], "values": [{"value": "episode ", "step": null, "ts": 1724634899.6409087}]}, "version": 712, "at": 1724634899.6409087}
{"obj": {"type": "LogStrings", "path": ["monitoring", "ca52453c", "stdout"], "values": [{"value": " ", "step": null, "ts": 1724634899.6409087}]}, "version": 713, "at": 1724634899.6409087}
{"obj": {"type": "LogStrings", "path": ["monitoring", "ca52453c", "stdout"], "values": [{"value": "2", "step": null, "ts": 1724634899.6439133}]}, "version": 714, "at": 1724634899.6439133}
{"obj": {"type": "LogStrings", "path": ["monitoring", "ca52453c", "stdout"], "values": [{"value": "\n", "step": null, "ts": 1724634899.6439133}]}, "version": 715, "at": 1724634899.6449099}
{"obj": {"type": "LogStrings", "path": ["monitoring", "ca52453c", "stdout"], "values": [{"value": "reset", "step": null, "ts": 1724634899.6449099}]}, "version": 716, "at": 1724634899.6449099}
{"obj": {"type": "LogStrings", "path": ["monitoring", "ca52453c", "stdout"], "values": [{"value": "\n", "step": null, "ts": 1724634899.6449099}]}, "version": 717, "at": 1724634899.6449099}
{"obj": {"type": "LogStrings", "path": ["monitoring", "ca52453c", "stdout"], "values": [{"value": "Found 1 cylinders in image", "step": null, "ts": 1724634899.7639062}]}, "version": 718, "at": 1724634899.7639062}
{"obj": {"type": "LogStrings", "path": ["monitoring", "ca52453c", "stdout"], "values": [{"value": "\n", "step": null, "ts": 1724634899.7649102}]}, "version": 719, "at": 1724634899.7649102}
{"obj": {"type": "LogFloats", "path": ["monitoring", "ca52453c", "cpu"], "values": [{"value": 14.0, "step": null, "ts": 1724634903.1681523}]}, "version": 720, "at": 1724634903.1746585}
{"obj": {"type": "LogFloats", "path": ["monitoring", "ca52453c", "memory"], "values": [{"value": 13.145740509033203, "step": null, "ts": 1724634903.1681523}]}, "version": 721, "at": 1724634903.1746585}
{"obj": {"type": "LogFloats", "path": ["monitoring", "ca52453c", "gpu_memory"], "values": [{"value": 1.3148994445800781, "step": null, "ts": 1724634903.1681523}]}, "version": 722, "at": 1724634903.1756587}
{"obj": {"type": "LogFloats", "path": ["monitoring", "ca52453c", "gpu_power"], "values": [{"value": 9.289, "step": null, "ts": 1724634903.1681523}]}, "version": 723, "at": 1724634903.1756587}
{"obj": {"type": "LogStrings", "path": ["monitoring", "ca52453c", "stdout"], "values": [{"value": "Drone1 moved with speed vector [1, 0, 0] with duration 2", "step": null, "ts": 1724634905.7978566}]}, "version": 724, "at": 1724634905.7978566}
{"obj": {"type": "LogStrings", "path": ["monitoring", "ca52453c", "stdout"], "values": [{"value": "\n", "step": null, "ts": 1724634905.7978566}]}, "version": 725, "at": 1724634905.7978566}
{"obj": {"type": "LogStrings", "path": ["monitoring", "ca52453c", "stdout"], "values": [{"value": "before threads ", "step": null, "ts": 1724634905.7988632}]}, "version": 726, "at": 1724634905.7988632}
{"obj": {"type": "LogStrings", "path": ["monitoring", "ca52453c", "stdout"], "values": [{"value": " ", "step": null, "ts": 1724634905.7988632}]}, "version": 727, "at": 1724634905.7988632}
{"obj": {"type": "LogStrings", "path": ["monitoring", "ca52453c", "stdout"], "values": [{"value": "0", "step": null, "ts": 1724634905.8008623}]}, "version": 728, "at": 1724634905.8008623}
{"obj": {"type": "LogStrings", "path": ["monitoring", "ca52453c", "stdout"], "values": [{"value": "\n", "step": null, "ts": 1724634905.8008623}]}, "version": 729, "at": 1724634905.8008623}
{"obj": {"type": "LogStrings", "path": ["monitoring", "ca52453c", "stdout"], "values": [{"value": "drone 2 ", "step": null, "ts": 1724634905.8028653}]}, "version": 730, "at": 1724634905.8028653}
{"obj": {"type": "LogStrings", "path": ["monitoring", "ca52453c", "stdout"], "values": [{"value": " ", "step": null, "ts": 1724634905.8028653}]}, "version": 731, "at": 1724634905.8028653}
{"obj": {"type": "LogStrings", "path": ["monitoring", "ca52453c", "stdout"], "values": [{"value": "(3, 0, 0)", "step": null, "ts": 1724634905.8038738}]}, "version": 732, "at": 1724634905.8038738}
{"obj": {"type": "LogStrings", "path": ["monitoring", "ca52453c", "stdout"], "values": [{"value": "\n", "step": null, "ts": 1724634905.8038738}]}, "version": 733, "at": 1724634905.8038738}
{"obj": {"type": "LogStrings", "path": ["monitoring", "ca52453c", "stdout"], "values": [{"value": "action ", "step": null, "ts": 1724634905.8038738}]}, "version": 734, "at": 1724634905.8038738}
{"obj": {"type": "LogStrings", "path": ["monitoring", "ca52453c", "stdout"], "values": [{"value": " ", "step": null, "ts": 1724634905.8038738}]}, "version": 735, "at": 1724634905.8038738}
{"obj": {"type": "LogStrings", "path": ["monitoring", "ca52453c", "stdout"], "values": [{"value": "258", "step": null, "ts": 1724634905.804865}]}, "version": 736, "at": 1724634905.804865}
{"obj": {"type": "LogStrings", "path": ["monitoring", "ca52453c", "stdout"], "values": [{"value": "\n", "step": null, "ts": 1724634905.804865}]}, "version": 737, "at": 1724634905.804865}
{"obj": {"type": "LogStrings", "path": ["monitoring", "ca52453c", "stdout"], "values": [{"value": "Found 1 cylinders in image", "step": null, "ts": 1724634906.3737643}]}, "version": 738, "at": 1724634906.3737643}
{"obj": {"type": "LogStrings", "path": ["monitoring", "ca52453c", "stdout"], "values": [{"value": "\n", "step": null, "ts": 1724634906.3737643}]}, "version": 739, "at": 1724634906.3737643}
{"obj": {"type": "LogStrings", "path": ["monitoring", "ca52453c", "stdout"], "values": [{"value": "new_x = ", "step": null, "ts": 1724634906.3778212}]}, "version": 740, "at": 1724634906.3778212}
{"obj": {"type": "LogStrings", "path": ["monitoring", "ca52453c", "stdout"], "values": [{"value": " ", "step": null, "ts": 1724634906.3788323}]}, "version": 741, "at": 1724634906.3788323}
{"obj": {"type": "LogStrings", "path": ["monitoring", "ca52453c", "stdout"], "values": [{"value": "-0.16855373344239968", "step": null, "ts": 1724634906.3788323}]}, "version": 742, "at": 1724634906.3788323}
{"obj": {"type": "LogStrings", "path": ["monitoring", "ca52453c", "stdout"], "values": [{"value": " ", "step": null, "ts": 1724634906.3788323}]}, "version": 743, "at": 1724634906.3788323}
{"obj": {"type": "LogStrings", "path": ["monitoring", "ca52453c", "stdout"], "values": [{"value": " new_y = ", "step": null, "ts": 1724634906.3788323}]}, "version": 744, "at": 1724634906.3788323}
{"obj": {"type": "LogStrings", "path": ["monitoring", "ca52453c", "stdout"], "values": [{"value": " ", "step": null, "ts": 1724634906.3788323}]}, "version": 745, "at": 1724634906.3788323}
{"obj": {"type": "LogStrings", "path": ["monitoring", "ca52453c", "stdout"], "values": [{"value": "-0.7244036845179236", "step": null, "ts": 1724634906.3788323}]}, "version": 746, "at": 1724634906.3788323}
{"obj": {"type": "LogStrings", "path": ["monitoring", "ca52453c", "stdout"], "values": [{"value": "\n", "step": null, "ts": 1724634906.3788323}]}, "version": 747, "at": 1724634906.3788323}
{"obj": {"type": "LogStrings", "path": ["monitoring", "ca52453c", "stdout"], "values": [{"value": "Drone2 moved with speed vector [3, 0, 0] with duration 2", "step": null, "ts": 1724634907.8179379}]}, "version": 748, "at": 1724634907.8179379}
{"obj": {"type": "LogStrings", "path": ["monitoring", "ca52453c", "stdout"], "values": [{"value": "\n", "step": null, "ts": 1724634907.8179379}]}, "version": 749, "at": 1724634907.8189526}
{"obj": {"type": "LogStrings", "path": ["monitoring", "ca52453c", "stdout"], "values": [{"value": "drone 2 ", "step": null, "ts": 1724634907.8190057}]}, "version": 750, "at": 1724634907.8190057}
{"obj": {"type": "LogStrings", "path": ["monitoring", "ca52453c", "stdout"], "values": [{"value": " ", "step": null, "ts": 1724634907.8190057}]}, "version": 751, "at": 1724634907.8190057}
{"obj": {"type": "LogStrings", "path": ["monitoring", "ca52453c", "stdout"], "values": [{"value": "(3, 2, 0)", "step": null, "ts": 1724634907.8190057}]}, "version": 752, "at": 1724634907.8190057}
{"obj": {"type": "LogStrings", "path": ["monitoring", "ca52453c", "stdout"], "values": [{"value": "\n", "step": null, "ts": 1724634907.8190057}]}, "version": 753, "at": 1724634907.8190057}
{"obj": {"type": "LogStrings", "path": ["monitoring", "ca52453c", "stdout"], "values": [{"value": "Drone1 moved with speed vector [-0.16855373344239968, -0.7244036845179236, 0] with duration 3", "step": null, "ts": 1724634909.3840823}]}, "version": 754, "at": 1724634909.3840823}
{"obj": {"type": "LogStrings", "path": ["monitoring", "ca52453c", "stdout"], "values": [{"value": "\n", "step": null, "ts": 1724634909.3840823}]}, "version": 755, "at": 1724634909.3840823}
{"obj": {"type": "LogStrings", "path": ["monitoring", "ca52453c", "stdout"], "values": [{"value": "rc=0 , rfov=0 , rd=1.00020405621482 , rdir = 0.09542020797729493 , robs= 0 , r_v=0 , r_ang= -1.0584211655801612 , rf=0 ", "step": null, "ts": 1724634909.3850827}]}, "version": 756, "at": 1724634909.3850827}
{"obj": {"type": "LogStrings", "path": ["monitoring", "ca52453c", "stdout"], "values": [{"value": "\n", "step": null, "ts": 1724634909.3860826}]}, "version": 757, "at": 1724634909.3860826}
{"obj": {"type": "LogStrings", "path": ["monitoring", "ca52453c", "stdout"], "values": [{"value": "next state ", "step": null, "ts": 1724634909.3860826}]}, "version": 758, "at": 1724634909.3860826}
{"obj": {"type": "LogStrings", "path": ["monitoring", "ca52453c", "stdout"], "values": [{"value": " ", "step": null, "ts": 1724634909.3860826}]}, "version": 759, "at": 1724634909.3860826}
{"obj": {"type": "LogStrings", "path": ["monitoring", "ca52453c", "stdout"], "values": [{"value": "[0.0008291151374578476, -3.719118473836473e-14, -0.03514473835627238, 0.0, 0.0, -0.0006772610048453013, 0.10613436727166417, 0.10715464834576387, 0.000781249962747097, 0.001007281497672752, 0.000781249962747097, 0.0013948971548198182, 0.0003101415652781725, 0.0014135616208300178, 15.118263244628906, 15.118263244628906, 14.771010398864746, 14.771010398864746, 14.771010398864746, 14.771010398864746, 14.771010398864746, 14.771010398864746, 14.771010398864746]", "step": null, "ts": 1724634909.3870833}]}, "version": 760, "at": 1724634909.3870833}
{"obj": {"type": "LogStrings", "path": ["monitoring", "ca52453c", "stdout"], "values": [{"value": "\n", "step": null, "ts": 1724634909.3870833}]}, "version": 761, "at": 1724634909.3870833}
{"obj": {"type": "LogStrings", "path": ["monitoring", "ca52453c", "stdout"], "values": [{"value": "action ", "step": null, "ts": 1724634909.3875878}]}, "version": 762, "at": 1724634909.3875878}
{"obj": {"type": "LogStrings", "path": ["monitoring", "ca52453c", "stdout"], "values": [{"value": " ", "step": null, "ts": 1724634909.3875878}]}, "version": 763, "at": 1724634909.3875878}
{"obj": {"type": "LogStrings", "path": ["monitoring", "ca52453c", "stdout"], "values": [{"value": "295", "step": null, "ts": 1724634909.3875878}]}, "version": 764, "at": 1724634909.3880918}
{"obj": {"type": "LogStrings", "path": ["monitoring", "ca52453c", "stdout"], "values": [{"value": "\n", "step": null, "ts": 1724634909.3880918}]}, "version": 765, "at": 1724634909.3880918}
{"obj": {"type": "LogStrings", "path": ["monitoring", "ca52453c", "stdout"], "values": [{"value": "Found 1 cylinders in image", "step": null, "ts": 1724634909.7394962}]}, "version": 766, "at": 1724634909.7394962}
{"obj": {"type": "LogStrings", "path": ["monitoring", "ca52453c", "stdout"], "values": [{"value": "\n", "step": null, "ts": 1724634909.740502}]}, "version": 767, "at": 1724634909.740502}
{"obj": {"type": "LogStrings", "path": ["monitoring", "ca52453c", "stdout"], "values": [{"value": "new_x = ", "step": null, "ts": 1724634909.7425046}]}, "version": 768, "at": 1724634909.7435095}
{"obj": {"type": "LogStrings", "path": ["monitoring", "ca52453c", "stdout"], "values": [{"value": " ", "step": null, "ts": 1724634909.7435095}]}, "version": 769, "at": 1724634909.7435095}
{"obj": {"type": "LogStrings", "path": ["monitoring", "ca52453c", "stdout"], "values": [{"value": "0.10101072534935353", "step": null, "ts": 1724634909.7435095}]}, "version": 770, "at": 1724634909.7435095}
{"obj": {"type": "LogStrings", "path": ["monitoring", "ca52453c", "stdout"], "values": [{"value": " ", "step": null, "ts": 1724634909.7435095}]}, "version": 771, "at": 1724634909.7435095}
{"obj": {"type": "LogStrings", "path": ["monitoring", "ca52453c", "stdout"], "values": [{"value": " new_y = ", "step": null, "ts": 1724634909.7435095}]}, "version": 772, "at": 1724634909.7435095}
{"obj": {"type": "LogStrings", "path": ["monitoring", "ca52453c", "stdout"], "values": [{"value": " ", "step": null, "ts": 1724634909.7435095}]}, "version": 773, "at": 1724634909.7435095}
{"obj": {"type": "LogStrings", "path": ["monitoring", "ca52453c", "stdout"], "values": [{"value": "3.5831097225683", "step": null, "ts": 1724634909.7435095}]}, "version": 774, "at": 1724634909.7435095}
{"obj": {"type": "LogStrings", "path": ["monitoring", "ca52453c", "stdout"], "values": [{"value": "\n", "step": null, "ts": 1724634909.7435095}]}, "version": 775, "at": 1724634909.7435095}
{"obj": {"type": "LogStrings", "path": ["monitoring", "ca52453c", "stdout"], "values": [{"value": "Drone2 moved with speed vector [3, 2, 0] with duration 2", "step": null, "ts": 1724634909.8372462}]}, "version": 776, "at": 1724634909.8372462}
{"obj": {"type": "LogStrings", "path": ["monitoring", "ca52453c", "stdout"], "values": [{"value": "\n", "step": null, "ts": 1724634909.837755}]}, "version": 777, "at": 1724634909.837755}
{"obj": {"type": "LogStrings", "path": ["monitoring", "ca52453c", "stdout"], "values": [{"value": "drone 2 ", "step": null, "ts": 1724634909.837755}]}, "version": 778, "at": 1724634909.837755}
{"obj": {"type": "LogStrings", "path": ["monitoring", "ca52453c", "stdout"], "values": [{"value": " ", "step": null, "ts": 1724634909.838759}]}, "version": 779, "at": 1724634909.838759}
{"obj": {"type": "LogStrings", "path": ["monitoring", "ca52453c", "stdout"], "values": [{"value": "(6, 0, 0)", "step": null, "ts": 1724634909.838759}]}, "version": 780, "at": 1724634909.838759}
{"obj": {"type": "LogStrings", "path": ["monitoring", "ca52453c", "stdout"], "values": [{"value": "\n", "step": null, "ts": 1724634909.838759}]}, "version": 781, "at": 1724634909.838759}
{"obj": {"type": "LogStrings", "path": ["monitoring", "ca52453c", "stdout"], "values": [{"value": "Drone2 moved with speed vector [6, 0, 0] with duration 2", "step": null, "ts": 1724634911.855954}]}, "version": 782, "at": 1724634911.855954}
{"obj": {"type": "LogStrings", "path": ["monitoring", "ca52453c", "stdout"], "values": [{"value": "\n", "step": null, "ts": 1724634911.855954}]}, "version": 783, "at": 1724634911.855954}
{"obj": {"type": "LogStrings", "path": ["monitoring", "ca52453c", "stdout"], "values": [{"value": "drone 2 ", "step": null, "ts": 1724634911.855954}]}, "version": 784, "at": 1724634911.855954}
{"obj": {"type": "LogStrings", "path": ["monitoring", "ca52453c", "stdout"], "values": [{"value": " ", "step": null, "ts": 1724634911.855954}]}, "version": 785, "at": 1724634911.855954}
{"obj": {"type": "LogStrings", "path": ["monitoring", "ca52453c", "stdout"], "values": [{"value": "(6, -4, 0)", "step": null, "ts": 1724634911.855954}]}, "version": 786, "at": 1724634911.855954}
{"obj": {"type": "LogStrings", "path": ["monitoring", "ca52453c", "stdout"], "values": [{"value": "\n", "step": null, "ts": 1724634911.855954}]}, "version": 787, "at": 1724634911.855954}
{"obj": {"type": "LogStrings", "path": ["monitoring", "ca52453c", "stdout"], "values": [{"value": "Drone1 moved with speed vector [0.10101072534935353, 3.5831097225683, 0] with duration 3", "step": null, "ts": 1724634912.7510662}]}, "version": 788, "at": 1724634912.7510662}
{"obj": {"type": "LogStrings", "path": ["monitoring", "ca52453c", "stdout"], "values": [{"value": "\n", "step": null, "ts": 1724634912.7520676}]}, "version": 789, "at": 1724634912.7520676}
{"obj": {"type": "LogStrings", "path": ["monitoring", "ca52453c", "stdout"], "values": [{"value": "rc=0 , rfov=0 , rd=0.991012840029386 , rdir = 0.10051216125488281 , robs= 0 , r_v=0 , r_ang= -1.055973827754203 , rf=0 ", "step": null, "ts": 1724634912.753065}]}, "version": 790, "at": 1724634912.753065}
{"obj": {"type": "LogStrings", "path": ["monitoring", "ca52453c", "stdout"], "values": [{"value": "\n", "step": null, "ts": 1724634912.753065}]}, "version": 791, "at": 1724634912.753065}
{"obj": {"type": "LogStrings", "path": ["monitoring", "ca52453c", "stdout"], "values": [{"value": "next state ", "step": null, "ts": 1724634912.7540693}]}, "version": 792, "at": 1724634912.7540693}
{"obj": {"type": "LogStrings", "path": ["monitoring", "ca52453c", "stdout"], "values": [{"value": " ", "step": null, "ts": 1724634912.7540693}]}, "version": 793, "at": 1724634912.7540693}
{"obj": {"type": "LogStrings", "path": ["monitoring", "ca52453c", "stdout"], "values": [{"value": "[0.0013229074577490489, -0.014781899253527324, -0.03494574626286825, 0.0008291151374578476, -3.719118473836473e-14, -0.03514473835627238, 0.15107016712473417, 0.10613436727166417, 0.0009283557161688804, 0.0012062946955362956, 0.000781249962747097, 0.001007281497672752, 0.000781249962747097, 0.0013948971548198182, 15.02560806274414, 15.02560806274414, 15.02560806274414, 15.02560806274414, 15.02560806274414, 15.02560806274414, 15.02560806274414, 15.02560806274414, 15.02560806274414]", "step": null, "ts": 1724634912.7540693}]}, "version": 794, "at": 1724634912.7540693}
{"obj": {"type": "LogStrings", "path": ["monitoring", "ca52453c", "stdout"], "values": [{"value": "\n", "step": null, "ts": 1724634912.7540693}]}, "version": 795, "at": 1724634912.7550712}
{"obj": {"type": "LogStrings", "path": ["monitoring", "ca52453c", "stdout"], "values": [{"value": "action ", "step": null, "ts": 1724634912.7550712}]}, "version": 796, "at": 1724634912.7550712}
{"obj": {"type": "LogStrings", "path": ["monitoring", "ca52453c", "stdout"], "values": [{"value": " ", "step": null, "ts": 1724634912.7550712}]}, "version": 797, "at": 1724634912.7550712}
{"obj": {"type": "LogStrings", "path": ["monitoring", "ca52453c", "stdout"], "values": [{"value": "267", "step": null, "ts": 1724634912.7550712}]}, "version": 798, "at": 1724634912.7550712}
{"obj": {"type": "LogStrings", "path": ["monitoring", "ca52453c", "stdout"], "values": [{"value": "\n", "step": null, "ts": 1724634912.7560658}]}, "version": 799, "at": 1724634912.7560658}
{"obj": {"type": "LogFloats", "path": ["monitoring", "ca52453c", "cpu"], "values": [{"value": 13.7, "step": null, "ts": 1724634913.1770437}]}, "version": 800, "at": 1724634913.1853998}
{"obj": {"type": "LogFloats", "path": ["monitoring", "ca52453c", "memory"], "values": [{"value": 13.13705062866211, "step": null, "ts": 1724634913.1770437}]}, "version": 801, "at": 1724634913.1869104}
{"obj": {"type": "LogFloats", "path": ["monitoring", "ca52453c", "gpu"], "values": [{"value": 9.0, "step": null, "ts": 1724634913.1770437}]}, "version": 802, "at": 1724634913.1869104}
{"obj": {"type": "LogFloats", "path": ["monitoring", "ca52453c", "gpu_memory"], "values": [{"value": 1.3158149719238281, "step": null, "ts": 1724634913.1770437}]}, "version": 803, "at": 1724634913.1869886}
{"obj": {"type": "LogFloats", "path": ["monitoring", "ca52453c", "gpu_power"], "values": [{"value": 8.913, "step": null, "ts": 1724634913.1770437}]}, "version": 804, "at": 1724634913.1869886}
{"obj": {"type": "LogStrings", "path": ["monitoring", "ca52453c", "stdout"], "values": [{"value": "Found 1 cylinders in image", "step": null, "ts": 1724634913.4288962}]}, "version": 805, "at": 1724634913.4288962}
{"obj": {"type": "LogStrings", "path": ["monitoring", "ca52453c", "stdout"], "values": [{"value": "\n", "step": null, "ts": 1724634913.429924}]}, "version": 806, "at": 1724634913.429924}
{"obj": {"type": "LogStrings", "path": ["monitoring", "ca52453c", "stdout"], "values": [{"value": "new_x = ", "step": null, "ts": 1724634913.4334433}]}, "version": 807, "at": 1724634913.4334433}
{"obj": {"type": "LogStrings", "path": ["monitoring", "ca52453c", "stdout"], "values": [{"value": " ", "step": null, "ts": 1724634913.4334433}]}, "version": 808, "at": 1724634913.4334433}
{"obj": {"type": "LogStrings", "path": ["monitoring", "ca52453c", "stdout"], "values": [{"value": "1.9360573826785168", "step": null, "ts": 1724634913.4334433}]}, "version": 809, "at": 1724634913.4334433}
{"obj": {"type": "LogStrings", "path": ["monitoring", "ca52453c", "stdout"], "values": [{"value": " ", "step": null, "ts": 1724634913.4334433}]}, "version": 810, "at": 1724634913.4334433}
{"obj": {"type": "LogStrings", "path": ["monitoring", "ca52453c", "stdout"], "values": [{"value": " new_y = ", "step": null, "ts": 1724634913.4334433}]}, "version": 811, "at": 1724634913.4334433}
{"obj": {"type": "LogStrings", "path": ["monitoring", "ca52453c", "stdout"], "values": [{"value": " ", "step": null, "ts": 1724634913.4334433}]}, "version": 812, "at": 1724634913.4334433}
{"obj": {"type": "LogStrings", "path": ["monitoring", "ca52453c", "stdout"], "values": [{"value": "-1.4422236599120348", "step": null, "ts": 1724634913.4344406}]}, "version": 813, "at": 1724634913.4344406}
{"obj": {"type": "LogStrings", "path": ["monitoring", "ca52453c", "stdout"], "values": [{"value": "\n", "step": null, "ts": 1724634913.4344406}]}, "version": 814, "at": 1724634913.4344406}
{"obj": {"type": "LogStrings", "path": ["monitoring", "ca52453c", "stdout"], "values": [{"value": "Drone2 moved with speed vector [6, -4, 0] with duration 2", "step": null, "ts": 1724634913.8760343}]}, "version": 815, "at": 1724634913.8760343}
{"obj": {"type": "LogStrings", "path": ["monitoring", "ca52453c", "stdout"], "values": [{"value": "\n", "step": null, "ts": 1724634913.8760343}]}, "version": 816, "at": 1724634913.8760343}
{"obj": {"type": "LogStrings", "path": ["monitoring", "ca52453c", "stdout"], "values": [{"value": "drone 2 ", "step": null, "ts": 1724634913.8760343}]}, "version": 817, "at": 1724634913.8760343}
{"obj": {"type": "LogStrings", "path": ["monitoring", "ca52453c", "stdout"], "values": [{"value": " ", "step": null, "ts": 1724634913.8760343}]}, "version": 818, "at": 1724634913.8760343}
{"obj": {"type": "LogStrings", "path": ["monitoring", "ca52453c", "stdout"], "values": [{"value": "(12, 0, 0)", "step": null, "ts": 1724634913.877034}]}, "version": 819, "at": 1724634913.877034}
{"obj": {"type": "LogStrings", "path": ["monitoring", "ca52453c", "stdout"], "values": [{"value": "\n", "step": null, "ts": 1724634913.877034}]}, "version": 820, "at": 1724634913.877034}
{"obj": {"type": "LogStrings", "path": ["monitoring", "ca52453c", "stdout"], "values": [{"value": "Drone2 moved with speed vector [12, 0, 0] with duration 2", "step": null, "ts": 1724634915.8958757}]}, "version": 821, "at": 1724634915.8958757}
{"obj": {"type": "LogStrings", "path": ["monitoring", "ca52453c", "stdout"], "values": [{"value": "\n", "step": null, "ts": 1724634915.8968768}]}, "version": 822, "at": 1724634915.8968768}
{"obj": {"type": "LogStrings", "path": ["monitoring", "ca52453c", "stdout"], "values": [{"value": "drone 2 ", "step": null, "ts": 1724634915.8968768}]}, "version": 823, "at": 1724634915.8968768}
{"obj": {"type": "LogStrings", "path": ["monitoring", "ca52453c", "stdout"], "values": [{"value": " ", "step": null, "ts": 1724634915.8968768}]}, "version": 824, "at": 1724634915.8968768}
{"obj": {"type": "LogStrings", "path": ["monitoring", "ca52453c", "stdout"], "values": [{"value": "(3, 2, 0)", "step": null, "ts": 1724634915.8977556}]}, "version": 825, "at": 1724634915.8977556}
{"obj": {"type": "LogStrings", "path": ["monitoring", "ca52453c", "stdout"], "values": [{"value": "\n", "step": null, "ts": 1724634915.8977556}]}, "version": 826, "at": 1724634915.8977556}
{"obj": {"type": "LogStrings", "path": ["monitoring", "ca52453c", "stdout"], "values": [{"value": "Drone1 moved with speed vector [1.9360573826785168, -1.4422236599120348, 0] with duration 3", "step": null, "ts": 1724634916.4428692}]}, "version": 827, "at": 1724634916.4438543}
{"obj": {"type": "LogStrings", "path": ["monitoring", "ca52453c", "stdout"], "values": [{"value": "\n", "step": null, "ts": 1724634916.4438543}]}, "version": 828, "at": 1724634916.4438543}
{"obj": {"type": "LogStrings", "path": ["monitoring", "ca52453c", "stdout"], "values": [{"value": "rc=0 , rfov=0 , rd=-2.025737720128805 , rdir = 0.09592552185058595 , robs= 0 , r_v=0 , r_ang= -1.0580004711521485 , rf=0 ", "step": null, "ts": 1724634916.4448543}]}, "version": 829, "at": 1724634916.4448543}
{"obj": {"type": "LogStrings", "path": ["monitoring", "ca52453c", "stdout"], "values": [{"value": "\n", "step": null, "ts": 1724634916.4448543}]}, "version": 830, "at": 1724634916.4448543}
{"obj": {"type": "LogStrings", "path": ["monitoring", "ca52453c", "stdout"], "values": [{"value": "next state ", "step": null, "ts": 1724634916.4458544}]}, "version": 831, "at": 1724634916.4458544}
{"obj": {"type": "LogStrings", "path": ["monitoring", "ca52453c", "stdout"], "values": [{"value": " ", "step": null, "ts": 1724634916.4458544}]}, "version": 832, "at": 1724634916.4458544}
{"obj": {"type": "LogStrings", "path": ["monitoring", "ca52453c", "stdout"], "values": [{"value": "[0.002969926098982493, 0.06110585530598958, -0.043509129683176676, 0.0013229074577490489, -0.014781899253527324, -0.03494574626286825, 0.27975876776875863, 0.15107016712473417, 0.0006690216436982155, 0.0011791097381968557, 0.0009283557161688804, 0.0012062946955362956, 0.000781249962747097, 0.001007281497672752, 14.796276092529297, 14.796276092529297, 14.796276092529297, 14.796276092529297, 14.796276092529297, 14.796276092529297, 14.796276092529297, 14.796276092529297, 14.796276092529297]", "step": null, "ts": 1724634916.4458544}]}, "version": 833, "at": 1724634916.4458544}
{"obj": {"type": "LogStrings", "path": ["monitoring", "ca52453c", "stdout"], "values": [{"value": "\n", "step": null, "ts": 1724634916.4458544}]}, "version": 834, "at": 1724634916.4458544}
{"obj": {"type": "LogStrings", "path": ["monitoring", "ca52453c", "stdout"], "values": [{"value": "action ", "step": null, "ts": 1724634916.4468584}]}, "version": 835, "at": 1724634916.4468584}
{"obj": {"type": "LogStrings", "path": ["monitoring", "ca52453c", "stdout"], "values": [{"value": " ", "step": null, "ts": 1724634916.4468584}]}, "version": 836, "at": 1724634916.4468584}
{"obj": {"type": "LogStrings", "path": ["monitoring", "ca52453c", "stdout"], "values": [{"value": "39", "step": null, "ts": 1724634916.4468584}]}, "version": 837, "at": 1724634916.4468584}
{"obj": {"type": "LogStrings", "path": ["monitoring", "ca52453c", "stdout"], "values": [{"value": "\n", "step": null, "ts": 1724634916.4468584}]}, "version": 838, "at": 1724634916.4468584}
{"obj": {"type": "LogStrings", "path": ["monitoring", "ca52453c", "stdout"], "values": [{"value": "Found 1 cylinders in image", "step": null, "ts": 1724634917.1157963}]}, "version": 839, "at": 1724634917.1157963}
{"obj": {"type": "LogStrings", "path": ["monitoring", "ca52453c", "stdout"], "values": [{"value": "\n", "step": null, "ts": 1724634917.1190636}]}, "version": 840, "at": 1724634917.1190636}
{"obj": {"type": "LogStrings", "path": ["monitoring", "ca52453c", "stdout"], "values": [{"value": "new_x = ", "step": null, "ts": 1724634917.1201422}]}, "version": 841, "at": 1724634917.1201422}
{"obj": {"type": "LogStrings", "path": ["monitoring", "ca52453c", "stdout"], "values": [{"value": " ", "step": null, "ts": 1724634917.1201422}]}, "version": 842, "at": 1724634917.1201422}
{"obj": {"type": "LogStrings", "path": ["monitoring", "ca52453c", "stdout"], "values": [{"value": "0.011348408804402133", "step": null, "ts": 1724634917.1201422}]}, "version": 843, "at": 1724634917.1201422}
{"obj": {"type": "LogStrings", "path": ["monitoring", "ca52453c", "stdout"], "values": [{"value": " ", "step": null, "ts": 1724634917.1211412}]}, "version": 844, "at": 1724634917.1211412}
{"obj": {"type": "LogStrings", "path": ["monitoring", "ca52453c", "stdout"], "values": [{"value": " new_y = ", "step": null, "ts": 1724634917.1211412}]}, "version": 845, "at": 1724634917.1211412}
{"obj": {"type": "LogStrings", "path": ["monitoring", "ca52453c", "stdout"], "values": [{"value": " ", "step": null, "ts": 1724634917.1211412}]}, "version": 846, "at": 1724634917.1211412}
{"obj": {"type": "LogStrings", "path": ["monitoring", "ca52453c", "stdout"], "values": [{"value": "0.02038093237208156", "step": null, "ts": 1724634917.1211412}]}, "version": 847, "at": 1724634917.1211412}
{"obj": {"type": "LogStrings", "path": ["monitoring", "ca52453c", "stdout"], "values": [{"value": "\n", "step": null, "ts": 1724634917.1211412}]}, "version": 848, "at": 1724634917.1211412}
{"obj": {"type": "LogStrings", "path": ["monitoring", "ca52453c", "stdout"], "values": [{"value": "Drone2 moved with speed vector [3, 2, 0] with duration 2", "step": null, "ts": 1724634917.9171746}]}, "version": 849, "at": 1724634917.9171746}
{"obj": {"type": "LogStrings", "path": ["monitoring", "ca52453c", "stdout"], "values": [{"value": "\n", "step": null, "ts": 1724634917.9176762}]}, "version": 850, "at": 1724634917.9176762}
{"obj": {"type": "LogStrings", "path": ["monitoring", "ca52453c", "stdout"], "values": [{"value": "drone 2 ", "step": null, "ts": 1724634917.9176762}]}, "version": 851, "at": 1724634917.9176762}
{"obj": {"type": "LogStrings", "path": ["monitoring", "ca52453c", "stdout"], "values": [{"value": " ", "step": null, "ts": 1724634917.9176762}]}, "version": 852, "at": 1724634917.9176762}
{"obj": {"type": "LogStrings", "path": ["monitoring", "ca52453c", "stdout"], "values": [{"value": "(6, 0, 0)", "step": null, "ts": 1724634917.9176762}]}, "version": 853, "at": 1724634917.9176762}
{"obj": {"type": "LogStrings", "path": ["monitoring", "ca52453c", "stdout"], "values": [{"value": "\n", "step": null, "ts": 1724634917.9186819}]}, "version": 854, "at": 1724634917.9186819}
{"obj": {"type": "LogStrings", "path": ["monitoring", "ca52453c", "stdout"], "values": [{"value": "Drone1 moved with speed vector [0.011348408804402133, 0.02038093237208156, 0] with duration 1", "step": null, "ts": 1724634918.130346}]}, "version": 855, "at": 1724634918.130346}
{"obj": {"type": "LogStrings", "path": ["monitoring", "ca52453c", "stdout"], "values": [{"value": "\n", "step": null, "ts": 1724634918.1313481}]}, "version": 856, "at": 1724634918.1313481}
{"obj": {"type": "LogStrings", "path": ["monitoring", "ca52453c", "stdout"], "values": [{"value": "rc=0 , rfov=0 , rd=-2.0319807333208533 , rdir = 0.10087003707885743 , robs= 0 , r_v=-0.07424763657610295 , r_ang= -1.0529891006055425 , rf=0 ", "step": null, "ts": 1724634918.1313481}]}, "version": 857, "at": 1724634918.1313481}
{"obj": {"type": "LogStrings", "path": ["monitoring", "ca52453c", "stdout"], "values": [{"value": "\n", "step": null, "ts": 1724634918.1323457}]}, "version": 858, "at": 1724634918.1323457}
{"obj": {"type": "LogStrings", "path": ["monitoring", "ca52453c", "stdout"], "values": [{"value": "next state ", "step": null, "ts": 1724634918.1323457}]}, "version": 859, "at": 1724634918.1323457}
{"obj": {"type": "LogStrings", "path": ["monitoring", "ca52453c", "stdout"], "values": [{"value": " ", "step": null, "ts": 1724634918.1323457}]}, "version": 860, "at": 1724634918.1323457}
{"obj": {"type": "LogStrings", "path": ["monitoring", "ca52453c", "stdout"], "values": [{"value": "[0.045408205191294355, 0.03378755648930867, -0.04844127893447876, 0.002969926098982493, 0.06110585530598958, -0.043509129683176676, 0.4396624343730254, 0.27975876776875863, 0.0006681084632873535, 0.0018893550354757427, 0.0006690216436982155, 0.0011791097381968557, 0.0009283557161688804, 0.0012062946955362956, 15.043501853942871, 15.043501853942871, 15.043501853942871, 15.043501853942871, 15.043501853942871, 15.043501853942871, 15.043501853942871, 15.043501853942871, 15.043501853942871]", "step": null, "ts": 1724634918.1323457}]}, "version": 861, "at": 1724634918.1323457}
{"obj": {"type": "LogStrings", "path": ["monitoring", "ca52453c", "stdout"], "values": [{"value": "\n", "step": null, "ts": 1724634918.1323457}]}, "version": 862, "at": 1724634918.1323457}
{"obj": {"type": "LogStrings", "path": ["monitoring", "ca52453c", "stdout"], "values": [{"value": "action ", "step": null, "ts": 1724634918.1333582}]}, "version": 863, "at": 1724634918.1333582}
{"obj": {"type": "LogStrings", "path": ["monitoring", "ca52453c", "stdout"], "values": [{"value": " ", "step": null, "ts": 1724634918.1333582}]}, "version": 864, "at": 1724634918.1333582}
{"obj": {"type": "LogStrings", "path": ["monitoring", "ca52453c", "stdout"], "values": [{"value": "269", "step": null, "ts": 1724634918.1333582}]}, "version": 865, "at": 1724634918.1333582}
{"obj": {"type": "LogStrings", "path": ["monitoring", "ca52453c", "stdout"], "values": [{"value": "\n", "step": null, "ts": 1724634918.1333582}]}, "version": 866, "at": 1724634918.1333582}
{"obj": {"type": "LogStrings", "path": ["monitoring", "ca52453c", "stdout"], "values": [{"value": "Found 1 cylinders in image", "step": null, "ts": 1724634918.8039272}]}, "version": 867, "at": 1724634918.8039272}
{"obj": {"type": "LogStrings", "path": ["monitoring", "ca52453c", "stdout"], "values": [{"value": "\n", "step": null, "ts": 1724634918.8049285}]}, "version": 868, "at": 1724634918.8049285}
{"obj": {"type": "LogStrings", "path": ["monitoring", "ca52453c", "stdout"], "values": [{"value": "new_x = ", "step": null, "ts": 1724634918.8069272}]}, "version": 869, "at": 1724634918.8069272}
{"obj": {"type": "LogStrings", "path": ["monitoring", "ca52453c", "stdout"], "values": [{"value": " ", "step": null, "ts": 1724634918.8069272}]}, "version": 870, "at": 1724634918.8069272}
{"obj": {"type": "LogStrings", "path": ["monitoring", "ca52453c", "stdout"], "values": [{"value": "-0.3568826750871845", "step": null, "ts": 1724634918.8074317}]}, "version": 871, "at": 1724634918.8074317}
{"obj": {"type": "LogStrings", "path": ["monitoring", "ca52453c", "stdout"], "values": [{"value": " ", "step": null, "ts": 1724634918.8074317}]}, "version": 872, "at": 1724634918.8074317}
{"obj": {"type": "LogStrings", "path": ["monitoring", "ca52453c", "stdout"], "values": [{"value": " new_y = ", "step": null, "ts": 1724634918.8074317}]}, "version": 873, "at": 1724634918.8074317}
{"obj": {"type": "LogStrings", "path": ["monitoring", "ca52453c", "stdout"], "values": [{"value": " ", "step": null, "ts": 1724634918.8074317}]}, "version": 874, "at": 1724634918.8074317}
{"obj": {"type": "LogStrings", "path": ["monitoring", "ca52453c", "stdout"], "values": [{"value": "-0.8932425311445529", "step": null, "ts": 1724634918.8074317}]}, "version": 875, "at": 1724634918.8074317}
{"obj": {"type": "LogStrings", "path": ["monitoring", "ca52453c", "stdout"], "values": [{"value": "\n", "step": null, "ts": 1724634918.8074317}]}, "version": 876, "at": 1724634918.8074317}
{"obj": {"type": "LogStrings", "path": ["monitoring", "ca52453c", "stdout"], "values": [{"value": "Drone2 moved with speed vector [6, 0, 0] with duration 2", "step": null, "ts": 1724634919.9378834}]}, "version": 877, "at": 1724634919.9378834}
{"obj": {"type": "LogStrings", "path": ["monitoring", "ca52453c", "stdout"], "values": [{"value": "\n", "step": null, "ts": 1724634919.9378834}]}, "version": 878, "at": 1724634919.9378834}
{"obj": {"type": "LogStrings", "path": ["monitoring", "ca52453c", "stdout"], "values": [{"value": "drone 2 ", "step": null, "ts": 1724634919.938946}]}, "version": 879, "at": 1724634919.938946}
{"obj": {"type": "LogStrings", "path": ["monitoring", "ca52453c", "stdout"], "values": [{"value": " ", "step": null, "ts": 1724634919.939153}]}, "version": 880, "at": 1724634919.939153}
{"obj": {"type": "LogStrings", "path": ["monitoring", "ca52453c", "stdout"], "values": [{"value": "(6, -4, 0)", "step": null, "ts": 1724634919.939153}]}, "version": 881, "at": 1724634919.939153}
{"obj": {"type": "LogStrings", "path": ["monitoring", "ca52453c", "stdout"], "values": [{"value": "\n", "step": null, "ts": 1724634919.939153}]}, "version": 882, "at": 1724634919.939153}
{"obj": {"type": "LogStrings", "path": ["monitoring", "ca52453c", "stdout"], "values": [{"value": "Drone1 moved with speed vector [-0.3568826750871845, -0.8932425311445529, 0] with duration 3", "step": null, "ts": 1724634921.8179152}]}, "version": 883, "at": 1724634921.8179152}
{"obj": {"type": "LogStrings", "path": ["monitoring", "ca52453c", "stdout"], "values": [{"value": "\n", "step": null, "ts": 1724634921.8179152}]}, "version": 884, "at": 1724634921.8179152}
{"obj": {"type": "LogStrings", "path": ["monitoring", "ca52453c", "stdout"], "values": [{"value": "rc=0 , rfov=0 , rd=-2.0229982665086084 , rdir = 0.11000679016113282 , robs= 0 , r_v=0 , r_ang= -1.0573455509681917 , rf=0 ", "step": null, "ts": 1724634921.81994}]}, "version": 885, "at": 1724634921.81994}
{"obj": {"type": "LogStrings", "path": ["monitoring", "ca52453c", "stdout"], "values": [{"value": "\n", "step": null, "ts": 1724634921.81994}]}, "version": 886, "at": 1724634921.81994}
{"obj": {"type": "LogStrings", "path": ["monitoring", "ca52453c", "stdout"], "values": [{"value": "next state ", "step": null, "ts": 1724634921.81994}]}, "version": 887, "at": 1724634921.81994}
{"obj": {"type": "LogStrings", "path": ["monitoring", "ca52453c", "stdout"], "values": [{"value": " ", "step": null, "ts": 1724634921.81994}]}, "version": 888, "at": 1724634921.81994}
{"obj": {"type": "LogStrings", "path": ["monitoring", "ca52453c", "stdout"], "values": [{"value": "[0.048097697893778484, 0.03163648049036662, -0.04809520641962687, 0.045408205191294355, 0.03378755648930867, -0.04844127893447876, 0.5546537669160673, 0.4396624343730254, 0.0007010802999138832, 0.0012396857767929266, 0.0006681084632873535, 0.0018893550354757427, 0.0006690216436982155, 0.0011791097381968557, 15.50033950805664, 15.50033950805664, 15.50033950805664, 15.50033950805664, 15.50033950805664, 15.50033950805664, 15.50033950805664, 15.50033950805664, 15.50033950805664]", "step": null, "ts": 1724634921.81994}]}, "version": 889, "at": 1724634921.81994}
{"obj": {"type": "LogStrings", "path": ["monitoring", "ca52453c", "stdout"], "values": [{"value": "\n", "step": null, "ts": 1724634921.8209321}]}, "version": 890, "at": 1724634921.8209321}
{"obj": {"type": "LogStrings", "path": ["monitoring", "ca52453c", "stdout"], "values": [{"value": "action ", "step": null, "ts": 1724634921.8209321}]}, "version": 891, "at": 1724634921.8209321}
{"obj": {"type": "LogStrings", "path": ["monitoring", "ca52453c", "stdout"], "values": [{"value": " ", "step": null, "ts": 1724634921.8209321}]}, "version": 892, "at": 1724634921.8209321}
{"obj": {"type": "LogStrings", "path": ["monitoring", "ca52453c", "stdout"], "values": [{"value": "98", "step": null, "ts": 1724634921.8209321}]}, "version": 893, "at": 1724634921.8209321}
{"obj": {"type": "LogStrings", "path": ["monitoring", "ca52453c", "stdout"], "values": [{"value": "\n", "step": null, "ts": 1724634921.8219302}]}, "version": 894, "at": 1724634921.8219302}
{"obj": {"type": "LogStrings", "path": ["monitoring", "ca52453c", "stdout"], "values": [{"value": "Drone2 moved with speed vector [6, -4, 0] with duration 2", "step": null, "ts": 1724634921.9580226}]}, "version": 895, "at": 1724634921.9580226}
{"obj": {"type": "LogStrings", "path": ["monitoring", "ca52453c", "stdout"], "values": [{"value": "\n", "step": null, "ts": 1724634921.9591987}]}, "version": 896, "at": 1724634921.9591987}
{"obj": {"type": "LogStrings", "path": ["monitoring", "ca52453c", "stdout"], "values": [{"value": "drone 2 ", "step": null, "ts": 1724634921.9591987}]}, "version": 897, "at": 1724634921.9591987}
{"obj": {"type": "LogStrings", "path": ["monitoring", "ca52453c", "stdout"], "values": [{"value": " ", "step": null, "ts": 1724634921.9591987}]}, "version": 898, "at": 1724634921.9591987}
{"obj": {"type": "LogStrings", "path": ["monitoring", "ca52453c", "stdout"], "values": [{"value": "(9, 0, 0)", "step": null, "ts": 1724634921.9591987}]}, "version": 899, "at": 1724634921.9591987}
{"obj": {"type": "LogStrings", "path": ["monitoring", "ca52453c", "stdout"], "values": [{"value": "\n", "step": null, "ts": 1724634921.9591987}]}, "version": 900, "at": 1724634921.9591987}
{"obj": {"type": "LogStrings", "path": ["monitoring", "ca52453c", "stdout"], "values": [{"value": "Found 1 cylinders in image", "step": null, "ts": 1724634922.4848323}]}, "version": 901, "at": 1724634922.4848323}
{"obj": {"type": "LogStrings", "path": ["monitoring", "ca52453c", "stdout"], "values": [{"value": "\n", "step": null, "ts": 1724634922.4858234}]}, "version": 902, "at": 1724634922.4858234}
{"obj": {"type": "LogStrings", "path": ["monitoring", "ca52453c", "stdout"], "values": [{"value": "new_x = ", "step": null, "ts": 1724634922.489859}]}, "version": 903, "at": 1724634922.489859}
{"obj": {"type": "LogStrings", "path": ["monitoring", "ca52453c", "stdout"], "values": [{"value": " ", "step": null, "ts": 1724634922.49086}]}, "version": 904, "at": 1724634922.49086}
{"obj": {"type": "LogStrings", "path": ["monitoring", "ca52453c", "stdout"], "values": [{"value": "-2.7484750673617686", "step": null, "ts": 1724634922.49086}]}, "version": 905, "at": 1724634922.49086}
{"obj": {"type": "LogStrings", "path": ["monitoring", "ca52453c", "stdout"], "values": [{"value": " ", "step": null, "ts": 1724634922.49086}]}, "version": 906, "at": 1724634922.49086}
{"obj": {"type": "LogStrings", "path": ["monitoring", "ca52453c", "stdout"], "values": [{"value": " new_y = ", "step": null, "ts": 1724634922.49086}]}, "version": 907, "at": 1724634922.49086}
{"obj": {"type": "LogStrings", "path": ["monitoring", "ca52453c", "stdout"], "values": [{"value": " ", "step": null, "ts": 1724634922.49086}]}, "version": 908, "at": 1724634922.4918613}
{"obj": {"type": "LogStrings", "path": ["monitoring", "ca52453c", "stdout"], "values": [{"value": "1.9866545616254192", "step": null, "ts": 1724634922.4918613}]}, "version": 909, "at": 1724634922.4918613}
{"obj": {"type": "LogStrings", "path": ["monitoring", "ca52453c", "stdout"], "values": [{"value": "\n", "step": null, "ts": 1724634922.4918613}]}, "version": 910, "at": 1724634922.4918613}
{"obj": {"type": "LogFloats", "path": ["monitoring", "ca52453c", "cpu"], "values": [{"value": 13.5, "step": null, "ts": 1724634923.1872628}]}, "version": 911, "at": 1724634923.1937757}
{"obj": {"type": "LogFloats", "path": ["monitoring", "ca52453c", "memory"], "values": [{"value": 13.115413665771484, "step": null, "ts": 1724634923.1872628}]}, "version": 912, "at": 1724634923.1937757}
{"obj": {"type": "LogFloats", "path": ["monitoring", "ca52453c", "gpu"], "values": [{"value": 14.0, "step": null, "ts": 1724634923.1872628}]}, "version": 913, "at": 1724634923.1937757}
{"obj": {"type": "LogFloats", "path": ["monitoring", "ca52453c", "gpu_memory"], "values": [{"value": 1.3158149719238281, "step": null, "ts": 1724634923.1872628}]}, "version": 914, "at": 1724634923.1937757}
{"obj": {"type": "LogFloats", "path": ["monitoring", "ca52453c", "gpu_power"], "values": [{"value": 5.919, "step": null, "ts": 1724634923.1872628}]}, "version": 915, "at": 1724634923.1937757}
{"obj": {"type": "LogStrings", "path": ["monitoring", "ca52453c", "stdout"], "values": [{"value": "Drone1 moved with speed vector [-2.7484750673617686, 1.9866545616254192, 0] with duration 1", "step": null, "ts": 1724634923.497817}]}, "version": 916, "at": 1724634923.497817}
{"obj": {"type": "LogStrings", "path": ["monitoring", "ca52453c", "stdout"], "values": [{"value": "\n", "step": null, "ts": 1724634923.4987764}]}, "version": 917, "at": 1724634923.4987764}
{"obj": {"type": "LogStrings", "path": ["monitoring", "ca52453c", "stdout"], "values": [{"value": "rc=0 , rfov=0 , rd=-2.0199903365306926 , rdir = 0.10164886474609376 , robs= 0 , r_v=0 , r_ang= -1.0583190042196144 , rf=0 ", "step": null, "ts": 1724634923.4987764}]}, "version": 918, "at": 1724634923.4987764}
{"obj": {"type": "LogStrings", "path": ["monitoring", "ca52453c", "stdout"], "values": [{"value": "\n", "step": null, "ts": 1724634923.49982}]}, "version": 919, "at": 1724634923.49982}
{"obj": {"type": "LogStrings", "path": ["monitoring", "ca52453c", "stdout"], "values": [{"value": "next state ", "step": null, "ts": 1724634923.49982}]}, "version": 920, "at": 1724634923.49982}
{"obj": {"type": "LogStrings", "path": ["monitoring", "ca52453c", "stdout"], "values": [{"value": " ", "step": null, "ts": 1724634923.49982}]}, "version": 921, "at": 1724634923.49982}
{"obj": {"type": "LogStrings", "path": ["monitoring", "ca52453c", "stdout"], "values": [{"value": "[0.04032236337661743, 0.012005001306533813, -0.047675561904907224, 0.048097697893778484, 0.03163648049036662, -0.04809520641962687, 0.6546054495695307, 0.5546537669160673, 0.0006725665181875229, 0.0011304921868406698, 0.0007010802999138832, 0.0012396857767929266, 0.0006681084632873535, 0.0018893550354757427, 15.082443237304688, 15.082443237304688, 15.082443237304688, 15.082443237304688, 15.082443237304688, 15.082443237304688, 15.082443237304688, 15.082443237304688, 15.082443237304688]", "step": null, "ts": 1724634923.49982}]}, "version": 922, "at": 1724634923.49982}
{"obj": {"type": "LogStrings", "path": ["monitoring", "ca52453c", "stdout"], "values": [{"value": "\n", "step": null, "ts": 1724634923.49982}]}, "version": 923, "at": 1724634923.49982}
{"obj": {"type": "LogStrings", "path": ["monitoring", "ca52453c", "stdout"], "values": [{"value": "action ", "step": null, "ts": 1724634923.49982}]}, "version": 924, "at": 1724634923.49982}
{"obj": {"type": "LogStrings", "path": ["monitoring", "ca52453c", "stdout"], "values": [{"value": " ", "step": null, "ts": 1724634923.49982}]}, "version": 925, "at": 1724634923.49982}
{"obj": {"type": "LogStrings", "path": ["monitoring", "ca52453c", "stdout"], "values": [{"value": "113", "step": null, "ts": 1724634923.49982}]}, "version": 926, "at": 1724634923.49982}
{"obj": {"type": "LogStrings", "path": ["monitoring", "ca52453c", "stdout"], "values": [{"value": "\n", "step": null, "ts": 1724634923.5008197}]}, "version": 927, "at": 1724634923.5008197}
{"obj": {"type": "LogStrings", "path": ["monitoring", "ca52453c", "stdout"], "values": [{"value": "Drone2 moved with speed vector [9, 0, 0] with duration 2", "step": null, "ts": 1724634923.9750113}]}, "version": 928, "at": 1724634923.9750113}
{"obj": {"type": "LogStrings", "path": ["monitoring", "ca52453c", "stdout"], "values": [{"value": "\n", "step": null, "ts": 1724634923.9750113}]}, "version": 929, "at": 1724634923.9750113}
{"obj": {"type": "LogStrings", "path": ["monitoring", "ca52453c", "stdout"], "values": [{"value": "drone 2 ", "step": null, "ts": 1724634923.9760118}]}, "version": 930, "at": 1724634923.9760118}
{"obj": {"type": "LogStrings", "path": ["monitoring", "ca52453c", "stdout"], "values": [{"value": " ", "step": null, "ts": 1724634923.9760118}]}, "version": 931, "at": 1724634923.9760118}
{"obj": {"type": "LogStrings", "path": ["monitoring", "ca52453c", "stdout"], "values": [{"value": "(0, 0, 0)", "step": null, "ts": 1724634923.9760118}]}, "version": 932, "at": 1724634923.9760118}
{"obj": {"type": "LogStrings", "path": ["monitoring", "ca52453c", "stdout"], "values": [{"value": "\n", "step": null, "ts": 1724634923.9760118}]}, "version": 933, "at": 1724634923.9760118}
{"obj": {"type": "LogStrings", "path": ["monitoring", "ca52453c", "stdout"], "values": [{"value": "Found 1 cylinders in image", "step": null, "ts": 1724634924.156257}]}, "version": 934, "at": 1724634924.156257}
{"obj": {"type": "LogStrings", "path": ["monitoring", "ca52453c", "stdout"], "values": [{"value": "\n", "step": null, "ts": 1724634924.1577618}]}, "version": 935, "at": 1724634924.1577618}
{"obj": {"type": "LogStrings", "path": ["monitoring", "ca52453c", "stdout"], "values": [{"value": "new_x = ", "step": null, "ts": 1724634924.1607823}]}, "version": 936, "at": 1724634924.1607823}
{"obj": {"type": "LogStrings", "path": ["monitoring", "ca52453c", "stdout"], "values": [{"value": " ", "step": null, "ts": 1724634924.1607823}]}, "version": 937, "at": 1724634924.1607823}
{"obj": {"type": "LogStrings", "path": ["monitoring", "ca52453c", "stdout"], "values": [{"value": "-0.40458549473537897", "step": null, "ts": 1724634924.1607823}]}, "version": 938, "at": 1724634924.1607823}
{"obj": {"type": "LogStrings", "path": ["monitoring", "ca52453c", "stdout"], "values": [{"value": " ", "step": null, "ts": 1724634924.1607823}]}, "version": 939, "at": 1724634924.1607823}
{"obj": {"type": "LogStrings", "path": ["monitoring", "ca52453c", "stdout"], "values": [{"value": " new_y = ", "step": null, "ts": 1724634924.1607823}]}, "version": 940, "at": 1724634924.1617806}
{"obj": {"type": "LogStrings", "path": ["monitoring", "ca52453c", "stdout"], "values": [{"value": " ", "step": null, "ts": 1724634924.1617806}]}, "version": 941, "at": 1724634924.1617806}
{"obj": {"type": "LogStrings", "path": ["monitoring", "ca52453c", "stdout"], "values": [{"value": "1.0945275127425471", "step": null, "ts": 1724634924.1617806}]}, "version": 942, "at": 1724634924.1617806}
{"obj": {"type": "LogStrings", "path": ["monitoring", "ca52453c", "stdout"], "values": [{"value": "\n", "step": null, "ts": 1724634924.1617806}]}, "version": 943, "at": 1724634924.1617806}
{"obj": {"type": "LogStrings", "path": ["monitoring", "ca52453c", "stdout"], "values": [{"value": "Drone2 moved with speed vector [0, 0, 0] with duration 2", "step": null, "ts": 1724634925.9927866}]}, "version": 944, "at": 1724634925.9927866}
{"obj": {"type": "LogStrings", "path": ["monitoring", "ca52453c", "stdout"], "values": [{"value": "\n", "step": null, "ts": 1724634925.9937873}]}, "version": 945, "at": 1724634925.9937873}
{"obj": {"type": "LogStrings", "path": ["monitoring", "ca52453c", "stdout"], "values": [{"value": "after thread target ", "step": null, "ts": 1724634925.9937873}]}, "version": 946, "at": 1724634925.9937873}
{"obj": {"type": "LogStrings", "path": ["monitoring", "ca52453c", "stdout"], "values": [{"value": " ", "step": null, "ts": 1724634925.9937873}]}, "version": 947, "at": 1724634925.9937873}
{"obj": {"type": "LogStrings", "path": ["monitoring", "ca52453c", "stdout"], "values": [{"value": "1", "step": null, "ts": 1724634925.9937873}]}, "version": 948, "at": 1724634925.9937873}
{"obj": {"type": "LogStrings", "path": ["monitoring", "ca52453c", "stdout"], "values": [{"value": "\n", "step": null, "ts": 1724634925.9937873}]}, "version": 949, "at": 1724634925.9937873}
{"obj": {"type": "LogStrings", "path": ["monitoring", "ca52453c", "stdout"], "values": [{"value": "Drone1 moved with speed vector [-0.40458549473537897, 1.0945275127425471, 0] with duration 2", "step": null, "ts": 1724634926.1771724}]}, "version": 950, "at": 1724634926.1771724}
{"obj": {"type": "LogStrings", "path": ["monitoring", "ca52453c", "stdout"], "values": [{"value": "\n", "step": null, "ts": 1724634926.1776984}]}, "version": 951, "at": 1724634926.1776984}
{"obj": {"type": "LogStrings", "path": ["monitoring", "ca52453c", "stdout"], "values": [{"value": "rc=0 , rfov=0 , rd=-2.012197160923621 , rdir = 0.09793241500854494 , robs= 0 , r_v=0 , r_ang= -1.0627440982587244 , rf=0 ", "step": null, "ts": 1724634926.178703}]}, "version": 952, "at": 1724634926.178703}
{"obj": {"type": "LogStrings", "path": ["monitoring", "ca52453c", "stdout"], "values": [{"value": "\n", "step": null, "ts": 1724634926.178703}]}, "version": 953, "at": 1724634926.178703}
{"obj": {"type": "LogStrings", "path": ["monitoring", "ca52453c", "stdout"], "values": [{"value": "next state ", "step": null, "ts": 1724634926.178703}]}, "version": 954, "at": 1724634926.178703}
{"obj": {"type": "LogStrings", "path": ["monitoring", "ca52453c", "stdout"], "values": [{"value": " ", "step": null, "ts": 1724634926.1797047}]}, "version": 955, "at": 1724634926.1797047}
{"obj": {"type": "LogStrings", "path": ["monitoring", "ca52453c", "stdout"], "values": [{"value": "[0.022811188300450643, 0.02346481680870056, -0.05269804398218791, 0.04032236337661743, 0.012005001306533813, -0.047675561904907224, 0.7155912541876372, 0.6546054495695307, 0.0006862878054380417, 0.0004908821759400545, 0.0006725665181875229, 0.0011304921868406698, 0.0007010802999138832, 0.0012396857767929266, 14.896620750427246, 14.896620750427246, 14.896620750427246, 14.896620750427246, 14.896620750427246, 14.896620750427246, 14.896620750427246, 14.896620750427246, 14.896620750427246]", "step": null, "ts": 1724634926.1797047}]}, "version": 956, "at": 1724634926.1797047}
{"obj": {"type": "LogStrings", "path": ["monitoring", "ca52453c", "stdout"], "values": [{"value": "\n", "step": null, "ts": 1724634926.1797047}]}, "version": 957, "at": 1724634926.1797047}
{"obj": {"type": "LogStrings", "path": ["monitoring", "ca52453c", "stdout"], "values": [{"value": "after thread drone ", "step": null, "ts": 1724634926.1797047}]}, "version": 958, "at": 1724634926.1797047}
{"obj": {"type": "LogStrings", "path": ["monitoring", "ca52453c", "stdout"], "values": [{"value": " ", "step": null, "ts": 1724634926.1797047}]}, "version": 959, "at": 1724634926.1797047}
{"obj": {"type": "LogStrings", "path": ["monitoring", "ca52453c", "stdout"], "values": [{"value": "1", "step": null, "ts": 1724634926.1797047}]}, "version": 960, "at": 1724634926.1797047}
{"obj": {"type": "LogStrings", "path": ["monitoring", "ca52453c", "stdout"], "values": [{"value": "\n", "step": null, "ts": 1724634926.1797047}]}, "version": 961, "at": 1724634926.1797047}
{"obj": {"type": "LogStrings", "path": ["monitoring", "ca52453c", "stdout"], "values": [{"value": "episode ", "step": null, "ts": 1724634926.1797047}]}, "version": 962, "at": 1724634926.1797047}
{"obj": {"type": "LogStrings", "path": ["monitoring", "ca52453c", "stdout"], "values": [{"value": " ", "step": null, "ts": 1724634926.1797047}]}, "version": 963, "at": 1724634926.1807027}
{"obj": {"type": "LogStrings", "path": ["monitoring", "ca52453c", "stdout"], "values": [{"value": "2", "step": null, "ts": 1724634926.1807027}]}, "version": 964, "at": 1724634926.1807027}
{"obj": {"type": "LogStrings", "path": ["monitoring", "ca52453c", "stdout"], "values": [{"value": " ", "step": null, "ts": 1724634926.1807027}]}, "version": 965, "at": 1724634926.1807027}
{"obj": {"type": "LogStrings", "path": ["monitoring", "ca52453c", "stdout"], "values": [{"value": "score -14.9", "step": null, "ts": 1724634926.1807027}]}, "version": 966, "at": 1724634926.1807027}
{"obj": {"type": "LogStrings", "path": ["monitoring", "ca52453c", "stdout"], "values": [{"value": "\n", "step": null, "ts": 1724634926.1807027}]}, "version": 967, "at": 1724634926.1807027}
{"obj": {"type": "LogFloats", "path": ["reward"], "values": [{"value": -14.89741217820567, "step": null, "ts": 1724634926.1807027}]}, "version": 968, "at": 1724634926.1807027}
{"obj": {"type": "LogFloats", "path": ["epsilon"], "values": [{"value": 0.994963853090463, "step": null, "ts": 1724634926.1807027}]}, "version": 969, "at": 1724634926.1807027}
{"obj": {"type": "LogStrings", "path": ["monitoring", "ca52453c", "stdout"], "values": [{"value": "episode ", "step": null, "ts": 1724634926.1807027}]}, "version": 970, "at": 1724634926.1807027}
{"obj": {"type": "LogStrings", "path": ["monitoring", "ca52453c", "stdout"], "values": [{"value": " ", "step": null, "ts": 1724634926.1807027}]}, "version": 971, "at": 1724634926.1807027}
{"obj": {"type": "LogStrings", "path": ["monitoring", "ca52453c", "stdout"], "values": [{"value": "3", "step": null, "ts": 1724634926.1807027}]}, "version": 972, "at": 1724634926.1807027}
{"obj": {"type": "LogStrings", "path": ["monitoring", "ca52453c", "stdout"], "values": [{"value": "\n", "step": null, "ts": 1724634926.1817024}]}, "version": 973, "at": 1724634926.1817024}
{"obj": {"type": "LogStrings", "path": ["monitoring", "ca52453c", "stdout"], "values": [{"value": "reset", "step": null, "ts": 1724634926.1817024}]}, "version": 974, "at": 1724634926.1817024}
{"obj": {"type": "LogStrings", "path": ["monitoring", "ca52453c", "stdout"], "values": [{"value": "\n", "step": null, "ts": 1724634926.1817024}]}, "version": 975, "at": 1724634926.1817024}
{"obj": {"type": "LogStrings", "path": ["monitoring", "ca52453c", "stdout"], "values": [{"value": "Found 1 cylinders in image", "step": null, "ts": 1724634927.1847024}]}, "version": 976, "at": 1724634927.1847024}
{"obj": {"type": "LogStrings", "path": ["monitoring", "ca52453c", "stdout"], "values": [{"value": "\n", "step": null, "ts": 1724634927.1857038}]}, "version": 977, "at": 1724634927.1857038}
{"obj": {"type": "LogFloats", "path": ["monitoring", "ca52453c", "cpu"], "values": [{"value": 12.3, "step": null, "ts": 1724634933.2070005}]}, "version": 978, "at": 1724634933.2195525}
{"obj": {"type": "LogFloats", "path": ["monitoring", "ca52453c", "memory"], "values": [{"value": 13.123332977294922, "step": null, "ts": 1724634933.2070005}]}, "version": 979, "at": 1724634933.2195525}
{"obj": {"type": "LogFloats", "path": ["monitoring", "ca52453c", "gpu_memory"], "values": [{"value": 1.3158149719238281, "step": null, "ts": 1724634933.2070005}]}, "version": 980, "at": 1724634933.2195525}
{"obj": {"type": "LogFloats", "path": ["monitoring", "ca52453c", "gpu_power"], "values": [{"value": 5.166, "step": null, "ts": 1724634933.2070005}]}, "version": 981, "at": 1724634933.2195525}
{"obj": {"type": "LogStrings", "path": ["monitoring", "ca52453c", "stdout"], "values": [{"value": "Drone1 moved with speed vector [1, 0, 0] with duration 2", "step": null, "ts": 1724634936.0656846}]}, "version": 982, "at": 1724634936.0656846}
{"obj": {"type": "LogStrings", "path": ["monitoring", "ca52453c", "stdout"], "values": [{"value": "\n", "step": null, "ts": 1724634936.0671928}]}, "version": 983, "at": 1724634936.0671928}
{"obj": {"type": "LogStrings", "path": ["monitoring", "ca52453c", "stdout"], "values": [{"value": "before threads ", "step": null, "ts": 1724634936.0671928}]}, "version": 984, "at": 1724634936.0671928}
{"obj": {"type": "LogStrings", "path": ["monitoring", "ca52453c", "stdout"], "values": [{"value": " ", "step": null, "ts": 1724634936.0677283}]}, "version": 985, "at": 1724634936.0677283}
{"obj": {"type": "LogStrings", "path": ["monitoring", "ca52453c", "stdout"], "values": [{"value": "0", "step": null, "ts": 1724634936.0677283}]}, "version": 986, "at": 1724634936.0677283}
{"obj": {"type": "LogStrings", "path": ["monitoring", "ca52453c", "stdout"], "values": [{"value": "\n", "step": null, "ts": 1724634936.0677283}]}, "version": 987, "at": 1724634936.0677283}
{"obj": {"type": "LogStrings", "path": ["monitoring", "ca52453c", "stdout"], "values": [{"value": "drone 2 ", "step": null, "ts": 1724634936.0687401}]}, "version": 988, "at": 1724634936.0687401}
{"obj": {"type": "LogStrings", "path": ["monitoring", "ca52453c", "stdout"], "values": [{"value": " ", "step": null, "ts": 1724634936.0689294}]}, "version": 989, "at": 1724634936.0689294}
{"obj": {"type": "LogStrings", "path": ["monitoring", "ca52453c", "stdout"], "values": [{"value": "(3, 0, 0)", "step": null, "ts": 1724634936.0697505}]}, "version": 990, "at": 1724634936.0697505}
{"obj": {"type": "LogStrings", "path": ["monitoring", "ca52453c", "stdout"], "values": [{"value": "\n", "step": null, "ts": 1724634936.0697505}]}, "version": 991, "at": 1724634936.0697505}
{"obj": {"type": "LogStrings", "path": ["monitoring", "ca52453c", "stdout"], "values": [{"value": "action ", "step": null, "ts": 1724634936.0697505}]}, "version": 992, "at": 1724634936.0697505}
{"obj": {"type": "LogStrings", "path": ["monitoring", "ca52453c", "stdout"], "values": [{"value": " ", "step": null, "ts": 1724634936.070749}]}, "version": 993, "at": 1724634936.070749}
{"obj": {"type": "LogStrings", "path": ["monitoring", "ca52453c", "stdout"], "values": [{"value": "45", "step": null, "ts": 1724634936.070749}]}, "version": 994, "at": 1724634936.070749}
{"obj": {"type": "LogStrings", "path": ["monitoring", "ca52453c", "stdout"], "values": [{"value": "\n", "step": null, "ts": 1724634936.071747}]}, "version": 995, "at": 1724634936.071747}
{"obj": {"type": "LogStrings", "path": ["monitoring", "ca52453c", "stdout"], "values": [{"value": "Found 0 cylinders in image", "step": null, "ts": 1724634936.1786351}]}, "version": 996, "at": 1724634936.1786351}
{"obj": {"type": "LogStrings", "path": ["monitoring", "ca52453c", "stdout"], "values": [{"value": "\n", "step": null, "ts": 1724634936.179648}]}, "version": 997, "at": 1724634936.179648}
{"obj": {"type": "LogStrings", "path": ["monitoring", "ca52453c", "stdout"], "values": [{"value": "new_x = ", "step": null, "ts": 1724634936.1826444}]}, "version": 998, "at": 1724634936.1826444}
{"obj": {"type": "LogStrings", "path": ["monitoring", "ca52453c", "stdout"], "values": [{"value": " ", "step": null, "ts": 1724634936.1836472}]}, "version": 999, "at": 1724634936.1836472}
{"obj": {"type": "LogStrings", "path": ["monitoring", "ca52453c", "stdout"], "values": [{"value": "0.12551073029064452", "step": null, "ts": 1724634936.1836472}]}, "version": 1000, "at": 1724634936.1836472}
{"obj": {"type": "LogStrings", "path": ["monitoring", "ca52453c", "stdout"], "values": [{"value": " ", "step": null, "ts": 1724634936.1836472}]}, "version": 1001, "at": 1724634936.1836472}
{"obj": {"type": "LogStrings", "path": ["monitoring", "ca52453c", "stdout"], "values": [{"value": " new_y = ", "step": null, "ts": 1724634936.1836472}]}, "version": 1002, "at": 1724634936.1836472}
{"obj": {"type": "LogStrings", "path": ["monitoring", "ca52453c", "stdout"], "values": [{"value": " ", "step": null, "ts": 1724634936.1836472}]}, "version": 1003, "at": 1724634936.1836472}
{"obj": {"type": "LogStrings", "path": ["monitoring", "ca52453c", "stdout"], "values": [{"value": "0.02436483401896228", "step": null, "ts": 1724634936.1836472}]}, "version": 1004, "at": 1724634936.1836472}
{"obj": {"type": "LogStrings", "path": ["monitoring", "ca52453c", "stdout"], "values": [{"value": "\n", "step": null, "ts": 1724634936.1846437}]}, "version": 1005, "at": 1724634936.1846437}
{"obj": {"type": "LogStrings", "path": ["monitoring", "ca52453c", "stdout"], "values": [{"value": "Drone1 moved with speed vector [0.12551073029064452, 0.02436483401896228, 0] with duration 1", "step": null, "ts": 1724634937.2118907}]}, "version": 1006, "at": 1724634937.2118907}
{"obj": {"type": "LogStrings", "path": ["monitoring", "ca52453c", "stdout"], "values": [{"value": "\n", "step": null, "ts": 1724634937.2118907}]}, "version": 1007, "at": 1724634937.2118907}
{"obj": {"type": "LogStrings", "path": ["monitoring", "ca52453c", "stdout"], "values": [{"value": "Collision detected for drone Drone1", "step": null, "ts": 1724634937.2128937}]}, "version": 1008, "at": 1724634937.2128937}
{"obj": {"type": "LogStrings", "path": ["monitoring", "ca52453c", "stdout"], "values": [{"value": "\n", "step": null, "ts": 1724634937.2128937}]}, "version": 1009, "at": 1724634937.2128937}
{"obj": {"type": "LogStrings", "path": ["monitoring", "ca52453c", "stdout"], "values": [{"value": "Nom de l'objet: beam_metal_window_divider_4x1129", "step": null, "ts": 1724634937.2128937}]}, "version": 1010, "at": 1724634937.2128937}
{"obj": {"type": "LogStrings", "path": ["monitoring", "ca52453c", "stdout"], "values": [{"value": "\n", "step": null, "ts": 1724634937.213894}]}, "version": 1011, "at": 1724634937.213894}
{"obj": {"type": "LogStrings", "path": ["monitoring", "ca52453c", "stdout"], "values": [{"value": "rc=-50 , rfov=-10 , rd=0.0 , rdir = 0.10088029861450197 , robs= 0 , r_v=-0.07241209147102322 , r_ang= 0 , rf=-50 ", "step": null, "ts": 1724634937.214891}]}, "version": 1012, "at": 1724634937.214891}
{"obj": {"type": "LogStrings", "path": ["monitoring", "ca52453c", "stdout"], "values": [{"value": "\n", "step": null, "ts": 1724634937.2158995}]}, "version": 1013, "at": 1724634937.2158995}
{"obj": {"type": "LogStrings", "path": ["monitoring", "ca52453c", "stdout"], "values": [{"value": "next state ", "step": null, "ts": 1724634937.2158995}]}, "version": 1014, "at": 1724634937.2158995}
{"obj": {"type": "LogStrings", "path": ["monitoring", "ca52453c", "stdout"], "values": [{"value": " ", "step": null, "ts": 1724634937.2158995}]}, "version": 1015, "at": 1724634937.2158995}
{"obj": {"type": "LogStrings", "path": ["monitoring", "ca52453c", "stdout"], "values": [{"value": "[6.189686246216297e-06, -1.6437089387613852e-16, -0.035360483328501384, 0.0, 0.0, 0.0016206507881482443, -1, 0.10715464834576387, -1, -1, 0.000781249962747097, 0.0013950416188181184, 0.0006862878054380417, 0.0004908821759400545, 15.044014930725098, 15.044014930725098, 15.044014930725098, 15.044014930725098, 15.044014930725098, 15.044014930725098, 15.044014930725098, 15.044014930725098, 15.044014930725098]", "step": null, "ts": 1724634937.2158995}]}, "version": 1016, "at": 1724634937.2158995}
{"obj": {"type": "LogStrings", "path": ["monitoring", "ca52453c", "stdout"], "values": [{"value": "\n", "step": null, "ts": 1724634937.2178993}]}, "version": 1017, "at": 1724634937.2178993}
{"obj": {"type": "LogStrings", "path": ["monitoring", "ca52453c", "stdout"], "values": [{"value": "Drone2 moved with speed vector [3, 0, 0] with duration 2", "step": null, "ts": 1724634938.1309364}]}, "version": 1018, "at": 1724634938.1309364}
{"obj": {"type": "LogStrings", "path": ["monitoring", "ca52453c", "stdout"], "values": [{"value": "\n", "step": null, "ts": 1724634938.1319401}]}, "version": 1019, "at": 1724634938.1319401}
{"obj": {"type": "LogStrings", "path": ["monitoring", "ca52453c", "stdout"], "values": [{"value": "drone 2 ", "step": null, "ts": 1724634938.1319401}]}, "version": 1020, "at": 1724634938.1319401}
{"obj": {"type": "LogStrings", "path": ["monitoring", "ca52453c", "stdout"], "values": [{"value": " ", "step": null, "ts": 1724634938.1329389}]}, "version": 1021, "at": 1724634938.1329389}
{"obj": {"type": "LogStrings", "path": ["monitoring", "ca52453c", "stdout"], "values": [{"value": "(3, 2, 0)", "step": null, "ts": 1724634938.1329389}]}, "version": 1022, "at": 1724634938.1329389}
{"obj": {"type": "LogStrings", "path": ["monitoring", "ca52453c", "stdout"], "values": [{"value": "\n", "step": null, "ts": 1724634938.1329389}]}, "version": 1023, "at": 1724634938.1329389}
{"obj": {"type": "LogStrings", "path": ["monitoring", "ca52453c", "stdout"], "values": [{"value": "Drone2 moved with speed vector [3, 2, 0] with duration 2", "step": null, "ts": 1724634940.1816728}]}, "version": 1024, "at": 1724634940.1816728}
{"obj": {"type": "LogStrings", "path": ["monitoring", "ca52453c", "stdout"], "values": [{"value": "\n", "step": null, "ts": 1724634940.1816728}]}, "version": 1025, "at": 1724634940.1816728}
{"obj": {"type": "LogStrings", "path": ["monitoring", "ca52453c", "stdout"], "values": [{"value": "drone 2 ", "step": null, "ts": 1724634940.1816728}]}, "version": 1026, "at": 1724634940.1816728}
{"obj": {"type": "LogStrings", "path": ["monitoring", "ca52453c", "stdout"], "values": [{"value": " ", "step": null, "ts": 1724634940.1816728}]}, "version": 1027, "at": 1724634940.1816728}
{"obj": {"type": "LogStrings", "path": ["monitoring", "ca52453c", "stdout"], "values": [{"value": "(6, 0, 0)", "step": null, "ts": 1724634940.1827333}]}, "version": 1028, "at": 1724634940.1827333}
{"obj": {"type": "LogStrings", "path": ["monitoring", "ca52453c", "stdout"], "values": [{"value": "\n", "step": null, "ts": 1724634940.1827333}]}, "version": 1029, "at": 1724634940.1827333}
{"obj": {"type": "LogStrings", "path": ["monitoring", "ca52453c", "stdout"], "values": [{"value": "Drone2 moved with speed vector [6, 0, 0] with duration 2", "step": null, "ts": 1724634942.2296662}]}, "version": 1030, "at": 1724634942.2296662}
{"obj": {"type": "LogStrings", "path": ["monitoring", "ca52453c", "stdout"], "values": [{"value": "\n", "step": null, "ts": 1724634942.230673}]}, "version": 1031, "at": 1724634942.230673}
{"obj": {"type": "LogStrings", "path": ["monitoring", "ca52453c", "stdout"], "values": [{"value": "drone 2 ", "step": null, "ts": 1724634942.230673}]}, "version": 1032, "at": 1724634942.230673}
{"obj": {"type": "LogStrings", "path": ["monitoring", "ca52453c", "stdout"], "values": [{"value": " ", "step": null, "ts": 1724634942.2327762}]}, "version": 1033, "at": 1724634942.2327762}
{"obj": {"type": "LogStrings", "path": ["monitoring", "ca52453c", "stdout"], "values": [{"value": "(6, -4, 0)", "step": null, "ts": 1724634942.233719}]}, "version": 1034, "at": 1724634942.233719}
{"obj": {"type": "LogStrings", "path": ["monitoring", "ca52453c", "stdout"], "values": [{"value": "\n", "step": null, "ts": 1724634942.233719}]}, "version": 1035, "at": 1724634942.233719}
{"obj": {"type": "LogFloats", "path": ["monitoring", "ca52453c", "cpu"], "values": [{"value": 20.2, "step": null, "ts": 1724634943.2227736}]}, "version": 1036, "at": 1724634943.2371576}
{"obj": {"type": "LogFloats", "path": ["monitoring", "ca52453c", "memory"], "values": [{"value": 13.16176986694336, "step": null, "ts": 1724634943.2227736}]}, "version": 1037, "at": 1724634943.2371576}
{"obj": {"type": "LogFloats", "path": ["monitoring", "ca52453c", "gpu_memory"], "values": [{"value": 1.3150215148925781, "step": null, "ts": 1724634943.2227736}]}, "version": 1038, "at": 1724634943.2376642}
{"obj": {"type": "LogFloats", "path": ["monitoring", "ca52453c", "gpu_power"], "values": [{"value": 5.957, "step": null, "ts": 1724634943.2227736}]}, "version": 1039, "at": 1724634943.23796}
{"obj": {"type": "LogStrings", "path": ["monitoring", "ca52453c", "stdout"], "values": [{"value": "Drone2 moved with speed vector [6, -4, 0] with duration 2", "step": null, "ts": 1724634944.2527232}]}, "version": 1040, "at": 1724634944.2527232}
{"obj": {"type": "LogStrings", "path": ["monitoring", "ca52453c", "stdout"], "values": [{"value": "\n", "step": null, "ts": 1724634944.2527232}]}, "version": 1041, "at": 1724634944.2527232}
{"obj": {"type": "LogStrings", "path": ["monitoring", "ca52453c", "stdout"], "values": [{"value": "drone 2 ", "step": null, "ts": 1724634944.2537234}]}, "version": 1042, "at": 1724634944.2537234}
{"obj": {"type": "LogStrings", "path": ["monitoring", "ca52453c", "stdout"], "values": [{"value": " ", "step": null, "ts": 1724634944.2537234}]}, "version": 1043, "at": 1724634944.2537234}
{"obj": {"type": "LogStrings", "path": ["monitoring", "ca52453c", "stdout"], "values": [{"value": "(12, 0, 0)", "step": null, "ts": 1724634944.2537234}]}, "version": 1044, "at": 1724634944.2537234}
{"obj": {"type": "LogStrings", "path": ["monitoring", "ca52453c", "stdout"], "values": [{"value": "\n", "step": null, "ts": 1724634944.2547238}]}, "version": 1045, "at": 1724634944.2547238}
{"obj": {"type": "LogStrings", "path": ["monitoring", "ca52453c", "stdout"], "values": [{"value": "Drone2 moved with speed vector [12, 0, 0] with duration 2", "step": null, "ts": 1724634946.2715025}]}, "version": 1046, "at": 1724634946.2715025}
{"obj": {"type": "LogStrings", "path": ["monitoring", "ca52453c", "stdout"], "values": [{"value": "\n", "step": null, "ts": 1724634946.2724967}]}, "version": 1047, "at": 1724634946.2724967}
{"obj": {"type": "LogStrings", "path": ["monitoring", "ca52453c", "stdout"], "values": [{"value": "drone 2 ", "step": null, "ts": 1724634946.2724967}]}, "version": 1048, "at": 1724634946.2724967}
{"obj": {"type": "LogStrings", "path": ["monitoring", "ca52453c", "stdout"], "values": [{"value": " ", "step": null, "ts": 1724634946.2724967}]}, "version": 1049, "at": 1724634946.2724967}
{"obj": {"type": "LogStrings", "path": ["monitoring", "ca52453c", "stdout"], "values": [{"value": "(3, 2, 0)", "step": null, "ts": 1724634946.2734985}]}, "version": 1050, "at": 1724634946.2734985}
{"obj": {"type": "LogStrings", "path": ["monitoring", "ca52453c", "stdout"], "values": [{"value": "\n", "step": null, "ts": 1724634946.274493}]}, "version": 1051, "at": 1724634946.274493}
{"obj": {"type": "LogStrings", "path": ["monitoring", "ca52453c", "stdout"], "values": [{"value": "Drone2 moved with speed vector [3, 2, 0] with duration 2", "step": null, "ts": 1724634948.324932}]}, "version": 1052, "at": 1724634948.324932}
{"obj": {"type": "LogStrings", "path": ["monitoring", "ca52453c", "stdout"], "values": [{"value": "\n", "step": null, "ts": 1724634948.324932}]}, "version": 1053, "at": 1724634948.324932}
{"obj": {"type": "LogStrings", "path": ["monitoring", "ca52453c", "stdout"], "values": [{"value": "drone 2 ", "step": null, "ts": 1724634948.3259258}]}, "version": 1054, "at": 1724634948.3259258}
{"obj": {"type": "LogStrings", "path": ["monitoring", "ca52453c", "stdout"], "values": [{"value": " ", "step": null, "ts": 1724634948.3259258}]}, "version": 1055, "at": 1724634948.3259258}
{"obj": {"type": "LogStrings", "path": ["monitoring", "ca52453c", "stdout"], "values": [{"value": "(6, 0, 0)", "step": null, "ts": 1724634948.326928}]}, "version": 1056, "at": 1724634948.3274984}
{"obj": {"type": "LogStrings", "path": ["monitoring", "ca52453c", "stdout"], "values": [{"value": "\n", "step": null, "ts": 1724634948.3274984}]}, "version": 1057, "at": 1724634948.3274984}
{"obj": {"type": "LogStrings", "path": ["monitoring", "ca52453c", "stdout"], "values": [{"value": "Drone2 moved with speed vector [6, 0, 0] with duration 2", "step": null, "ts": 1724634950.3723538}]}, "version": 1058, "at": 1724634950.373353}
{"obj": {"type": "LogStrings", "path": ["monitoring", "ca52453c", "stdout"], "values": [{"value": "\n", "step": null, "ts": 1724634950.373353}]}, "version": 1059, "at": 1724634950.373353}
{"obj": {"type": "LogStrings", "path": ["monitoring", "ca52453c", "stdout"], "values": [{"value": "drone 2 ", "step": null, "ts": 1724634950.373353}]}, "version": 1060, "at": 1724634950.373353}
{"obj": {"type": "LogStrings", "path": ["monitoring", "ca52453c", "stdout"], "values": [{"value": " ", "step": null, "ts": 1724634950.374352}]}, "version": 1061, "at": 1724634950.374352}
{"obj": {"type": "LogStrings", "path": ["monitoring", "ca52453c", "stdout"], "values": [{"value": "(6, -4, 0)", "step": null, "ts": 1724634950.374352}]}, "version": 1062, "at": 1724634950.374352}
{"obj": {"type": "LogStrings", "path": ["monitoring", "ca52453c", "stdout"], "values": [{"value": "\n", "step": null, "ts": 1724634950.374352}]}, "version": 1063, "at": 1724634950.374352}
{"obj": {"type": "LogStrings", "path": ["monitoring", "ca52453c", "stdout"], "values": [{"value": "Drone2 moved with speed vector [6, -4, 0] with duration 2", "step": null, "ts": 1724634952.417112}]}, "version": 1064, "at": 1724634952.417112}
{"obj": {"type": "LogStrings", "path": ["monitoring", "ca52453c", "stdout"], "values": [{"value": "\n", "step": null, "ts": 1724634952.4176185}]}, "version": 1065, "at": 1724634952.4176185}
{"obj": {"type": "LogStrings", "path": ["monitoring", "ca52453c", "stdout"], "values": [{"value": "drone 2 ", "step": null, "ts": 1724634952.4176185}]}, "version": 1066, "at": 1724634952.4176185}
{"obj": {"type": "LogStrings", "path": ["monitoring", "ca52453c", "stdout"], "values": [{"value": " ", "step": null, "ts": 1724634952.4176185}]}, "version": 1067, "at": 1724634952.4176185}
{"obj": {"type": "LogStrings", "path": ["monitoring", "ca52453c", "stdout"], "values": [{"value": "(9, 0, 0)", "step": null, "ts": 1724634952.4186256}]}, "version": 1068, "at": 1724634952.4186256}
{"obj": {"type": "LogStrings", "path": ["monitoring", "ca52453c", "stdout"], "values": [{"value": "\n", "step": null, "ts": 1724634952.4186256}]}, "version": 1069, "at": 1724634952.4186256}
{"obj": {"type": "LogFloats", "path": ["monitoring", "ca52453c", "cpu"], "values": [{"value": 15.8, "step": null, "ts": 1724634953.2475343}]}, "version": 1070, "at": 1724634953.264522}
{"obj": {"type": "LogFloats", "path": ["monitoring", "ca52453c", "memory"], "values": [{"value": 13.082382202148438, "step": null, "ts": 1724634953.2475343}]}, "version": 1071, "at": 1724634953.2655158}
{"obj": {"type": "LogFloats", "path": ["monitoring", "ca52453c", "gpu"], "values": [{"value": 38.0, "step": null, "ts": 1724634953.2475343}]}, "version": 1072, "at": 1724634953.2655158}
{"obj": {"type": "LogFloats", "path": ["monitoring", "ca52453c", "gpu_memory"], "values": [{"value": 1.3150215148925781, "step": null, "ts": 1724634953.2475343}]}, "version": 1073, "at": 1724634953.2655158}
{"obj": {"type": "LogFloats", "path": ["monitoring", "ca52453c", "gpu_power"], "values": [{"value": 15.773, "step": null, "ts": 1724634953.2475343}]}, "version": 1074, "at": 1724634953.2655158}
{"obj": {"type": "LogStrings", "path": ["monitoring", "ca52453c", "stdout"], "values": [{"value": "Drone2 moved with speed vector [9, 0, 0] with duration 2", "step": null, "ts": 1724634954.4536233}]}, "version": 1075, "at": 1724634954.4536233}
{"obj": {"type": "LogStrings", "path": ["monitoring", "ca52453c", "stdout"], "values": [{"value": "\n", "step": null, "ts": 1724634954.4536233}]}, "version": 1076, "at": 1724634954.4536233}
{"obj": {"type": "LogStrings", "path": ["monitoring", "ca52453c", "stdout"], "values": [{"value": "drone 2 ", "step": null, "ts": 1724634954.4546247}]}, "version": 1077, "at": 1724634954.4546247}
{"obj": {"type": "LogStrings", "path": ["monitoring", "ca52453c", "stdout"], "values": [{"value": " ", "step": null, "ts": 1724634954.4546247}]}, "version": 1078, "at": 1724634954.4546247}
{"obj": {"type": "LogStrings", "path": ["monitoring", "ca52453c", "stdout"], "values": [{"value": "(0, 0, 0)", "step": null, "ts": 1724634954.4546247}]}, "version": 1079, "at": 1724634954.4546247}
{"obj": {"type": "LogStrings", "path": ["monitoring", "ca52453c", "stdout"], "values": [{"value": "\n", "step": null, "ts": 1724634954.455627}]}, "version": 1080, "at": 1724634954.455627}
{"obj": {"type": "LogStrings", "path": ["monitoring", "ca52453c", "stdout"], "values": [{"value": "Drone2 moved with speed vector [0, 0, 0] with duration 2", "step": null, "ts": 1724634956.4894972}]}, "version": 1081, "at": 1724634956.4894972}
{"obj": {"type": "LogStrings", "path": ["monitoring", "ca52453c", "stdout"], "values": [{"value": "\n", "step": null, "ts": 1724634956.4905002}]}, "version": 1082, "at": 1724634956.4905002}
{"obj": {"type": "LogStrings", "path": ["monitoring", "ca52453c", "stdout"], "values": [{"value": "after thread target ", "step": null, "ts": 1724634956.4905002}]}, "version": 1083, "at": 1724634956.4905002}
{"obj": {"type": "LogStrings", "path": ["monitoring", "ca52453c", "stdout"], "values": [{"value": " ", "step": null, "ts": 1724634956.4905002}]}, "version": 1084, "at": 1724634956.4905002}
{"obj": {"type": "LogStrings", "path": ["monitoring", "ca52453c", "stdout"], "values": [{"value": "1", "step": null, "ts": 1724634956.4905002}]}, "version": 1085, "at": 1724634956.4905002}
{"obj": {"type": "LogStrings", "path": ["monitoring", "ca52453c", "stdout"], "values": [{"value": "\n", "step": null, "ts": 1724634956.4905002}]}, "version": 1086, "at": 1724634956.4905002}
{"obj": {"type": "LogStrings", "path": ["monitoring", "ca52453c", "stdout"], "values": [{"value": "after thread drone ", "step": null, "ts": 1724634956.4905002}]}, "version": 1087, "at": 1724634956.4905002}
{"obj": {"type": "LogStrings", "path": ["monitoring", "ca52453c", "stdout"], "values": [{"value": " ", "step": null, "ts": 1724634956.4905002}]}, "version": 1088, "at": 1724634956.4905002}
{"obj": {"type": "LogStrings", "path": ["monitoring", "ca52453c", "stdout"], "values": [{"value": "1", "step": null, "ts": 1724634956.491497}]}, "version": 1089, "at": 1724634956.491497}
{"obj": {"type": "LogStrings", "path": ["monitoring", "ca52453c", "stdout"], "values": [{"value": "\n", "step": null, "ts": 1724634956.491497}]}, "version": 1090, "at": 1724634956.491497}
{"obj": {"type": "LogFloats", "path": ["reward"], "values": [{"value": -109.97153179285652, "step": null, "ts": 1724634956.4924965}]}, "version": 1091, "at": 1724634956.4924965}
{"obj": {"type": "LogFloats", "path": ["epsilon"], "values": [{"value": 0.9932908370067983, "step": null, "ts": 1724634956.4934957}]}, "version": 1092, "at": 1724634956.4934957}
{"obj": {"type": "LogStrings", "path": ["monitoring", "ca52453c", "stdout"], "values": [{"value": "episode ", "step": null, "ts": 1724634956.4934957}]}, "version": 1093, "at": 1724634956.4934957}
{"obj": {"type": "LogStrings", "path": ["monitoring", "ca52453c", "stdout"], "values": [{"value": " ", "step": null, "ts": 1724634956.4934957}]}, "version": 1094, "at": 1724634956.4934957}
{"obj": {"type": "LogStrings", "path": ["monitoring", "ca52453c", "stdout"], "values": [{"value": "4", "step": null, "ts": 1724634956.4934957}]}, "version": 1095, "at": 1724634956.4934957}
{"obj": {"type": "LogStrings", "path": ["monitoring", "ca52453c", "stdout"], "values": [{"value": "\n", "step": null, "ts": 1724634956.4944947}]}, "version": 1096, "at": 1724634956.4944947}
{"obj": {"type": "LogStrings", "path": ["monitoring", "ca52453c", "stdout"], "values": [{"value": "reset", "step": null, "ts": 1724634956.4944947}]}, "version": 1097, "at": 1724634956.4944947}
{"obj": {"type": "LogStrings", "path": ["monitoring", "ca52453c", "stdout"], "values": [{"value": "\n", "step": null, "ts": 1724634956.4978158}]}, "version": 1098, "at": 1724634956.4988253}
{"obj": {"type": "LogStrings", "path": ["monitoring", "ca52453c", "stdout"], "values": [{"value": "Found 1 cylinders in image", "step": null, "ts": 1724634956.609692}]}, "version": 1099, "at": 1724634956.609692}
{"obj": {"type": "LogStrings", "path": ["monitoring", "ca52453c", "stdout"], "values": [{"value": "\n", "step": null, "ts": 1724634956.6115687}]}, "version": 1100, "at": 1724634956.6115687}
{"obj": {"type": "LogStrings", "path": ["monitoring", "ca52453c", "stdout"], "values": [{"value": "Drone1 moved with speed vector [1, 0, 0] with duration 2", "step": null, "ts": 1724634962.631662}]}, "version": 1101, "at": 1724634962.631662}
{"obj": {"type": "LogStrings", "path": ["monitoring", "ca52453c", "stdout"], "values": [{"value": "\n", "step": null, "ts": 1724634962.631662}]}, "version": 1102, "at": 1724634962.631662}
{"obj": {"type": "LogStrings", "path": ["monitoring", "ca52453c", "stdout"], "values": [{"value": "before threads ", "step": null, "ts": 1724634962.6326628}]}, "version": 1103, "at": 1724634962.6326628}
{"obj": {"type": "LogStrings", "path": ["monitoring", "ca52453c", "stdout"], "values": [{"value": " ", "step": null, "ts": 1724634962.6326628}]}, "version": 1104, "at": 1724634962.6326628}
{"obj": {"type": "LogStrings", "path": ["monitoring", "ca52453c", "stdout"], "values": [{"value": "0", "step": null, "ts": 1724634962.6326628}]}, "version": 1105, "at": 1724634962.6326628}
{"obj": {"type": "LogStrings", "path": ["monitoring", "ca52453c", "stdout"], "values": [{"value": "\n", "step": null, "ts": 1724634962.6326628}]}, "version": 1106, "at": 1724634962.6326628}
{"obj": {"type": "LogStrings", "path": ["monitoring", "ca52453c", "stdout"], "values": [{"value": "drone 2 ", "step": null, "ts": 1724634962.6326628}]}, "version": 1107, "at": 1724634962.6326628}
{"obj": {"type": "LogStrings", "path": ["monitoring", "ca52453c", "stdout"], "values": [{"value": " ", "step": null, "ts": 1724634962.633668}]}, "version": 1108, "at": 1724634962.633668}
{"obj": {"type": "LogStrings", "path": ["monitoring", "ca52453c", "stdout"], "values": [{"value": "(3, 0, 0)", "step": null, "ts": 1724634962.633668}]}, "version": 1109, "at": 1724634962.633668}
{"obj": {"type": "LogStrings", "path": ["monitoring", "ca52453c", "stdout"], "values": [{"value": "\n", "step": null, "ts": 1724634962.6356614}]}, "version": 1110, "at": 1724634962.6356614}
{"obj": {"type": "LogStrings", "path": ["monitoring", "ca52453c", "stdout"], "values": [{"value": "action ", "step": null, "ts": 1724634962.6356614}]}, "version": 1111, "at": 1724634962.6356614}
{"obj": {"type": "LogStrings", "path": ["monitoring", "ca52453c", "stdout"], "values": [{"value": " ", "step": null, "ts": 1724634962.6356614}]}, "version": 1112, "at": 1724634962.6356614}
{"obj": {"type": "LogStrings", "path": ["monitoring", "ca52453c", "stdout"], "values": [{"value": "169", "step": null, "ts": 1724634962.6356614}]}, "version": 1113, "at": 1724634962.6356614}
{"obj": {"type": "LogStrings", "path": ["monitoring", "ca52453c", "stdout"], "values": [{"value": "\n", "step": null, "ts": 1724634962.6356614}]}, "version": 1114, "at": 1724634962.6356614}
{"obj": {"type": "LogStrings", "path": ["monitoring", "ca52453c", "stdout"], "values": [{"value": "Found 1 cylinders in image", "step": null, "ts": 1724634962.7348256}]}, "version": 1115, "at": 1724634962.7348256}
{"obj": {"type": "LogStrings", "path": ["monitoring", "ca52453c", "stdout"], "values": [{"value": "\n", "step": null, "ts": 1724634962.7368224}]}, "version": 1116, "at": 1724634962.7368224}
{"obj": {"type": "LogStrings", "path": ["monitoring", "ca52453c", "stdout"], "values": [{"value": "new_x = ", "step": null, "ts": 1724634962.741348}]}, "version": 1117, "at": 1724634962.741348}
{"obj": {"type": "LogStrings", "path": ["monitoring", "ca52453c", "stdout"], "values": [{"value": " ", "step": null, "ts": 1724634962.742349}]}, "version": 1118, "at": 1724634962.742349}
{"obj": {"type": "LogStrings", "path": ["monitoring", "ca52453c", "stdout"], "values": [{"value": "0.06713086878713294", "step": null, "ts": 1724634962.7433531}]}, "version": 1119, "at": 1724634962.7433531}
{"obj": {"type": "LogStrings", "path": ["monitoring", "ca52453c", "stdout"], "values": [{"value": " ", "step": null, "ts": 1724634962.7433531}]}, "version": 1120, "at": 1724634962.7433531}
{"obj": {"type": "LogStrings", "path": ["monitoring", "ca52453c", "stdout"], "values": [{"value": " new_y = ", "step": null, "ts": 1724634962.7433531}]}, "version": 1121, "at": 1724634962.7433531}
{"obj": {"type": "LogStrings", "path": ["monitoring", "ca52453c", "stdout"], "values": [{"value": " ", "step": null, "ts": 1724634962.7433531}]}, "version": 1122, "at": 1724634962.7433531}
{"obj": {"type": "LogStrings", "path": ["monitoring", "ca52453c", "stdout"], "values": [{"value": "-0.42999544812136414", "step": null, "ts": 1724634962.7433531}]}, "version": 1123, "at": 1724634962.7433531}
{"obj": {"type": "LogStrings", "path": ["monitoring", "ca52453c", "stdout"], "values": [{"value": "\n", "step": null, "ts": 1724634962.7433531}]}, "version": 1124, "at": 1724634962.7433531}
{"obj": {"type": "LogFloats", "path": ["monitoring", "ca52453c", "cpu"], "values": [{"value": 10.7, "step": null, "ts": 1724634963.2657912}]}, "version": 1125, "at": 1724634963.2803607}
{"obj": {"type": "LogFloats", "path": ["monitoring", "ca52453c", "memory"], "values": [{"value": 13.067451477050781, "step": null, "ts": 1724634963.2657912}]}, "version": 1126, "at": 1724634963.2813613}
{"obj": {"type": "LogFloats", "path": ["monitoring", "ca52453c", "gpu"], "values": [{"value": 38.0, "step": null, "ts": 1724634963.2657912}]}, "version": 1127, "at": 1724634963.2813613}
{"obj": {"type": "LogFloats", "path": ["monitoring", "ca52453c", "gpu_memory"], "values": [{"value": 1.3158149719238281, "step": null, "ts": 1724634963.2657912}]}, "version": 1128, "at": 1724634963.2813613}
{"obj": {"type": "LogFloats", "path": ["monitoring", "ca52453c", "gpu_power"], "values": [{"value": 15.587, "step": null, "ts": 1724634963.2657912}]}, "version": 1129, "at": 1724634963.2813613}
{"obj": {"type": "LogStrings", "path": ["monitoring", "ca52453c", "stdout"], "values": [{"value": "Drone2 moved with speed vector [3, 0, 0] with duration 2", "step": null, "ts": 1724634964.679446}]}, "version": 1130, "at": 1724634964.679446}
{"obj": {"type": "LogStrings", "path": ["monitoring", "ca52453c", "stdout"], "values": [{"value": "\n", "step": null, "ts": 1724634964.6804476}]}, "version": 1131, "at": 1724634964.6804476}
{"obj": {"type": "LogStrings", "path": ["monitoring", "ca52453c", "stdout"], "values": [{"value": "drone 2 ", "step": null, "ts": 1724634964.6804476}]}, "version": 1132, "at": 1724634964.6804476}
{"obj": {"type": "LogStrings", "path": ["monitoring", "ca52453c", "stdout"], "values": [{"value": " ", "step": null, "ts": 1724634964.6814444}]}, "version": 1133, "at": 1724634964.6814444}
{"obj": {"type": "LogStrings", "path": ["monitoring", "ca52453c", "stdout"], "values": [{"value": "(3, 2, 0)", "step": null, "ts": 1724634964.6814444}]}, "version": 1134, "at": 1724634964.6814444}
{"obj": {"type": "LogStrings", "path": ["monitoring", "ca52453c", "stdout"], "values": [{"value": "\n", "step": null, "ts": 1724634964.6824443}]}, "version": 1135, "at": 1724634964.6824443}
{"obj": {"type": "LogStrings", "path": ["monitoring", "ca52453c", "stdout"], "values": [{"value": "Drone1 moved with speed vector [0.06713086878713294, -0.42999544812136414, 0] with duration 2", "step": null, "ts": 1724634964.7873926}]}, "version": 1136, "at": 1724634964.7873926}
{"obj": {"type": "LogStrings", "path": ["monitoring", "ca52453c", "stdout"], "values": [{"value": "\n", "step": null, "ts": 1724634964.7873926}]}, "version": 1137, "at": 1724634964.7873926}
{"obj": {"type": "LogStrings", "path": ["monitoring", "ca52453c", "stdout"], "values": [{"value": "rc=0 , rfov=0 , rd=1.0000748938575856 , rdir = 0.10178756713867188 , robs= 0 , r_v=-0.019257631244810405 , r_ang= -1.0566141368840631 , rf=0 ", "step": null, "ts": 1724634964.789397}]}, "version": 1138, "at": 1724634964.789397}
{"obj": {"type": "LogStrings", "path": ["monitoring", "ca52453c", "stdout"], "values": [{"value": "\n", "step": null, "ts": 1724634964.789397}]}, "version": 1139, "at": 1724634964.789397}
{"obj": {"type": "LogStrings", "path": ["monitoring", "ca52453c", "stdout"], "values": [{"value": "next state ", "step": null, "ts": 1724634964.7904031}]}, "version": 1140, "at": 1724634964.7904031}
{"obj": {"type": "LogStrings", "path": ["monitoring", "ca52453c", "stdout"], "values": [{"value": " ", "step": null, "ts": 1724634964.7904031}]}, "version": 1141, "at": 1724634964.7904031}
{"obj": {"type": "LogStrings", "path": ["monitoring", "ca52453c", "stdout"], "values": [{"value": "[5.588362788936744e-06, -1.1963948627228887e-17, -0.035430904229482016, 0.0, 0.0, -0.0007988388960560162, 0.10678017905783628, 0.10715464834576387, 0.0007812500372529031, 0.0012629245240011334, 0.000781249962747097, 0.0013957120754100661, -1, -1, 15.089378356933594, 15.089378356933594, 15.089378356933594, 15.089378356933594, 15.089378356933594, 15.089378356933594, 15.089378356933594, 15.089378356933594, 15.089378356933594]", "step": null, "ts": 1724634964.7914004}]}, "version": 1142, "at": 1724634964.7914004}
{"obj": {"type": "LogStrings", "path": ["monitoring", "ca52453c", "stdout"], "values": [{"value": "\n", "step": null, "ts": 1724634964.7934}]}, "version": 1143, "at": 1724634964.7934}
{"obj": {"type": "LogStrings", "path": ["monitoring", "ca52453c", "stdout"], "values": [{"value": "action ", "step": null, "ts": 1724634964.7944005}]}, "version": 1144, "at": 1724634964.7944005}
{"obj": {"type": "LogStrings", "path": ["monitoring", "ca52453c", "stdout"], "values": [{"value": " ", "step": null, "ts": 1724634964.7954009}]}, "version": 1145, "at": 1724634964.7954009}
{"obj": {"type": "LogStrings", "path": ["monitoring", "ca52453c", "stdout"], "values": [{"value": "222", "step": null, "ts": 1724634964.7954009}]}, "version": 1146, "at": 1724634964.7954009}
{"obj": {"type": "LogStrings", "path": ["monitoring", "ca52453c", "stdout"], "values": [{"value": "\n", "step": null, "ts": 1724634964.7954009}]}, "version": 1147, "at": 1724634964.7954009}
{"obj": {"type": "LogStrings", "path": ["monitoring", "ca52453c", "stdout"], "values": [{"value": "Found 1 cylinders in image", "step": null, "ts": 1724634964.9044669}]}, "version": 1148, "at": 1724634964.905468}
{"obj": {"type": "LogStrings", "path": ["monitoring", "ca52453c", "stdout"], "values": [{"value": "\n", "step": null, "ts": 1724634964.906465}]}, "version": 1149, "at": 1724634964.906465}
{"obj": {"type": "LogStrings", "path": ["monitoring", "ca52453c", "stdout"], "values": [{"value": "new_x = ", "step": null, "ts": 1724634964.9094913}]}, "version": 1150, "at": 1724634964.9094913}
{"obj": {"type": "LogStrings", "path": ["monitoring", "ca52453c", "stdout"], "values": [{"value": " ", "step": null, "ts": 1724634964.9094913}]}, "version": 1151, "at": 1724634964.9094913}
{"obj": {"type": "LogStrings", "path": ["monitoring", "ca52453c", "stdout"], "values": [{"value": "-0.8754563301555446", "step": null, "ts": 1724634964.9094913}]}, "version": 1152, "at": 1724634964.9094913}
{"obj": {"type": "LogStrings", "path": ["monitoring", "ca52453c", "stdout"], "values": [{"value": " ", "step": null, "ts": 1724634964.9104912}]}, "version": 1153, "at": 1724634964.9104912}
{"obj": {"type": "LogStrings", "path": ["monitoring", "ca52453c", "stdout"], "values": [{"value": " new_y = ", "step": null, "ts": 1724634964.9104912}]}, "version": 1154, "at": 1724634964.9104912}
{"obj": {"type": "LogStrings", "path": ["monitoring", "ca52453c", "stdout"], "values": [{"value": " ", "step": null, "ts": 1724634964.9104912}]}, "version": 1155, "at": 1724634964.9104912}
{"obj": {"type": "LogStrings", "path": ["monitoring", "ca52453c", "stdout"], "values": [{"value": "-0.8829044918766158", "step": null, "ts": 1724634964.9104912}]}, "version": 1156, "at": 1724634964.9104912}
{"obj": {"type": "LogStrings", "path": ["monitoring", "ca52453c", "stdout"], "values": [{"value": "\n", "step": null, "ts": 1724634964.9104912}]}, "version": 1157, "at": 1724634964.9104912}
{"obj": {"type": "LogStrings", "path": ["monitoring", "ca52453c", "stdout"], "values": [{"value": "Drone2 moved with speed vector [3, 2, 0] with duration 2", "step": null, "ts": 1724634966.7224143}]}, "version": 1158, "at": 1724634966.7224143}
{"obj": {"type": "LogStrings", "path": ["monitoring", "ca52453c", "stdout"], "values": [{"value": "\n", "step": null, "ts": 1724634966.7224143}]}, "version": 1159, "at": 1724634966.7224143}
{"obj": {"type": "LogStrings", "path": ["monitoring", "ca52453c", "stdout"], "values": [{"value": "drone 2 ", "step": null, "ts": 1724634966.7224143}]}, "version": 1160, "at": 1724634966.7224143}
{"obj": {"type": "LogStrings", "path": ["monitoring", "ca52453c", "stdout"], "values": [{"value": " ", "step": null, "ts": 1724634966.7234154}]}, "version": 1161, "at": 1724634966.7234154}
{"obj": {"type": "LogStrings", "path": ["monitoring", "ca52453c", "stdout"], "values": [{"value": "(6, 0, 0)", "step": null, "ts": 1724634966.7234154}]}, "version": 1162, "at": 1724634966.7234154}
{"obj": {"type": "LogStrings", "path": ["monitoring", "ca52453c", "stdout"], "values": [{"value": "\n", "step": null, "ts": 1724634966.7244165}]}, "version": 1163, "at": 1724634966.7244165}
{"obj": {"type": "LogStrings", "path": ["monitoring", "ca52453c", "stdout"], "values": [{"value": "Drone1 moved with speed vector [-0.8754563301555446, -0.8829044918766158, 0] with duration 3", "step": null, "ts": 1724634967.9514415}]}, "version": 1164, "at": 1724634967.9514415}
{"obj": {"type": "LogStrings", "path": ["monitoring", "ca52453c", "stdout"], "values": [{"value": "\n", "step": null, "ts": 1724634967.9514415}]}, "version": 1165, "at": 1724634967.9514415}
{"obj": {"type": "LogStrings", "path": ["monitoring", "ca52453c", "stdout"], "values": [{"value": "rc=0 , rfov=0 , rd=0.9950587284618408 , rdir = 0.09942686080932617 , robs= 0 , r_v=0 , r_ang= -1.0563441170977095 , rf=0 ", "step": null, "ts": 1724634967.9534428}]}, "version": 1166, "at": 1724634967.9534428}
{"obj": {"type": "LogStrings", "path": ["monitoring", "ca52453c", "stdout"], "values": [{"value": "\n", "step": null, "ts": 1724634967.9554424}]}, "version": 1167, "at": 1724634967.9554424}
{"obj": {"type": "LogStrings", "path": ["monitoring", "ca52453c", "stdout"], "values": [{"value": "next state ", "step": null, "ts": 1724634967.9569454}]}, "version": 1168, "at": 1724634967.9569454}
{"obj": {"type": "LogStrings", "path": ["monitoring", "ca52453c", "stdout"], "values": [{"value": " ", "step": null, "ts": 1724634967.9569454}]}, "version": 1169, "at": 1724634967.9569454}
{"obj": {"type": "LogStrings", "path": ["monitoring", "ca52453c", "stdout"], "values": [{"value": "[0.0015455649544795355, -0.0045871739586194355, -0.034829342365264894, 5.588362788936744e-06, -1.1963948627228887e-17, -0.035430904229482016, 0.1314865367486325, 0.10678017905783628, 0.0008101433143019676, 0.0012722085434713482, 0.0007812500372529031, 0.0012629245240011334, 0.000781249962747097, 0.0013957120754100661, 14.971343040466309, 14.971343040466309, 14.971343040466309, 14.971343040466309, 14.971343040466309, 14.971343040466309, 14.971343040466309, 14.971343040466309, 14.971343040466309]", "step": null, "ts": 1724634967.9584858}]}, "version": 1170, "at": 1724634967.9584858}
{"obj": {"type": "LogStrings", "path": ["monitoring", "ca52453c", "stdout"], "values": [{"value": "\n", "step": null, "ts": 1724634967.9586718}]}, "version": 1171, "at": 1724634967.9586718}
{"obj": {"type": "LogStrings", "path": ["monitoring", "ca52453c", "stdout"], "values": [{"value": "action ", "step": null, "ts": 1724634967.9586718}]}, "version": 1172, "at": 1724634967.9586718}
{"obj": {"type": "LogStrings", "path": ["monitoring", "ca52453c", "stdout"], "values": [{"value": " ", "step": null, "ts": 1724634967.9586718}]}, "version": 1173, "at": 1724634967.9586718}
{"obj": {"type": "LogStrings", "path": ["monitoring", "ca52453c", "stdout"], "values": [{"value": "170", "step": null, "ts": 1724634967.9586718}]}, "version": 1174, "at": 1724634967.9586718}
{"obj": {"type": "LogStrings", "path": ["monitoring", "ca52453c", "stdout"], "values": [{"value": "\n", "step": null, "ts": 1724634967.9586718}]}, "version": 1175, "at": 1724634967.9586718}
{"obj": {"type": "LogStrings", "path": ["monitoring", "ca52453c", "stdout"], "values": [{"value": "Found 1 cylinders in image", "step": null, "ts": 1724634968.0723176}]}, "version": 1176, "at": 1724634968.0723176}
{"obj": {"type": "LogStrings", "path": ["monitoring", "ca52453c", "stdout"], "values": [{"value": "\n", "step": null, "ts": 1724634968.0743406}]}, "version": 1177, "at": 1724634968.0743406}
{"obj": {"type": "LogStrings", "path": ["monitoring", "ca52453c", "stdout"], "values": [{"value": "new_x = ", "step": null, "ts": 1724634968.0783553}]}, "version": 1178, "at": 1724634968.0783553}
{"obj": {"type": "LogStrings", "path": ["monitoring", "ca52453c", "stdout"], "values": [{"value": " ", "step": null, "ts": 1724634968.0783553}]}, "version": 1179, "at": 1724634968.0783553}
{"obj": {"type": "LogStrings", "path": ["monitoring", "ca52453c", "stdout"], "values": [{"value": "1.714171604010878", "step": null, "ts": 1724634968.0783553}]}, "version": 1180, "at": 1724634968.0783553}
{"obj": {"type": "LogStrings", "path": ["monitoring", "ca52453c", "stdout"], "values": [{"value": " ", "step": null, "ts": 1724634968.0783553}]}, "version": 1181, "at": 1724634968.0783553}
{"obj": {"type": "LogStrings", "path": ["monitoring", "ca52453c", "stdout"], "values": [{"value": " new_y = ", "step": null, "ts": 1724634968.0783553}]}, "version": 1182, "at": 1724634968.0799048}
{"obj": {"type": "LogStrings", "path": ["monitoring", "ca52453c", "stdout"], "values": [{"value": " ", "step": null, "ts": 1724634968.0799048}]}, "version": 1183, "at": 1724634968.0799048}
{"obj": {"type": "LogStrings", "path": ["monitoring", "ca52453c", "stdout"], "values": [{"value": "-2.3126170676930538", "step": null, "ts": 1724634968.0799048}]}, "version": 1184, "at": 1724634968.0799048}
{"obj": {"type": "LogStrings", "path": ["monitoring", "ca52453c", "stdout"], "values": [{"value": "\n", "step": null, "ts": 1724634968.0799048}]}, "version": 1185, "at": 1724634968.0799048}
{"obj": {"type": "LogStrings", "path": ["monitoring", "ca52453c", "stdout"], "values": [{"value": "Drone2 moved with speed vector [6, 0, 0] with duration 2", "step": null, "ts": 1724634968.7767358}]}, "version": 1186, "at": 1724634968.7767358}
{"obj": {"type": "LogStrings", "path": ["monitoring", "ca52453c", "stdout"], "values": [{"value": "\n", "step": null, "ts": 1724634968.7767358}]}, "version": 1187, "at": 1724634968.7767358}
{"obj": {"type": "LogStrings", "path": ["monitoring", "ca52453c", "stdout"], "values": [{"value": "drone 2 ", "step": null, "ts": 1724634968.7777405}]}, "version": 1188, "at": 1724634968.7777405}
{"obj": {"type": "LogStrings", "path": ["monitoring", "ca52453c", "stdout"], "values": [{"value": " ", "step": null, "ts": 1724634968.7782457}]}, "version": 1189, "at": 1724634968.7782457}
{"obj": {"type": "LogStrings", "path": ["monitoring", "ca52453c", "stdout"], "values": [{"value": "(6, -4, 0)", "step": null, "ts": 1724634968.7782457}]}, "version": 1190, "at": 1724634968.7782457}
{"obj": {"type": "LogStrings", "path": ["monitoring", "ca52453c", "stdout"], "values": [{"value": "\n", "step": null, "ts": 1724634968.7782457}]}, "version": 1191, "at": 1724634968.7782457}
{"obj": {"type": "LogStrings", "path": ["monitoring", "ca52453c", "stdout"], "values": [{"value": "Drone1 moved with speed vector [1.714171604010878, -2.3126170676930538, 0] with duration 2", "step": null, "ts": 1724634970.1304774}]}, "version": 1192, "at": 1724634970.1304774}
{"obj": {"type": "LogStrings", "path": ["monitoring", "ca52453c", "stdout"], "values": [{"value": "\n", "step": null, "ts": 1724634970.1314816}]}, "version": 1193, "at": 1724634970.1314816}
{"obj": {"type": "LogStrings", "path": ["monitoring", "ca52453c", "stdout"], "values": [{"value": "rc=0 , rfov=0 , rd=-2.0140487455641383 , rdir = 0.10363149642944336 , robs= 0 , r_v=0 , r_ang= -1.0554622656979828 , rf=0 ", "step": null, "ts": 1724634970.1324825}]}, "version": 1194, "at": 1724634970.1324825}
{"obj": {"type": "LogStrings", "path": ["monitoring", "ca52453c", "stdout"], "values": [{"value": "\n", "step": null, "ts": 1724634970.1324825}]}, "version": 1195, "at": 1724634970.1324825}
{"obj": {"type": "LogStrings", "path": ["monitoring", "ca52453c", "stdout"], "values": [{"value": "next state ", "step": null, "ts": 1724634970.133482}]}, "version": 1196, "at": 1724634970.133482}
{"obj": {"type": "LogStrings", "path": ["monitoring", "ca52453c", "stdout"], "values": [{"value": " ", "step": null, "ts": 1724634970.133482}]}, "version": 1197, "at": 1724634970.133482}
{"obj": {"type": "LogStrings", "path": ["monitoring", "ca52453c", "stdout"], "values": [{"value": "[-0.014273058374722798, -0.023799800872802736, -0.034505756696065266, 0.0015455649544795355, -0.0045871739586194355, -0.034829342365264894, 0.20173026456932255, 0.1314865367486325, 0.0009607738256454468, 0.0012462245093451607, 0.0008101433143019676, 0.0012722085434713482, 0.0007812500372529031, 0.0012629245240011334, 15.181574821472168, 15.181574821472168, 15.181574821472168, 15.181574821472168, 15.181574821472168, 15.181574821472168, 15.181574821472168, 15.181574821472168, 15.181574821472168]", "step": null, "ts": 1724634970.133482}]}, "version": 1198, "at": 1724634970.133482}
{"obj": {"type": "LogStrings", "path": ["monitoring", "ca52453c", "stdout"], "values": [{"value": "\n", "step": null, "ts": 1724634970.1344793}]}, "version": 1199, "at": 1724634970.1344793}
{"obj": {"type": "LogStrings", "path": ["monitoring", "ca52453c", "stdout"], "values": [{"value": "action ", "step": null, "ts": 1724634970.1344793}]}, "version": 1200, "at": 1724634970.1344793}
{"obj": {"type": "LogStrings", "path": ["monitoring", "ca52453c", "stdout"], "values": [{"value": " ", "step": null, "ts": 1724634970.1344793}]}, "version": 1201, "at": 1724634970.1344793}
{"obj": {"type": "LogStrings", "path": ["monitoring", "ca52453c", "stdout"], "values": [{"value": "4", "step": null, "ts": 1724634970.1344793}]}, "version": 1202, "at": 1724634970.1344793}
{"obj": {"type": "LogStrings", "path": ["monitoring", "ca52453c", "stdout"], "values": [{"value": "\n", "step": null, "ts": 1724634970.135481}]}, "version": 1203, "at": 1724634970.135481}
{"obj": {"type": "LogStrings", "path": ["monitoring", "ca52453c", "stdout"], "values": [{"value": "Found 1 cylinders in image", "step": null, "ts": 1724634970.2336636}]}, "version": 1204, "at": 1724634970.2336636}
{"obj": {"type": "LogStrings", "path": ["monitoring", "ca52453c", "stdout"], "values": [{"value": "\n", "step": null, "ts": 1724634970.2356646}]}, "version": 1205, "at": 1724634970.2356646}
{"obj": {"type": "LogStrings", "path": ["monitoring", "ca52453c", "stdout"], "values": [{"value": "new_x = ", "step": null, "ts": 1724634970.2417023}]}, "version": 1206, "at": 1724634970.2417023}
{"obj": {"type": "LogStrings", "path": ["monitoring", "ca52453c", "stdout"], "values": [{"value": " ", "step": null, "ts": 1724634970.2417023}]}, "version": 1207, "at": 1724634970.2417023}
{"obj": {"type": "LogStrings", "path": ["monitoring", "ca52453c", "stdout"], "values": [{"value": "0.13431026637602259", "step": null, "ts": 1724634970.2417023}]}, "version": 1208, "at": 1724634970.2417023}
{"obj": {"type": "LogStrings", "path": ["monitoring", "ca52453c", "stdout"], "values": [{"value": " ", "step": null, "ts": 1724634970.2427003}]}, "version": 1209, "at": 1724634970.2427003}
{"obj": {"type": "LogStrings", "path": ["monitoring", "ca52453c", "stdout"], "values": [{"value": " new_y = ", "step": null, "ts": 1724634970.2427003}]}, "version": 1210, "at": 1724634970.2427003}
{"obj": {"type": "LogStrings", "path": ["monitoring", "ca52453c", "stdout"], "values": [{"value": " ", "step": null, "ts": 1724634970.2427003}]}, "version": 1211, "at": 1724634970.2427003}
{"obj": {"type": "LogStrings", "path": ["monitoring", "ca52453c", "stdout"], "values": [{"value": "-0.29798326183869295", "step": null, "ts": 1724634970.2427003}]}, "version": 1212, "at": 1724634970.2427003}
{"obj": {"type": "LogStrings", "path": ["monitoring", "ca52453c", "stdout"], "values": [{"value": "\n", "step": null, "ts": 1724634970.2427003}]}, "version": 1213, "at": 1724634970.2427003}
{"obj": {"type": "LogStrings", "path": ["monitoring", "ca52453c", "stdout"], "values": [{"value": "Drone2 moved with speed vector [6, -4, 0] with duration 2", "step": null, "ts": 1724634970.8276474}]}, "version": 1214, "at": 1724634970.8276474}
{"obj": {"type": "LogStrings", "path": ["monitoring", "ca52453c", "stdout"], "values": [{"value": "\n", "step": null, "ts": 1724634970.8276474}]}, "version": 1215, "at": 1724634970.8276474}
{"obj": {"type": "LogStrings", "path": ["monitoring", "ca52453c", "stdout"], "values": [{"value": "drone 2 ", "step": null, "ts": 1724634970.8286526}]}, "version": 1216, "at": 1724634970.8286526}
{"obj": {"type": "LogStrings", "path": ["monitoring", "ca52453c", "stdout"], "values": [{"value": " ", "step": null, "ts": 1724634970.8286526}]}, "version": 1217, "at": 1724634970.8286526}
{"obj": {"type": "LogStrings", "path": ["monitoring", "ca52453c", "stdout"], "values": [{"value": "(12, 0, 0)", "step": null, "ts": 1724634970.8286526}]}, "version": 1218, "at": 1724634970.8286526}
{"obj": {"type": "LogStrings", "path": ["monitoring", "ca52453c", "stdout"], "values": [{"value": "\n", "step": null, "ts": 1724634970.8286526}]}, "version": 1219, "at": 1724634970.8286526}
{"obj": {"type": "LogStrings", "path": ["monitoring", "ca52453c", "stdout"], "values": [{"value": "Drone1 moved with speed vector [0.13431026637602259, -0.29798326183869295, 0] with duration 1", "step": null, "ts": 1724634971.2655869}]}, "version": 1220, "at": 1724634971.2655869}
{"obj": {"type": "LogStrings", "path": ["monitoring", "ca52453c", "stdout"], "values": [{"value": "\n", "step": null, "ts": 1724634971.2665892}]}, "version": 1221, "at": 1724634971.2665892}
{"obj": {"type": "LogStrings", "path": ["monitoring", "ca52453c", "stdout"], "values": [{"value": "rc=0 , rfov=0 , rd=-2.015167261868492 , rdir = 0.10268970489501955 , robs= 0 , r_v=0 , r_ang= -1.0558022701452607 , rf=0 ", "step": null, "ts": 1724634971.267598}]}, "version": 1222, "at": 1724634971.267598}
{"obj": {"type": "LogStrings", "path": ["monitoring", "ca52453c", "stdout"], "values": [{"value": "\n", "step": null, "ts": 1724634971.267598}]}, "version": 1223, "at": 1724634971.267598}
{"obj": {"type": "LogStrings", "path": ["monitoring", "ca52453c", "stdout"], "values": [{"value": "next state ", "step": null, "ts": 1724634971.2686045}]}, "version": 1224, "at": 1724634971.2686045}
{"obj": {"type": "LogStrings", "path": ["monitoring", "ca52453c", "stdout"], "values": [{"value": " ", "step": null, "ts": 1724634971.2686045}]}, "version": 1225, "at": 1724634971.2686045}
{"obj": {"type": "LogStrings", "path": ["monitoring", "ca52453c", "stdout"], "values": [{"value": "[-0.00135121854643027, -0.053934164841969806, -0.03735490640004476, -0.014273058374722798, -0.023799800872802736, -0.034505756696065266, 0.27756657391178213, 0.20173026456932255, 0.0009453481435775758, 0.0012135615172209563, 0.0009607738256454468, 0.0012462245093451607, 0.0008101433143019676, 0.0012722085434713482, 15.134485244750977, 15.134485244750977, 15.134485244750977, 15.134485244750977, 15.134485244750977, 15.134485244750977, 15.134485244750977, 15.134485244750977, 15.134485244750977]", "step": null, "ts": 1724634971.2686045}]}, "version": 1226, "at": 1724634971.2686045}
{"obj": {"type": "LogStrings", "path": ["monitoring", "ca52453c", "stdout"], "values": [{"value": "\n", "step": null, "ts": 1724634971.269006}]}, "version": 1227, "at": 1724634971.269006}
{"obj": {"type": "LogStrings", "path": ["monitoring", "ca52453c", "stdout"], "values": [{"value": "action ", "step": null, "ts": 1724634971.269006}]}, "version": 1228, "at": 1724634971.269006}
{"obj": {"type": "LogStrings", "path": ["monitoring", "ca52453c", "stdout"], "values": [{"value": " ", "step": null, "ts": 1724634971.2700121}]}, "version": 1229, "at": 1724634971.2700121}
{"obj": {"type": "LogStrings", "path": ["monitoring", "ca52453c", "stdout"], "values": [{"value": "291", "step": null, "ts": 1724634971.2700121}]}, "version": 1230, "at": 1724634971.2700121}
{"obj": {"type": "LogStrings", "path": ["monitoring", "ca52453c", "stdout"], "values": [{"value": "\n", "step": null, "ts": 1724634971.2700121}]}, "version": 1231, "at": 1724634971.2700121}
{"obj": {"type": "LogStrings", "path": ["monitoring", "ca52453c", "stdout"], "values": [{"value": "Found 1 cylinders in image", "step": null, "ts": 1724634971.3765504}]}, "version": 1232, "at": 1724634971.3765504}
{"obj": {"type": "LogStrings", "path": ["monitoring", "ca52453c", "stdout"], "values": [{"value": "\n", "step": null, "ts": 1724634971.3775675}]}, "version": 1233, "at": 1724634971.3775675}
{"obj": {"type": "LogStrings", "path": ["monitoring", "ca52453c", "stdout"], "values": [{"value": "new_x = ", "step": null, "ts": 1724634971.3809588}]}, "version": 1234, "at": 1724634971.3809588}
{"obj": {"type": "LogStrings", "path": ["monitoring", "ca52453c", "stdout"], "values": [{"value": " ", "step": null, "ts": 1724634971.3819585}]}, "version": 1235, "at": 1724634971.3819585}
{"obj": {"type": "LogStrings", "path": ["monitoring", "ca52453c", "stdout"], "values": [{"value": "2.7379590088904395", "step": null, "ts": 1724634971.3819585}]}, "version": 1236, "at": 1724634971.3819585}
{"obj": {"type": "LogStrings", "path": ["monitoring", "ca52453c", "stdout"], "values": [{"value": " ", "step": null, "ts": 1724634971.3819585}]}, "version": 1237, "at": 1724634971.3819585}
{"obj": {"type": "LogStrings", "path": ["monitoring", "ca52453c", "stdout"], "values": [{"value": " new_y = ", "step": null, "ts": 1724634971.3819585}]}, "version": 1238, "at": 1724634971.3819585}
{"obj": {"type": "LogStrings", "path": ["monitoring", "ca52453c", "stdout"], "values": [{"value": " ", "step": null, "ts": 1724634971.3819585}]}, "version": 1239, "at": 1724634971.3819585}
{"obj": {"type": "LogStrings", "path": ["monitoring", "ca52453c", "stdout"], "values": [{"value": "2.8119786460309704", "step": null, "ts": 1724634971.3819585}]}, "version": 1240, "at": 1724634971.3819585}
{"obj": {"type": "LogStrings", "path": ["monitoring", "ca52453c", "stdout"], "values": [{"value": "\n", "step": null, "ts": 1724634971.3819585}]}, "version": 1241, "at": 1724634971.3819585}
{"obj": {"type": "LogStrings", "path": ["monitoring", "ca52453c", "stdout"], "values": [{"value": "Drone2 moved with speed vector [12, 0, 0] with duration 2", "step": null, "ts": 1724634972.8775322}]}, "version": 1242, "at": 1724634972.8785722}
{"obj": {"type": "LogStrings", "path": ["monitoring", "ca52453c", "stdout"], "values": [{"value": "\n", "step": null, "ts": 1724634972.8785722}]}, "version": 1243, "at": 1724634972.8785722}
{"obj": {"type": "LogStrings", "path": ["monitoring", "ca52453c", "stdout"], "values": [{"value": "drone 2 ", "step": null, "ts": 1724634972.8785722}]}, "version": 1244, "at": 1724634972.8785722}
{"obj": {"type": "LogStrings", "path": ["monitoring", "ca52453c", "stdout"], "values": [{"value": " ", "step": null, "ts": 1724634972.8796084}]}, "version": 1245, "at": 1724634972.8796084}
{"obj": {"type": "LogStrings", "path": ["monitoring", "ca52453c", "stdout"], "values": [{"value": "(3, 2, 0)", "step": null, "ts": 1724634972.8796084}]}, "version": 1246, "at": 1724634972.8796084}
{"obj": {"type": "LogStrings", "path": ["monitoring", "ca52453c", "stdout"], "values": [{"value": "\n", "step": null, "ts": 1724634972.8796084}]}, "version": 1247, "at": 1724634972.8796084}
{"obj": {"type": "LogFloats", "path": ["monitoring", "ca52453c", "cpu"], "values": [{"value": 12.2, "step": null, "ts": 1724634973.2894487}]}, "version": 1248, "at": 1724634973.3025224}
{"obj": {"type": "LogFloats", "path": ["monitoring", "ca52453c", "memory"], "values": [{"value": 13.060440063476562, "step": null, "ts": 1724634973.2894487}]}, "version": 1249, "at": 1724634973.303516}
{"obj": {"type": "LogFloats", "path": ["monitoring", "ca52453c", "gpu"], "values": [{"value": 39.0, "step": null, "ts": 1724634973.2894487}]}, "version": 1250, "at": 1724634973.304518}
{"obj": {"type": "LogFloats", "path": ["monitoring", "ca52453c", "gpu_memory"], "values": [{"value": 1.3148994445800781, "step": null, "ts": 1724634973.2894487}]}, "version": 1251, "at": 1724634973.304518}
{"obj": {"type": "LogFloats", "path": ["monitoring", "ca52453c", "gpu_power"], "values": [{"value": 16.546, "step": null, "ts": 1724634973.2894487}]}, "version": 1252, "at": 1724634973.304518}
{"obj": {"type": "LogStrings", "path": ["monitoring", "ca52453c", "stdout"], "values": [{"value": "Drone1 moved with speed vector [2.7379590088904395, 2.8119786460309704, 0] with duration 3", "step": null, "ts": 1724634974.4376028}]}, "version": 1253, "at": 1724634974.4376028}
{"obj": {"type": "LogStrings", "path": ["monitoring", "ca52453c", "stdout"], "values": [{"value": "\n", "step": null, "ts": 1724634974.4376028}]}, "version": 1254, "at": 1724634974.4376028}
{"obj": {"type": "LogStrings", "path": ["monitoring", "ca52453c", "stdout"], "values": [{"value": "rc=0 , rfov=0 , rd=-2.005551423746689 , rdir = 0.09386129379272462 , robs= 0 , r_v=0 , r_ang= -1.0549966667832456 , rf=0 ", "step": null, "ts": 1724634974.4386098}]}, "version": 1255, "at": 1724634974.4386098}
{"obj": {"type": "LogStrings", "path": ["monitoring", "ca52453c", "stdout"], "values": [{"value": "\n", "step": null, "ts": 1724634974.4396088}]}, "version": 1256, "at": 1724634974.4396088}
{"obj": {"type": "LogStrings", "path": ["monitoring", "ca52453c", "stdout"], "values": [{"value": "next state ", "step": null, "ts": 1724634974.4396088}]}, "version": 1257, "at": 1724634974.4396088}
{"obj": {"type": "LogStrings", "path": ["monitoring", "ca52453c", "stdout"], "values": [{"value": " ", "step": null, "ts": 1724634974.4396088}]}, "version": 1258, "at": 1724634974.4396088}
{"obj": {"type": "LogStrings", "path": ["monitoring", "ca52453c", "stdout"], "values": [{"value": "[0.0077977721889813745, -0.06708580652872721, -0.0389167586962382, -0.00135121854643027, -0.053934164841969806, -0.03735490640004476, 0.3053236926452256, 0.27756657391178213, 0.0008882817998528481, 0.0013846448027057413, 0.0009453481435775758, 0.0012135615172209563, 0.0009607738256454468, 0.0012462245093451607, 14.69306468963623, 14.69306468963623, 14.69306468963623, 14.69306468963623, 14.69306468963623, 14.69306468963623, 14.69306468963623, 14.69306468963623, 14.69306468963623]", "step": null, "ts": 1724634974.4406126}]}, "version": 1259, "at": 1724634974.4406126}
{"obj": {"type": "LogStrings", "path": ["monitoring", "ca52453c", "stdout"], "values": [{"value": "\n", "step": null, "ts": 1724634974.4406126}]}, "version": 1260, "at": 1724634974.4406126}
{"obj": {"type": "LogStrings", "path": ["monitoring", "ca52453c", "stdout"], "values": [{"value": "action ", "step": null, "ts": 1724634974.4406126}]}, "version": 1261, "at": 1724634974.4406126}
{"obj": {"type": "LogStrings", "path": ["monitoring", "ca52453c", "stdout"], "values": [{"value": " ", "step": null, "ts": 1724634974.4416094}]}, "version": 1262, "at": 1724634974.4416094}
{"obj": {"type": "LogStrings", "path": ["monitoring", "ca52453c", "stdout"], "values": [{"value": "101", "step": null, "ts": 1724634974.4416094}]}, "version": 1263, "at": 1724634974.4416094}
{"obj": {"type": "LogStrings", "path": ["monitoring", "ca52453c", "stdout"], "values": [{"value": "\n", "step": null, "ts": 1724634974.4416094}]}, "version": 1264, "at": 1724634974.4416094}
{"obj": {"type": "LogStrings", "path": ["monitoring", "ca52453c", "stdout"], "values": [{"value": "Found 1 cylinders in image", "step": null, "ts": 1724634974.5374799}]}, "version": 1265, "at": 1724634974.5374799}
{"obj": {"type": "LogStrings", "path": ["monitoring", "ca52453c", "stdout"], "values": [{"value": "\n", "step": null, "ts": 1724634974.5394957}]}, "version": 1266, "at": 1724634974.5394957}
{"obj": {"type": "LogStrings", "path": ["monitoring", "ca52453c", "stdout"], "values": [{"value": "new_x = ", "step": null, "ts": 1724634974.543498}]}, "version": 1267, "at": 1724634974.543498}
{"obj": {"type": "LogStrings", "path": ["monitoring", "ca52453c", "stdout"], "values": [{"value": " ", "step": null, "ts": 1724634974.543498}]}, "version": 1268, "at": 1724634974.543498}
{"obj": {"type": "LogStrings", "path": ["monitoring", "ca52453c", "stdout"], "values": [{"value": "-0.6863087515972948", "step": null, "ts": 1724634974.543498}]}, "version": 1269, "at": 1724634974.543498}
{"obj": {"type": "LogStrings", "path": ["monitoring", "ca52453c", "stdout"], "values": [{"value": " ", "step": null, "ts": 1724634974.5444942}]}, "version": 1270, "at": 1724634974.5444942}
{"obj": {"type": "LogStrings", "path": ["monitoring", "ca52453c", "stdout"], "values": [{"value": " new_y = ", "step": null, "ts": 1724634974.5444942}]}, "version": 1271, "at": 1724634974.5444942}
{"obj": {"type": "LogStrings", "path": ["monitoring", "ca52453c", "stdout"], "values": [{"value": " ", "step": null, "ts": 1724634974.5444942}]}, "version": 1272, "at": 1724634974.5444942}
{"obj": {"type": "LogStrings", "path": ["monitoring", "ca52453c", "stdout"], "values": [{"value": "0.4181606998632345", "step": null, "ts": 1724634974.5444942}]}, "version": 1273, "at": 1724634974.5444942}
{"obj": {"type": "LogStrings", "path": ["monitoring", "ca52453c", "stdout"], "values": [{"value": "\n", "step": null, "ts": 1724634974.5444942}]}, "version": 1274, "at": 1724634974.5444942}
{"obj": {"type": "LogStrings", "path": ["monitoring", "ca52453c", "stdout"], "values": [{"value": "Drone2 moved with speed vector [3, 2, 0] with duration 2", "step": null, "ts": 1724634974.9242806}]}, "version": 1275, "at": 1724634974.9242806}
{"obj": {"type": "LogStrings", "path": ["monitoring", "ca52453c", "stdout"], "values": [{"value": "\n", "step": null, "ts": 1724634974.9242806}]}, "version": 1276, "at": 1724634974.9242806}
{"obj": {"type": "LogStrings", "path": ["monitoring", "ca52453c", "stdout"], "values": [{"value": "drone 2 ", "step": null, "ts": 1724634974.9252806}]}, "version": 1277, "at": 1724634974.9252806}
{"obj": {"type": "LogStrings", "path": ["monitoring", "ca52453c", "stdout"], "values": [{"value": " ", "step": null, "ts": 1724634974.9252806}]}, "version": 1278, "at": 1724634974.9252806}
{"obj": {"type": "LogStrings", "path": ["monitoring", "ca52453c", "stdout"], "values": [{"value": "(6, 0, 0)", "step": null, "ts": 1724634974.9252806}]}, "version": 1279, "at": 1724634974.9252806}
{"obj": {"type": "LogStrings", "path": ["monitoring", "ca52453c", "stdout"], "values": [{"value": "\n", "step": null, "ts": 1724634974.9252806}]}, "version": 1280, "at": 1724634974.9252806}
{"obj": {"type": "LogStrings", "path": ["monitoring", "ca52453c", "stdout"], "values": [{"value": "Drone1 moved with speed vector [-0.6863087515972948, 0.4181606998632345, 0] with duration 2", "step": null, "ts": 1724634976.5772867}]}, "version": 1281, "at": 1724634976.5772867}
{"obj": {"type": "LogStrings", "path": ["monitoring", "ca52453c", "stdout"], "values": [{"value": "\n", "step": null, "ts": 1724634976.5772867}]}, "version": 1282, "at": 1724634976.5772867}
{"obj": {"type": "LogStrings", "path": ["monitoring", "ca52453c", "stdout"], "values": [{"value": "rc=0 , rfov=0 , rd=-2.0461453182456304 , rdir = 0.09562358856201172 , robs= 0 , r_v=0 , r_ang= -1.0570305148984271 , rf=0 ", "step": null, "ts": 1724634976.5793839}]}, "version": 1283, "at": 1724634976.5793839}
{"obj": {"type": "LogStrings", "path": ["monitoring", "ca52453c", "stdout"], "values": [{"value": "\n", "step": null, "ts": 1724634976.5793839}]}, "version": 1284, "at": 1724634976.5793839}
{"obj": {"type": "LogStrings", "path": ["monitoring", "ca52453c", "stdout"], "values": [{"value": "next state ", "step": null, "ts": 1724634976.5804164}]}, "version": 1285, "at": 1724634976.5804164}
{"obj": {"type": "LogStrings", "path": ["monitoring", "ca52453c", "stdout"], "values": [{"value": " ", "step": null, "ts": 1724634976.5813828}]}, "version": 1286, "at": 1724634976.5813828}
{"obj": {"type": "LogStrings", "path": ["monitoring", "ca52453c", "stdout"], "values": [{"value": "[0.061681024233500165, -0.018866785367329917, -0.04518429438273112, 0.0077977721889813745, -0.06708580652872721, -0.0389167586962382, 0.5360502838733775, 0.3053236926452256, 0.0008072549104690552, 0.0011779875225490994, 0.0008882817998528481, 0.0013846448027057413, 0.0009453481435775758, 0.0012135615172209563, 14.781179428100586, 14.781179428100586, 14.781179428100586, 14.781179428100586, 14.781179428100586, 14.781179428100586, 14.781179428100586, 14.781179428100586, 14.781179428100586]", "step": null, "ts": 1724634976.5823886}]}, "version": 1287, "at": 1724634976.5823886}
{"obj": {"type": "LogStrings", "path": ["monitoring", "ca52453c", "stdout"], "values": [{"value": "\n", "step": null, "ts": 1724634976.5823886}]}, "version": 1288, "at": 1724634976.5823886}
{"obj": {"type": "LogStrings", "path": ["monitoring", "ca52453c", "stdout"], "values": [{"value": "action ", "step": null, "ts": 1724634976.5833817}]}, "version": 1289, "at": 1724634976.5833817}
{"obj": {"type": "LogStrings", "path": ["monitoring", "ca52453c", "stdout"], "values": [{"value": " ", "step": null, "ts": 1724634976.5833817}]}, "version": 1290, "at": 1724634976.5833817}
{"obj": {"type": "LogStrings", "path": ["monitoring", "ca52453c", "stdout"], "values": [{"value": "128", "step": null, "ts": 1724634976.5833817}]}, "version": 1291, "at": 1724634976.5833817}
{"obj": {"type": "LogStrings", "path": ["monitoring", "ca52453c", "stdout"], "values": [{"value": "\n", "step": null, "ts": 1724634976.5833817}]}, "version": 1292, "at": 1724634976.5833817}
{"obj": {"type": "LogStrings", "path": ["monitoring", "ca52453c", "stdout"], "values": [{"value": "Found 1 cylinders in image", "step": null, "ts": 1724634976.6806512}]}, "version": 1293, "at": 1724634976.6806512}
{"obj": {"type": "LogStrings", "path": ["monitoring", "ca52453c", "stdout"], "values": [{"value": "\n", "step": null, "ts": 1724634976.6826513}]}, "version": 1294, "at": 1724634976.6826513}
{"obj": {"type": "LogStrings", "path": ["monitoring", "ca52453c", "stdout"], "values": [{"value": "new_x = ", "step": null, "ts": 1724634976.6866758}]}, "version": 1295, "at": 1724634976.6866758}
{"obj": {"type": "LogStrings", "path": ["monitoring", "ca52453c", "stdout"], "values": [{"value": " ", "step": null, "ts": 1724634976.6866758}]}, "version": 1296, "at": 1724634976.6866758}
{"obj": {"type": "LogStrings", "path": ["monitoring", "ca52453c", "stdout"], "values": [{"value": "-0.8188323920774733", "step": null, "ts": 1724634976.6866758}]}, "version": 1297, "at": 1724634976.6866758}
{"obj": {"type": "LogStrings", "path": ["monitoring", "ca52453c", "stdout"], "values": [{"value": " ", "step": null, "ts": 1724634976.6888928}]}, "version": 1298, "at": 1724634976.6888928}
{"obj": {"type": "LogStrings", "path": ["monitoring", "ca52453c", "stdout"], "values": [{"value": " new_y = ", "step": null, "ts": 1724634976.689204}]}, "version": 1299, "at": 1724634976.689204}
{"obj": {"type": "LogStrings", "path": ["monitoring", "ca52453c", "stdout"], "values": [{"value": " ", "step": null, "ts": 1724634976.689204}]}, "version": 1300, "at": 1724634976.689204}
{"obj": {"type": "LogStrings", "path": ["monitoring", "ca52453c", "stdout"], "values": [{"value": "-0.43639875573568326", "step": null, "ts": 1724634976.689204}]}, "version": 1301, "at": 1724634976.689204}
{"obj": {"type": "LogStrings", "path": ["monitoring", "ca52453c", "stdout"], "values": [{"value": "\n", "step": null, "ts": 1724634976.689204}]}, "version": 1302, "at": 1724634976.689204}
{"obj": {"type": "LogStrings", "path": ["monitoring", "ca52453c", "stdout"], "values": [{"value": "Drone2 moved with speed vector [6, 0, 0] with duration 2", "step": null, "ts": 1724634976.9599586}]}, "version": 1303, "at": 1724634976.9599586}
{"obj": {"type": "LogStrings", "path": ["monitoring", "ca52453c", "stdout"], "values": [{"value": "\n", "step": null, "ts": 1724634976.9599586}]}, "version": 1304, "at": 1724634976.9599586}
{"obj": {"type": "LogStrings", "path": ["monitoring", "ca52453c", "stdout"], "values": [{"value": "drone 2 ", "step": null, "ts": 1724634976.9599586}]}, "version": 1305, "at": 1724634976.9599586}
{"obj": {"type": "LogStrings", "path": ["monitoring", "ca52453c", "stdout"], "values": [{"value": " ", "step": null, "ts": 1724634976.9609606}]}, "version": 1306, "at": 1724634976.9609606}
{"obj": {"type": "LogStrings", "path": ["monitoring", "ca52453c", "stdout"], "values": [{"value": "(6, -4, 0)", "step": null, "ts": 1724634976.9609606}]}, "version": 1307, "at": 1724634976.9609606}
{"obj": {"type": "LogStrings", "path": ["monitoring", "ca52453c", "stdout"], "values": [{"value": "\n", "step": null, "ts": 1724634976.9609606}]}, "version": 1308, "at": 1724634976.9609606}
{"obj": {"type": "LogStrings", "path": ["monitoring", "ca52453c", "stdout"], "values": [{"value": "Drone1 moved with speed vector [-0.8188323920774733, -0.43639875573568326, 0] with duration 2", "step": null, "ts": 1724634978.7297099}]}, "version": 1309, "at": 1724634978.7297099}
{"obj": {"type": "LogStrings", "path": ["monitoring", "ca52453c", "stdout"], "values": [{"value": "\n", "step": null, "ts": 1724634978.7307098}]}, "version": 1310, "at": 1724634978.7307098}
{"obj": {"type": "LogStrings", "path": ["monitoring", "ca52453c", "stdout"], "values": [{"value": "rc=0 , rfov=0 , rd=-2.014697751303049 , rdir = 0.10450700759887695 , robs= 0 , r_v=0 , r_ang= -1.0562031109886105 , rf=0 ", "step": null, "ts": 1724634978.7317085}]}, "version": 1311, "at": 1724634978.7317085}
{"obj": {"type": "LogStrings", "path": ["monitoring", "ca52453c", "stdout"], "values": [{"value": "\n", "step": null, "ts": 1724634978.7317085}]}, "version": 1312, "at": 1724634978.7317085}
{"obj": {"type": "LogStrings", "path": ["monitoring", "ca52453c", "stdout"], "values": [{"value": "next state ", "step": null, "ts": 1724634978.7317085}]}, "version": 1313, "at": 1724634978.7317085}
{"obj": {"type": "LogStrings", "path": ["monitoring", "ca52453c", "stdout"], "values": [{"value": " ", "step": null, "ts": 1724634978.7317085}]}, "version": 1314, "at": 1724634978.7317085}
{"obj": {"type": "LogStrings", "path": ["monitoring", "ca52453c", "stdout"], "values": [{"value": "[0.071253236134847, 0.0032258622348308565, -0.050883913040161134, 0.061681024233500165, -0.018866785367329917, -0.04518429438273112, 0.6095390403886226, 0.5360502838733775, 0.0007996442168951035, 0.001302668724531009, 0.0008072549104690552, 0.0011779875225490994, 0.0008882817998528481, 0.0013846448027057413, 15.225350379943848, 15.225350379943848, 15.225350379943848, 15.225350379943848, 15.225350379943848, 15.225350379943848, 15.225350379943848, 15.225350379943848, 15.225350379943848]", "step": null, "ts": 1724634978.7327268}]}, "version": 1315, "at": 1724634978.7327268}
{"obj": {"type": "LogStrings", "path": ["monitoring", "ca52453c", "stdout"], "values": [{"value": "\n", "step": null, "ts": 1724634978.7327268}]}, "version": 1316, "at": 1724634978.7327268}
{"obj": {"type": "LogStrings", "path": ["monitoring", "ca52453c", "stdout"], "values": [{"value": "action ", "step": null, "ts": 1724634978.7327268}]}, "version": 1317, "at": 1724634978.7327268}
{"obj": {"type": "LogStrings", "path": ["monitoring", "ca52453c", "stdout"], "values": [{"value": " ", "step": null, "ts": 1724634978.7337112}]}, "version": 1318, "at": 1724634978.7337112}
{"obj": {"type": "LogStrings", "path": ["monitoring", "ca52453c", "stdout"], "values": [{"value": "125", "step": null, "ts": 1724634978.7337112}]}, "version": 1319, "at": 1724634978.7337112}
{"obj": {"type": "LogStrings", "path": ["monitoring", "ca52453c", "stdout"], "values": [{"value": "\n", "step": null, "ts": 1724634978.7337112}]}, "version": 1320, "at": 1724634978.7337112}
{"obj": {"type": "LogStrings", "path": ["monitoring", "ca52453c", "stdout"], "values": [{"value": "Found 1 cylinders in image", "step": null, "ts": 1724634978.8151138}]}, "version": 1321, "at": 1724634978.8151138}
{"obj": {"type": "LogStrings", "path": ["monitoring", "ca52453c", "stdout"], "values": [{"value": "\n", "step": null, "ts": 1724634978.817627}]}, "version": 1322, "at": 1724634978.817627}
{"obj": {"type": "LogStrings", "path": ["monitoring", "ca52453c", "stdout"], "values": [{"value": "new_x = ", "step": null, "ts": 1724634978.8201425}]}, "version": 1323, "at": 1724634978.8201425}
{"obj": {"type": "LogStrings", "path": ["monitoring", "ca52453c", "stdout"], "values": [{"value": " ", "step": null, "ts": 1724634978.8201425}]}, "version": 1324, "at": 1724634978.8201425}
{"obj": {"type": "LogStrings", "path": ["monitoring", "ca52453c", "stdout"], "values": [{"value": "-0.6352571312729038", "step": null, "ts": 1724634978.8201425}]}, "version": 1325, "at": 1724634978.8201425}
{"obj": {"type": "LogStrings", "path": ["monitoring", "ca52453c", "stdout"], "values": [{"value": " ", "step": null, "ts": 1724634978.8211432}]}, "version": 1326, "at": 1724634978.8211432}
{"obj": {"type": "LogStrings", "path": ["monitoring", "ca52453c", "stdout"], "values": [{"value": " new_y = ", "step": null, "ts": 1724634978.8211432}]}, "version": 1327, "at": 1724634978.8211432}
{"obj": {"type": "LogStrings", "path": ["monitoring", "ca52453c", "stdout"], "values": [{"value": " ", "step": null, "ts": 1724634978.8211432}]}, "version": 1328, "at": 1724634978.8211432}
{"obj": {"type": "LogStrings", "path": ["monitoring", "ca52453c", "stdout"], "values": [{"value": "-0.4654166612638627", "step": null, "ts": 1724634978.8211432}]}, "version": 1329, "at": 1724634978.8211432}
{"obj": {"type": "LogStrings", "path": ["monitoring", "ca52453c", "stdout"], "values": [{"value": "\n", "step": null, "ts": 1724634978.8211432}]}, "version": 1330, "at": 1724634978.8211432}
{"obj": {"type": "LogStrings", "path": ["monitoring", "ca52453c", "stdout"], "values": [{"value": "Drone2 moved with speed vector [6, -4, 0] with duration 2", "step": null, "ts": 1724634979.003392}]}, "version": 1331, "at": 1724634979.003392}
{"obj": {"type": "LogStrings", "path": ["monitoring", "ca52453c", "stdout"], "values": [{"value": "\n", "step": null, "ts": 1724634979.0043929}]}, "version": 1332, "at": 1724634979.0043929}
{"obj": {"type": "LogStrings", "path": ["monitoring", "ca52453c", "stdout"], "values": [{"value": "drone 2 ", "step": null, "ts": 1724634979.0043929}]}, "version": 1333, "at": 1724634979.0043929}
{"obj": {"type": "LogStrings", "path": ["monitoring", "ca52453c", "stdout"], "values": [{"value": " ", "step": null, "ts": 1724634979.0053914}]}, "version": 1334, "at": 1724634979.0053914}
{"obj": {"type": "LogStrings", "path": ["monitoring", "ca52453c", "stdout"], "values": [{"value": "(9, 0, 0)", "step": null, "ts": 1724634979.0053914}]}, "version": 1335, "at": 1724634979.0053914}
{"obj": {"type": "LogStrings", "path": ["monitoring", "ca52453c", "stdout"], "values": [{"value": "\n", "step": null, "ts": 1724634979.0053914}]}, "version": 1336, "at": 1724634979.0053914}
{"obj": {"type": "LogStrings", "path": ["monitoring", "ca52453c", "stdout"], "values": [{"value": "Drone1 moved with speed vector [-0.6352571312729038, -0.4654166612638627, 0] with duration 2", "step": null, "ts": 1724634980.858132}]}, "version": 1337, "at": 1724634980.858132}
{"obj": {"type": "LogStrings", "path": ["monitoring", "ca52453c", "stdout"], "values": [{"value": "\n", "step": null, "ts": 1724634980.8591406}]}, "version": 1338, "at": 1724634980.8591406}
{"obj": {"type": "LogStrings", "path": ["monitoring", "ca52453c", "stdout"], "values": [{"value": "rc=0 , rfov=0 , rd=-2.017559522411062 , rdir = 0.09865350723266603 , robs= 0 , r_v=0 , r_ang= -1.0569264780340315 , rf=0 ", "step": null, "ts": 1724634980.8601387}]}, "version": 1339, "at": 1724634980.8601387}
{"obj": {"type": "LogStrings", "path": ["monitoring", "ca52453c", "stdout"], "values": [{"value": "\n", "step": null, "ts": 1724634980.8601387}]}, "version": 1340, "at": 1724634980.8601387}
{"obj": {"type": "LogStrings", "path": ["monitoring", "ca52453c", "stdout"], "values": [{"value": "next state ", "step": null, "ts": 1724634980.8601387}]}, "version": 1341, "at": 1724634980.8601387}
{"obj": {"type": "LogStrings", "path": ["monitoring", "ca52453c", "stdout"], "values": [{"value": " ", "step": null, "ts": 1724634980.8611403}]}, "version": 1342, "at": 1724634980.8611403}
{"obj": {"type": "LogStrings", "path": ["monitoring", "ca52453c", "stdout"], "values": [{"value": "[0.05921130975087484, 0.002208316077788671, -0.05062861045201619, 0.071253236134847, 0.0032258622348308565, -0.050883913040161134, 0.6973366524439315, 0.6095390403886226, 0.0007646381109952927, 0.00123535950978597, 0.0007996442168951035, 0.001302668724531009, 0.0008072549104690552, 0.0011779875225490994, 14.9326753616333, 14.9326753616333, 14.9326753616333, 14.9326753616333, 14.9326753616333, 14.9326753616333, 14.9326753616333, 14.9326753616333, 14.9326753616333]", "step": null, "ts": 1724634980.8611403}]}, "version": 1343, "at": 1724634980.8611403}
{"obj": {"type": "LogStrings", "path": ["monitoring", "ca52453c", "stdout"], "values": [{"value": "\n", "step": null, "ts": 1724634980.8611403}]}, "version": 1344, "at": 1724634980.8611403}
{"obj": {"type": "LogStrings", "path": ["monitoring", "ca52453c", "stdout"], "values": [{"value": "action ", "step": null, "ts": 1724634980.8611403}]}, "version": 1345, "at": 1724634980.8611403}
{"obj": {"type": "LogStrings", "path": ["monitoring", "ca52453c", "stdout"], "values": [{"value": " ", "step": null, "ts": 1724634980.8611403}]}, "version": 1346, "at": 1724634980.86214}
{"obj": {"type": "LogStrings", "path": ["monitoring", "ca52453c", "stdout"], "values": [{"value": "254", "step": null, "ts": 1724634980.86214}]}, "version": 1347, "at": 1724634980.86214}
{"obj": {"type": "LogStrings", "path": ["monitoring", "ca52453c", "stdout"], "values": [{"value": "\n", "step": null, "ts": 1724634980.86214}]}, "version": 1348, "at": 1724634980.86214}
{"obj": {"type": "LogStrings", "path": ["monitoring", "ca52453c", "stdout"], "values": [{"value": "Found 1 cylinders in image", "step": null, "ts": 1724634980.943278}]}, "version": 1349, "at": 1724634980.943278}
{"obj": {"type": "LogStrings", "path": ["monitoring", "ca52453c", "stdout"], "values": [{"value": "\n", "step": null, "ts": 1724634980.9452786}]}, "version": 1350, "at": 1724634980.9452786}
{"obj": {"type": "LogStrings", "path": ["monitoring", "ca52453c", "stdout"], "values": [{"value": "new_x = ", "step": null, "ts": 1724634980.9484391}]}, "version": 1351, "at": 1724634980.9484391}
{"obj": {"type": "LogStrings", "path": ["monitoring", "ca52453c", "stdout"], "values": [{"value": " ", "step": null, "ts": 1724634980.9494438}]}, "version": 1352, "at": 1724634980.9494438}
{"obj": {"type": "LogStrings", "path": ["monitoring", "ca52453c", "stdout"], "values": [{"value": "1.0200895235652552", "step": null, "ts": 1724634980.9494438}]}, "version": 1353, "at": 1724634980.9494438}
{"obj": {"type": "LogStrings", "path": ["monitoring", "ca52453c", "stdout"], "values": [{"value": " ", "step": null, "ts": 1724634980.9494438}]}, "version": 1354, "at": 1724634980.9494438}
{"obj": {"type": "LogStrings", "path": ["monitoring", "ca52453c", "stdout"], "values": [{"value": " new_y = ", "step": null, "ts": 1724634980.9494438}]}, "version": 1355, "at": 1724634980.9494438}
{"obj": {"type": "LogStrings", "path": ["monitoring", "ca52453c", "stdout"], "values": [{"value": " ", "step": null, "ts": 1724634980.9494438}]}, "version": 1356, "at": 1724634980.9494438}
{"obj": {"type": "LogStrings", "path": ["monitoring", "ca52453c", "stdout"], "values": [{"value": "0.46573051419509304", "step": null, "ts": 1724634980.9494438}]}, "version": 1357, "at": 1724634980.9494438}
{"obj": {"type": "LogStrings", "path": ["monitoring", "ca52453c", "stdout"], "values": [{"value": "\n", "step": null, "ts": 1724634980.950444}]}, "version": 1358, "at": 1724634980.950444}
{"obj": {"type": "LogStrings", "path": ["monitoring", "ca52453c", "stdout"], "values": [{"value": "Drone2 moved with speed vector [9, 0, 0] with duration 2", "step": null, "ts": 1724634981.0470185}]}, "version": 1359, "at": 1724634981.0470185}
{"obj": {"type": "LogStrings", "path": ["monitoring", "ca52453c", "stdout"], "values": [{"value": "\n", "step": null, "ts": 1724634981.0475233}]}, "version": 1360, "at": 1724634981.0475233}
{"obj": {"type": "LogStrings", "path": ["monitoring", "ca52453c", "stdout"], "values": [{"value": "drone 2 ", "step": null, "ts": 1724634981.0495381}]}, "version": 1361, "at": 1724634981.0495381}
{"obj": {"type": "LogStrings", "path": ["monitoring", "ca52453c", "stdout"], "values": [{"value": " ", "step": null, "ts": 1724634981.0495381}]}, "version": 1362, "at": 1724634981.0495381}
{"obj": {"type": "LogStrings", "path": ["monitoring", "ca52453c", "stdout"], "values": [{"value": "(0, 0, 0)", "step": null, "ts": 1724634981.0495381}]}, "version": 1363, "at": 1724634981.0495381}
{"obj": {"type": "LogStrings", "path": ["monitoring", "ca52453c", "stdout"], "values": [{"value": "\n", "step": null, "ts": 1724634981.0495381}]}, "version": 1364, "at": 1724634981.0495381}
{"obj": {"type": "LogStrings", "path": ["monitoring", "ca52453c", "stdout"], "values": [{"value": "Drone2 moved with speed vector [0, 0, 0] with duration 2", "step": null, "ts": 1724634983.108025}]}, "version": 1365, "at": 1724634983.108025}
{"obj": {"type": "LogStrings", "path": ["monitoring", "ca52453c", "stdout"], "values": [{"value": "\n", "step": null, "ts": 1724634983.108577}]}, "version": 1366, "at": 1724634983.108577}
{"obj": {"type": "LogStrings", "path": ["monitoring", "ca52453c", "stdout"], "values": [{"value": "after thread target ", "step": null, "ts": 1724634983.108577}]}, "version": 1367, "at": 1724634983.108577}
{"obj": {"type": "LogStrings", "path": ["monitoring", "ca52453c", "stdout"], "values": [{"value": " ", "step": null, "ts": 1724634983.109039}]}, "version": 1368, "at": 1724634983.109039}
{"obj": {"type": "LogStrings", "path": ["monitoring", "ca52453c", "stdout"], "values": [{"value": "1", "step": null, "ts": 1724634983.109039}]}, "version": 1369, "at": 1724634983.109039}
{"obj": {"type": "LogStrings", "path": ["monitoring", "ca52453c", "stdout"], "values": [{"value": "\n", "step": null, "ts": 1724634983.109039}]}, "version": 1370, "at": 1724634983.109039}
{"obj": {"type": "LogFloats", "path": ["monitoring", "ca52453c", "cpu"], "values": [{"value": 13.4, "step": null, "ts": 1724634983.3153992}]}, "version": 1371, "at": 1724634983.3251126}
{"obj": {"type": "LogFloats", "path": ["monitoring", "ca52453c", "memory"], "values": [{"value": 13.06610107421875, "step": null, "ts": 1724634983.3153992}]}, "version": 1372, "at": 1724634983.3251126}
{"obj": {"type": "LogFloats", "path": ["monitoring", "ca52453c", "gpu_memory"], "values": [{"value": 1.3148994445800781, "step": null, "ts": 1724634983.3153992}]}, "version": 1373, "at": 1724634983.3251126}
{"obj": {"type": "LogFloats", "path": ["monitoring", "ca52453c", "gpu_power"], "values": [{"value": 13.045, "step": null, "ts": 1724634983.3153992}]}, "version": 1374, "at": 1724634983.326617}
{"obj": {"type": "LogStrings", "path": ["monitoring", "ca52453c", "stdout"], "values": [{"value": "Drone1 moved with speed vector [1.0200895235652552, 0.46573051419509304, 0] with duration 3", "step": null, "ts": 1724634983.9979665}]}, "version": 1375, "at": 1724634983.9979665}
{"obj": {"type": "LogStrings", "path": ["monitoring", "ca52453c", "stdout"], "values": [{"value": "\n", "step": null, "ts": 1724634983.9979665}]}, "version": 1376, "at": 1724634983.9979665}
{"obj": {"type": "LogStrings", "path": ["monitoring", "ca52453c", "stdout"], "values": [{"value": "rc=0 , rfov=0 , rd=-2.022566717037014 , rdir = 0.10372404098510742 , robs= 0 , r_v=0 , r_ang= -1.0571195599179506 , rf=0 ", "step": null, "ts": 1724634983.9989908}]}, "version": 1377, "at": 1724634983.9989908}
{"obj": {"type": "LogStrings", "path": ["monitoring", "ca52453c", "stdout"], "values": [{"value": "\n", "step": null, "ts": 1724634983.9989908}]}, "version": 1378, "at": 1724634983.9989908}
{"obj": {"type": "LogStrings", "path": ["monitoring", "ca52453c", "stdout"], "values": [{"value": "next state ", "step": null, "ts": 1724634984.0000787}]}, "version": 1379, "at": 1724634984.0000787}
{"obj": {"type": "LogStrings", "path": ["monitoring", "ca52453c", "stdout"], "values": [{"value": " ", "step": null, "ts": 1724634984.0000787}]}, "version": 1380, "at": 1724634984.0000787}
{"obj": {"type": "LogStrings", "path": ["monitoring", "ca52453c", "stdout"], "values": [{"value": "[0.04713208278020223, -0.0052985712885856625, -0.04992810885111491, 0.05921130975087484, 0.002208316077788671, -0.05062861045201619, 0.8101702376290023, 0.6973366524439315, 0.0007494581490755082, 0.0012232350125724887, 0.0007646381109952927, 0.00123535950978597, 0.0007996442168951035, 0.001302668724531009, 15.186202049255371, 15.186202049255371, 15.186202049255371, 15.186202049255371, 15.186202049255371, 15.186202049255371, 15.186202049255371, 15.186202049255371, 15.186202049255371]", "step": null, "ts": 1724634984.0000787}]}, "version": 1381, "at": 1724634984.0000787}
{"obj": {"type": "LogStrings", "path": ["monitoring", "ca52453c", "stdout"], "values": [{"value": "\n", "step": null, "ts": 1724634984.0000787}]}, "version": 1382, "at": 1724634984.0000787}
{"obj": {"type": "LogStrings", "path": ["monitoring", "ca52453c", "stdout"], "values": [{"value": "after thread drone ", "step": null, "ts": 1724634984.0009775}]}, "version": 1383, "at": 1724634984.0009775}
{"obj": {"type": "LogStrings", "path": ["monitoring", "ca52453c", "stdout"], "values": [{"value": " ", "step": null, "ts": 1724634984.0009775}]}, "version": 1384, "at": 1724634984.0009775}
{"obj": {"type": "LogStrings", "path": ["monitoring", "ca52453c", "stdout"], "values": [{"value": "1", "step": null, "ts": 1724634984.0009775}]}, "version": 1385, "at": 1724634984.0009775}
{"obj": {"type": "LogStrings", "path": ["monitoring", "ca52453c", "stdout"], "values": [{"value": "\n", "step": null, "ts": 1724634984.0009775}]}, "version": 1386, "at": 1724634984.0009775}
{"obj": {"type": "LogStrings", "path": ["monitoring", "ca52453c", "stdout"], "values": [{"value": "episode ", "step": null, "ts": 1724634984.0020127}]}, "version": 1387, "at": 1724634984.0020127}
{"obj": {"type": "LogStrings", "path": ["monitoring", "ca52453c", "stdout"], "values": [{"value": " ", "step": null, "ts": 1724634984.0020127}]}, "version": 1388, "at": 1724634984.0020127}
{"obj": {"type": "LogStrings", "path": ["monitoring", "ca52453c", "stdout"], "values": [{"value": "4", "step": null, "ts": 1724634984.0020127}]}, "version": 1389, "at": 1724634984.0020127}
{"obj": {"type": "LogFloats", "path": ["reward"], "values": [{"value": -20.76245480210489, "step": null, "ts": 1724634984.0020127}]}, "version": 1390, "at": 1724634984.0020127}
{"obj": {"type": "LogStrings", "path": ["monitoring", "ca52453c", "stdout"], "values": [{"value": " ", "step": null, "ts": 1724634984.0020127}]}, "version": 1391, "at": 1724634984.0020127}
{"obj": {"type": "LogFloats", "path": ["epsilon"], "values": [{"value": 0.991620662634337, "step": null, "ts": 1724634984.0020127}]}, "version": 1392, "at": 1724634984.0020127}
{"obj": {"type": "LogStrings", "path": ["monitoring", "ca52453c", "stdout"], "values": [{"value": "score -20.8", "step": null, "ts": 1724634984.0020127}]}, "version": 1393, "at": 1724634984.0020127}
{"obj": {"type": "LogStrings", "path": ["monitoring", "ca52453c", "stdout"], "values": [{"value": "\n", "step": null, "ts": 1724634984.0030699}]}, "version": 1394, "at": 1724634984.0030699}
{"obj": {"type": "LogStrings", "path": ["monitoring", "ca52453c", "stdout"], "values": [{"value": "episode ", "step": null, "ts": 1724634984.0030699}]}, "version": 1395, "at": 1724634984.0030699}
{"obj": {"type": "LogStrings", "path": ["monitoring", "ca52453c", "stdout"], "values": [{"value": " ", "step": null, "ts": 1724634984.0030699}]}, "version": 1396, "at": 1724634984.0030699}
{"obj": {"type": "LogStrings", "path": ["monitoring", "ca52453c", "stdout"], "values": [{"value": "5", "step": null, "ts": 1724634984.0039892}]}, "version": 1397, "at": 1724634984.0039892}
{"obj": {"type": "LogStrings", "path": ["monitoring", "ca52453c", "stdout"], "values": [{"value": "\n", "step": null, "ts": 1724634984.0039892}]}, "version": 1398, "at": 1724634984.0039892}
{"obj": {"type": "LogStrings", "path": ["monitoring", "ca52453c", "stdout"], "values": [{"value": "reset", "step": null, "ts": 1724634984.0039892}]}, "version": 1399, "at": 1724634984.0039892}
{"obj": {"type": "LogStrings", "path": ["monitoring", "ca52453c", "stdout"], "values": [{"value": "\n", "step": null, "ts": 1724634984.0049722}]}, "version": 1400, "at": 1724634984.0049722}
{"obj": {"type": "LogStrings", "path": ["monitoring", "ca52453c", "stdout"], "values": [{"value": "Found 1 cylinders in image", "step": null, "ts": 1724634984.8853977}]}, "version": 1401, "at": 1724634984.8853977}
{"obj": {"type": "LogStrings", "path": ["monitoring", "ca52453c", "stdout"], "values": [{"value": "\n", "step": null, "ts": 1724634984.888448}]}, "version": 1402, "at": 1724634984.888448}
{"obj": {"type": "LogFloats", "path": ["monitoring", "ca52453c", "cpu"], "values": [{"value": 11.4, "step": null, "ts": 1724634993.339649}]}, "version": 1403, "at": 1724634993.3465476}
{"obj": {"type": "LogFloats", "path": ["monitoring", "ca52453c", "memory"], "values": [{"value": 13.07565689086914, "step": null, "ts": 1724634993.339649}]}, "version": 1404, "at": 1724634993.3465476}
{"obj": {"type": "LogFloats", "path": ["monitoring", "ca52453c", "gpu"], "values": [{"value": 3.0, "step": null, "ts": 1724634993.339649}]}, "version": 1405, "at": 1724634993.3465476}
{"obj": {"type": "LogFloats", "path": ["monitoring", "ca52453c", "gpu_memory"], "values": [{"value": 1.3158149719238281, "step": null, "ts": 1724634993.339649}]}, "version": 1406, "at": 1724634993.3465476}
{"obj": {"type": "LogFloats", "path": ["monitoring", "ca52453c", "gpu_power"], "values": [{"value": 5.941, "step": null, "ts": 1724634993.339649}]}, "version": 1407, "at": 1724634993.3465476}
{"obj": {"type": "LogStrings", "path": ["monitoring", "ca52453c", "stdout"], "values": [{"value": "Drone1 moved with speed vector [1, 0, 0] with duration 2", "step": null, "ts": 1724634993.7622757}]}, "version": 1408, "at": 1724634993.7622757}
{"obj": {"type": "LogStrings", "path": ["monitoring", "ca52453c", "stdout"], "values": [{"value": "\n", "step": null, "ts": 1724634993.7622757}]}, "version": 1409, "at": 1724634993.7622757}
{"obj": {"type": "LogStrings", "path": ["monitoring", "ca52453c", "stdout"], "values": [{"value": "before threads ", "step": null, "ts": 1724634993.7622757}]}, "version": 1410, "at": 1724634993.7622757}
{"obj": {"type": "LogStrings", "path": ["monitoring", "ca52453c", "stdout"], "values": [{"value": " ", "step": null, "ts": 1724634993.7632773}]}, "version": 1411, "at": 1724634993.7632773}
{"obj": {"type": "LogStrings", "path": ["monitoring", "ca52453c", "stdout"], "values": [{"value": "0", "step": null, "ts": 1724634993.7632773}]}, "version": 1412, "at": 1724634993.7632773}
{"obj": {"type": "LogStrings", "path": ["monitoring", "ca52453c", "stdout"], "values": [{"value": "\n", "step": null, "ts": 1724634993.7632773}]}, "version": 1413, "at": 1724634993.7632773}
{"obj": {"type": "LogStrings", "path": ["monitoring", "ca52453c", "stdout"], "values": [{"value": "drone 2 ", "step": null, "ts": 1724634993.7643077}]}, "version": 1414, "at": 1724634993.7643077}
{"obj": {"type": "LogStrings", "path": ["monitoring", "ca52453c", "stdout"], "values": [{"value": " ", "step": null, "ts": 1724634993.7643077}]}, "version": 1415, "at": 1724634993.7643077}
{"obj": {"type": "LogStrings", "path": ["monitoring", "ca52453c", "stdout"], "values": [{"value": "(3, 0, 0)", "step": null, "ts": 1724634993.7652757}]}, "version": 1416, "at": 1724634993.7652757}
{"obj": {"type": "LogStrings", "path": ["monitoring", "ca52453c", "stdout"], "values": [{"value": "\n", "step": null, "ts": 1724634993.7652757}]}, "version": 1417, "at": 1724634993.7652757}
{"obj": {"type": "LogStrings", "path": ["monitoring", "ca52453c", "stdout"], "values": [{"value": "action ", "step": null, "ts": 1724634993.7652757}]}, "version": 1418, "at": 1724634993.7652757}
{"obj": {"type": "LogStrings", "path": ["monitoring", "ca52453c", "stdout"], "values": [{"value": " ", "step": null, "ts": 1724634993.7652757}]}, "version": 1419, "at": 1724634993.7652757}
{"obj": {"type": "LogStrings", "path": ["monitoring", "ca52453c", "stdout"], "values": [{"value": "103", "step": null, "ts": 1724634993.7652757}]}, "version": 1420, "at": 1724634993.7652757}
{"obj": {"type": "LogStrings", "path": ["monitoring", "ca52453c", "stdout"], "values": [{"value": "\n", "step": null, "ts": 1724634993.7652757}]}, "version": 1421, "at": 1724634993.7652757}
{"obj": {"type": "LogStrings", "path": ["monitoring", "ca52453c", "stdout"], "values": [{"value": "Found 1 cylinders in image", "step": null, "ts": 1724634994.2633595}]}, "version": 1422, "at": 1724634994.2633595}
{"obj": {"type": "LogStrings", "path": ["monitoring", "ca52453c", "stdout"], "values": [{"value": "\n", "step": null, "ts": 1724634994.2653642}]}, "version": 1423, "at": 1724634994.2653642}
{"obj": {"type": "LogStrings", "path": ["monitoring", "ca52453c", "stdout"], "values": [{"value": "new_x = ", "step": null, "ts": 1724634994.2685125}]}, "version": 1424, "at": 1724634994.2685125}
{"obj": {"type": "LogStrings", "path": ["monitoring", "ca52453c", "stdout"], "values": [{"value": " ", "step": null, "ts": 1724634994.2685125}]}, "version": 1425, "at": 1724634994.2685125}
{"obj": {"type": "LogStrings", "path": ["monitoring", "ca52453c", "stdout"], "values": [{"value": "2.223285219803117", "step": null, "ts": 1724634994.2685125}]}, "version": 1426, "at": 1724634994.2685125}
{"obj": {"type": "LogStrings", "path": ["monitoring", "ca52453c", "stdout"], "values": [{"value": " ", "step": null, "ts": 1724634994.2685125}]}, "version": 1427, "at": 1724634994.2685125}
{"obj": {"type": "LogStrings", "path": ["monitoring", "ca52453c", "stdout"], "values": [{"value": " new_y = ", "step": null, "ts": 1724634994.2685125}]}, "version": 1428, "at": 1724634994.2685125}
{"obj": {"type": "LogStrings", "path": ["monitoring", "ca52453c", "stdout"], "values": [{"value": " ", "step": null, "ts": 1724634994.269517}]}, "version": 1429, "at": 1724634994.269517}
{"obj": {"type": "LogStrings", "path": ["monitoring", "ca52453c", "stdout"], "values": [{"value": "-1.4414910446019584", "step": null, "ts": 1724634994.269517}]}, "version": 1430, "at": 1724634994.269517}
{"obj": {"type": "LogStrings", "path": ["monitoring", "ca52453c", "stdout"], "values": [{"value": "\n", "step": null, "ts": 1724634994.269517}]}, "version": 1431, "at": 1724634994.269517}
{"obj": {"type": "LogStrings", "path": ["monitoring", "ca52453c", "stdout"], "values": [{"value": "Drone2 moved with speed vector [3, 0, 0] with duration 2", "step": null, "ts": 1724634995.7836785}]}, "version": 1432, "at": 1724634995.7836785}
{"obj": {"type": "LogStrings", "path": ["monitoring", "ca52453c", "stdout"], "values": [{"value": "\n", "step": null, "ts": 1724634995.7846785}]}, "version": 1433, "at": 1724634995.7846785}
{"obj": {"type": "LogStrings", "path": ["monitoring", "ca52453c", "stdout"], "values": [{"value": "drone 2 ", "step": null, "ts": 1724634995.7846785}]}, "version": 1434, "at": 1724634995.7846785}
{"obj": {"type": "LogStrings", "path": ["monitoring", "ca52453c", "stdout"], "values": [{"value": " ", "step": null, "ts": 1724634995.7846785}]}, "version": 1435, "at": 1724634995.7846785}
{"obj": {"type": "LogStrings", "path": ["monitoring", "ca52453c", "stdout"], "values": [{"value": "(3, 2, 0)", "step": null, "ts": 1724634995.7846785}]}, "version": 1436, "at": 1724634995.7846785}
{"obj": {"type": "LogStrings", "path": ["monitoring", "ca52453c", "stdout"], "values": [{"value": "\n", "step": null, "ts": 1724634995.7856812}]}, "version": 1437, "at": 1724634995.7856812}
{"obj": {"type": "LogStrings", "path": ["monitoring", "ca52453c", "stdout"], "values": [{"value": "Drone1 moved with speed vector [2.223285219803117, -1.4414910446019584, 0] with duration 2", "step": null, "ts": 1724634996.286926}]}, "version": 1438, "at": 1724634996.286926}
{"obj": {"type": "LogStrings", "path": ["monitoring", "ca52453c", "stdout"], "values": [{"value": "\n", "step": null, "ts": 1724634996.286926}]}, "version": 1439, "at": 1724634996.286926}
{"obj": {"type": "LogStrings", "path": ["monitoring", "ca52453c", "stdout"], "values": [{"value": "Collision detected for drone Drone1", "step": null, "ts": 1724634996.287442}]}, "version": 1440, "at": 1724634996.287442}
{"obj": {"type": "LogStrings", "path": ["monitoring", "ca52453c", "stdout"], "values": [{"value": "\n", "step": null, "ts": 1724634996.287442}]}, "version": 1441, "at": 1724634996.287442}
{"obj": {"type": "LogStrings", "path": ["monitoring", "ca52453c", "stdout"], "values": [{"value": "Nom de l'objet: beam_metal_window_divider_4x1129", "step": null, "ts": 1724634996.287442}]}, "version": 1442, "at": 1724634996.287442}
{"obj": {"type": "LogStrings", "path": ["monitoring", "ca52453c", "stdout"], "values": [{"value": "\n", "step": null, "ts": 1724634996.288451}]}, "version": 1443, "at": 1724634996.288451}
{"obj": {"type": "LogStrings", "path": ["monitoring", "ca52453c", "stdout"], "values": [{"value": "rc=-50 , rfov=0 , rd=1.0002490192775657 , rdir = 0.09246446609497071 , robs= 0 , r_v=0 , r_ang= -1.0584515342051481 , rf=0 ", "step": null, "ts": 1724634996.288451}]}, "version": 1444, "at": 1724634996.288451}
{"obj": {"type": "LogStrings", "path": ["monitoring", "ca52453c", "stdout"], "values": [{"value": "\n", "step": null, "ts": 1724634996.288451}]}, "version": 1445, "at": 1724634996.2889848}
{"obj": {"type": "LogStrings", "path": ["monitoring", "ca52453c", "stdout"], "values": [{"value": "next state ", "step": null, "ts": 1724634996.2889848}]}, "version": 1446, "at": 1724634996.2889848}
{"obj": {"type": "LogStrings", "path": ["monitoring", "ca52453c", "stdout"], "values": [{"value": " ", "step": null, "ts": 1724634996.2889848}]}, "version": 1447, "at": 1724634996.2889848}
{"obj": {"type": "LogStrings", "path": ["monitoring", "ca52453c", "stdout"], "values": [{"value": "[0.0005926833177606265, 1.7019164217392062e-14, -0.035321390628814696, 0.0, 0.0, 0.0016203541308641434, 0.10590955195793551, 0.10715464834576387, 0.00078125, 0.0010029857246964067, 0.000781249962747097, 0.0013950414422117634, 0.0007494581490755082, 0.0012232350125724887, 14.623223304748535, 14.623223304748535, 14.623223304748535, 14.623223304748535, 14.623223304748535, 14.623223304748535, 14.623223304748535, 14.623223304748535, 14.623223304748535]", "step": null, "ts": 1724634996.2889848}]}, "version": 1448, "at": 1724634996.2889848}
{"obj": {"type": "LogStrings", "path": ["monitoring", "ca52453c", "stdout"], "values": [{"value": "\n", "step": null, "ts": 1724634996.2889848}]}, "version": 1449, "at": 1724634996.2889848}
{"obj": {"type": "LogStrings", "path": ["monitoring", "ca52453c", "stdout"], "values": [{"value": "Drone2 moved with speed vector [3, 2, 0] with duration 2", "step": null, "ts": 1724634997.8144448}]}, "version": 1450, "at": 1724634997.8144448}
{"obj": {"type": "LogStrings", "path": ["monitoring", "ca52453c", "stdout"], "values": [{"value": "\n", "step": null, "ts": 1724634997.8144448}]}, "version": 1451, "at": 1724634997.8144448}
{"obj": {"type": "LogStrings", "path": ["monitoring", "ca52453c", "stdout"], "values": [{"value": "drone 2 ", "step": null, "ts": 1724634997.8144448}]}, "version": 1452, "at": 1724634997.8144448}
{"obj": {"type": "LogStrings", "path": ["monitoring", "ca52453c", "stdout"], "values": [{"value": " ", "step": null, "ts": 1724634997.8144448}]}, "version": 1453, "at": 1724634997.8144448}
{"obj": {"type": "LogStrings", "path": ["monitoring", "ca52453c", "stdout"], "values": [{"value": "(6, 0, 0)", "step": null, "ts": 1724634997.8144448}]}, "version": 1454, "at": 1724634997.8144448}
{"obj": {"type": "LogStrings", "path": ["monitoring", "ca52453c", "stdout"], "values": [{"value": "\n", "step": null, "ts": 1724634997.8153987}]}, "version": 1455, "at": 1724634997.8153987}
{"obj": {"type": "LogStrings", "path": ["monitoring", "ca52453c", "stdout"], "values": [{"value": "Drone2 moved with speed vector [6, 0, 0] with duration 2", "step": null, "ts": 1724634999.8473375}]}, "version": 1456, "at": 1724634999.8473375}
{"obj": {"type": "LogStrings", "path": ["monitoring", "ca52453c", "stdout"], "values": [{"value": "\n", "step": null, "ts": 1724634999.8482473}]}, "version": 1457, "at": 1724634999.8482473}
{"obj": {"type": "LogStrings", "path": ["monitoring", "ca52453c", "stdout"], "values": [{"value": "drone 2 ", "step": null, "ts": 1724634999.8485534}]}, "version": 1458, "at": 1724634999.8485534}
{"obj": {"type": "LogStrings", "path": ["monitoring", "ca52453c", "stdout"], "values": [{"value": " ", "step": null, "ts": 1724634999.8485534}]}, "version": 1459, "at": 1724634999.8485534}
{"obj": {"type": "LogStrings", "path": ["monitoring", "ca52453c", "stdout"], "values": [{"value": "(6, -4, 0)", "step": null, "ts": 1724634999.8485534}]}, "version": 1460, "at": 1724634999.8485534}
{"obj": {"type": "LogStrings", "path": ["monitoring", "ca52453c", "stdout"], "values": [{"value": "\n", "step": null, "ts": 1724634999.8495617}]}, "version": 1461, "at": 1724634999.8495617}
{"obj": {"type": "LogStrings", "path": ["monitoring", "ca52453c", "stdout"], "values": [{"value": "Drone2 moved with speed vector [6, -4, 0] with duration 2", "step": null, "ts": 1724635001.8938713}]}, "version": 1462, "at": 1724635001.8938713}
{"obj": {"type": "LogStrings", "path": ["monitoring", "ca52453c", "stdout"], "values": [{"value": "\n", "step": null, "ts": 1724635001.894874}]}, "version": 1463, "at": 1724635001.894874}
{"obj": {"type": "LogStrings", "path": ["monitoring", "ca52453c", "stdout"], "values": [{"value": "drone 2 ", "step": null, "ts": 1724635001.894874}]}, "version": 1464, "at": 1724635001.894874}
{"obj": {"type": "LogStrings", "path": ["monitoring", "ca52453c", "stdout"], "values": [{"value": " ", "step": null, "ts": 1724635001.894874}]}, "version": 1465, "at": 1724635001.894874}
{"obj": {"type": "LogStrings", "path": ["monitoring", "ca52453c", "stdout"], "values": [{"value": "(12, 0, 0)", "step": null, "ts": 1724635001.894874}]}, "version": 1466, "at": 1724635001.894874}
{"obj": {"type": "LogStrings", "path": ["monitoring", "ca52453c", "stdout"], "values": [{"value": "\n", "step": null, "ts": 1724635001.894874}]}, "version": 1467, "at": 1724635001.894874}
{"obj": {"type": "LogFloats", "path": ["monitoring", "ca52453c", "cpu"], "values": [{"value": 13.4, "step": null, "ts": 1724635003.3568006}]}, "version": 1468, "at": 1724635003.3686287}
{"obj": {"type": "LogFloats", "path": ["monitoring", "ca52453c", "memory"], "values": [{"value": 13.102516174316406, "step": null, "ts": 1724635003.3568006}]}, "version": 1469, "at": 1724635003.3696349}
{"obj": {"type": "LogFloats", "path": ["monitoring", "ca52453c", "gpu"], "values": [{"value": 41.0, "step": null, "ts": 1724635003.3568006}]}, "version": 1470, "at": 1724635003.3696349}
{"obj": {"type": "LogFloats", "path": ["monitoring", "ca52453c", "gpu_memory"], "values": [{"value": 1.3150215148925781, "step": null, "ts": 1724635003.3568006}]}, "version": 1471, "at": 1724635003.3696349}
{"obj": {"type": "LogFloats", "path": ["monitoring", "ca52453c", "gpu_power"], "values": [{"value": 16.383, "step": null, "ts": 1724635003.3568006}]}, "version": 1472, "at": 1724635003.3696349}
{"obj": {"type": "LogStrings", "path": ["monitoring", "ca52453c", "stdout"], "values": [{"value": "Drone2 moved with speed vector [12, 0, 0] with duration 2", "step": null, "ts": 1724635003.9381745}]}, "version": 1473, "at": 1724635003.9381745}
{"obj": {"type": "LogStrings", "path": ["monitoring", "ca52453c", "stdout"], "values": [{"value": "\n", "step": null, "ts": 1724635003.939181}]}, "version": 1474, "at": 1724635003.939181}
{"obj": {"type": "LogStrings", "path": ["monitoring", "ca52453c", "stdout"], "values": [{"value": "drone 2 ", "step": null, "ts": 1724635003.939181}]}, "version": 1475, "at": 1724635003.939181}
{"obj": {"type": "LogStrings", "path": ["monitoring", "ca52453c", "stdout"], "values": [{"value": " ", "step": null, "ts": 1724635003.939181}]}, "version": 1476, "at": 1724635003.939181}
{"obj": {"type": "LogStrings", "path": ["monitoring", "ca52453c", "stdout"], "values": [{"value": "(3, 2, 0)", "step": null, "ts": 1724635003.9401731}]}, "version": 1477, "at": 1724635003.9401731}
{"obj": {"type": "LogStrings", "path": ["monitoring", "ca52453c", "stdout"], "values": [{"value": "\n", "step": null, "ts": 1724635003.9401731}]}, "version": 1478, "at": 1724635003.9401731}
{"obj": {"type": "LogStrings", "path": ["monitoring", "ca52453c", "stdout"], "values": [{"value": "Drone2 moved with speed vector [3, 2, 0] with duration 2", "step": null, "ts": 1724635005.9952745}]}, "version": 1479, "at": 1724635005.9952745}
{"obj": {"type": "LogStrings", "path": ["monitoring", "ca52453c", "stdout"], "values": [{"value": "\n", "step": null, "ts": 1724635005.9973614}]}, "version": 1480, "at": 1724635005.9973614}
{"obj": {"type": "LogStrings", "path": ["monitoring", "ca52453c", "stdout"], "values": [{"value": "drone 2 ", "step": null, "ts": 1724635005.9994678}]}, "version": 1481, "at": 1724635005.9994678}
{"obj": {"type": "LogStrings", "path": ["monitoring", "ca52453c", "stdout"], "values": [{"value": " ", "step": null, "ts": 1724635005.9994678}]}, "version": 1482, "at": 1724635005.9994678}
{"obj": {"type": "LogStrings", "path": ["monitoring", "ca52453c", "stdout"], "values": [{"value": "(6, 0, 0)", "step": null, "ts": 1724635005.9994678}]}, "version": 1483, "at": 1724635005.9994678}
{"obj": {"type": "LogStrings", "path": ["monitoring", "ca52453c", "stdout"], "values": [{"value": "\n", "step": null, "ts": 1724635006.0003157}]}, "version": 1484, "at": 1724635006.0003157}
{"obj": {"type": "LogStrings", "path": ["monitoring", "ca52453c", "stdout"], "values": [{"value": "Drone2 moved with speed vector [6, 0, 0] with duration 2", "step": null, "ts": 1724635008.0270898}]}, "version": 1485, "at": 1724635008.0281384}
{"obj": {"type": "LogStrings", "path": ["monitoring", "ca52453c", "stdout"], "values": [{"value": "\n", "step": null, "ts": 1724635008.0281384}]}, "version": 1486, "at": 1724635008.0281384}
{"obj": {"type": "LogStrings", "path": ["monitoring", "ca52453c", "stdout"], "values": [{"value": "drone 2 ", "step": null, "ts": 1724635008.0281384}]}, "version": 1487, "at": 1724635008.0281384}
{"obj": {"type": "LogStrings", "path": ["monitoring", "ca52453c", "stdout"], "values": [{"value": " ", "step": null, "ts": 1724635008.0281384}]}, "version": 1488, "at": 1724635008.0281384}
{"obj": {"type": "LogStrings", "path": ["monitoring", "ca52453c", "stdout"], "values": [{"value": "(6, -4, 0)", "step": null, "ts": 1724635008.0281384}]}, "version": 1489, "at": 1724635008.0281384}
{"obj": {"type": "LogStrings", "path": ["monitoring", "ca52453c", "stdout"], "values": [{"value": "\n", "step": null, "ts": 1724635008.0290942}]}, "version": 1490, "at": 1724635008.0290942}
{"obj": {"type": "LogStrings", "path": ["monitoring", "ca52453c", "stdout"], "values": [{"value": "Drone2 moved with speed vector [6, -4, 0] with duration 2", "step": null, "ts": 1724635010.0494976}]}, "version": 1491, "at": 1724635010.0506182}
{"obj": {"type": "LogStrings", "path": ["monitoring", "ca52453c", "stdout"], "values": [{"value": "\n", "step": null, "ts": 1724635010.0514987}]}, "version": 1492, "at": 1724635010.0524974}
{"obj": {"type": "LogStrings", "path": ["monitoring", "ca52453c", "stdout"], "values": [{"value": "drone 2 ", "step": null, "ts": 1724635010.0524974}]}, "version": 1493, "at": 1724635010.0524974}
{"obj": {"type": "LogStrings", "path": ["monitoring", "ca52453c", "stdout"], "values": [{"value": " ", "step": null, "ts": 1724635010.0524974}]}, "version": 1494, "at": 1724635010.0524974}
{"obj": {"type": "LogStrings", "path": ["monitoring", "ca52453c", "stdout"], "values": [{"value": "(9, 0, 0)", "step": null, "ts": 1724635010.0524974}]}, "version": 1495, "at": 1724635010.0524974}
{"obj": {"type": "LogStrings", "path": ["monitoring", "ca52453c", "stdout"], "values": [{"value": "\n", "step": null, "ts": 1724635010.0535417}]}, "version": 1496, "at": 1724635010.0535417}
{"obj": {"type": "LogStrings", "path": ["monitoring", "ca52453c", "stdout"], "values": [{"value": "Drone2 moved with speed vector [9, 0, 0] with duration 2", "step": null, "ts": 1724635012.0721889}]}, "version": 1497, "at": 1724635012.0721889}
{"obj": {"type": "LogStrings", "path": ["monitoring", "ca52453c", "stdout"], "values": [{"value": "\n", "step": null, "ts": 1724635012.0721889}]}, "version": 1498, "at": 1724635012.0721889}
{"obj": {"type": "LogStrings", "path": ["monitoring", "ca52453c", "stdout"], "values": [{"value": "drone 2 ", "step": null, "ts": 1724635012.0721889}]}, "version": 1499, "at": 1724635012.0721889}
{"obj": {"type": "LogStrings", "path": ["monitoring", "ca52453c", "stdout"], "values": [{"value": " ", "step": null, "ts": 1724635012.0721889}]}, "version": 1500, "at": 1724635012.0732286}
{"obj": {"type": "LogStrings", "path": ["monitoring", "ca52453c", "stdout"], "values": [{"value": "(0, 0, 0)", "step": null, "ts": 1724635012.0732286}]}, "version": 1501, "at": 1724635012.0732286}
{"obj": {"type": "LogStrings", "path": ["monitoring", "ca52453c", "stdout"], "values": [{"value": "\n", "step": null, "ts": 1724635012.0732286}]}, "version": 1502, "at": 1724635012.0732286}
{"obj": {"type": "LogFloats", "path": ["monitoring", "ca52453c", "cpu"], "values": [{"value": 12.6, "step": null, "ts": 1724635013.3721902}]}, "version": 1503, "at": 1724635013.38409}
{"obj": {"type": "LogFloats", "path": ["monitoring", "ca52453c", "memory"], "values": [{"value": 13.102096557617188, "step": null, "ts": 1724635013.3721902}]}, "version": 1504, "at": 1724635013.3850806}
{"obj": {"type": "LogFloats", "path": ["monitoring", "ca52453c", "gpu"], "values": [{"value": 22.0, "step": null, "ts": 1724635013.3721902}]}, "version": 1505, "at": 1724635013.3850806}
{"obj": {"type": "LogFloats", "path": ["monitoring", "ca52453c", "gpu_memory"], "values": [{"value": 1.3150215148925781, "step": null, "ts": 1724635013.3721902}]}, "version": 1506, "at": 1724635013.3850806}
{"obj": {"type": "LogFloats", "path": ["monitoring", "ca52453c", "gpu_power"], "values": [{"value": 6.275, "step": null, "ts": 1724635013.3721902}]}, "version": 1507, "at": 1724635013.3850806}
{"obj": {"type": "LogStrings", "path": ["monitoring", "ca52453c", "stdout"], "values": [{"value": "Drone2 moved with speed vector [0, 0, 0] with duration 2", "step": null, "ts": 1724635014.0921068}]}, "version": 1508, "at": 1724635014.0921068}
{"obj": {"type": "LogStrings", "path": ["monitoring", "ca52453c", "stdout"], "values": [{"value": "\n", "step": null, "ts": 1724635014.0921068}]}, "version": 1509, "at": 1724635014.0921068}
{"obj": {"type": "LogStrings", "path": ["monitoring", "ca52453c", "stdout"], "values": [{"value": "after thread target ", "step": null, "ts": 1724635014.093108}]}, "version": 1510, "at": 1724635014.093108}
{"obj": {"type": "LogStrings", "path": ["monitoring", "ca52453c", "stdout"], "values": [{"value": " ", "step": null, "ts": 1724635014.093108}]}, "version": 1511, "at": 1724635014.093108}
{"obj": {"type": "LogStrings", "path": ["monitoring", "ca52453c", "stdout"], "values": [{"value": "1", "step": null, "ts": 1724635014.093108}]}, "version": 1512, "at": 1724635014.093108}
{"obj": {"type": "LogStrings", "path": ["monitoring", "ca52453c", "stdout"], "values": [{"value": "\n", "step": null, "ts": 1724635014.093108}]}, "version": 1513, "at": 1724635014.093108}
{"obj": {"type": "LogStrings", "path": ["monitoring", "ca52453c", "stdout"], "values": [{"value": "after thread drone ", "step": null, "ts": 1724635014.093108}]}, "version": 1514, "at": 1724635014.093108}
{"obj": {"type": "LogStrings", "path": ["monitoring", "ca52453c", "stdout"], "values": [{"value": " ", "step": null, "ts": 1724635014.093108}]}, "version": 1515, "at": 1724635014.093108}
{"obj": {"type": "LogStrings", "path": ["monitoring", "ca52453c", "stdout"], "values": [{"value": "1", "step": null, "ts": 1724635014.093108}]}, "version": 1516, "at": 1724635014.093108}
{"obj": {"type": "LogStrings", "path": ["monitoring", "ca52453c", "stdout"], "values": [{"value": "\n", "step": null, "ts": 1724635014.093108}]}, "version": 1517, "at": 1724635014.093108}
{"obj": {"type": "LogFloats", "path": ["reward"], "values": [{"value": -49.965738048832606, "step": null, "ts": 1724635014.094106}]}, "version": 1518, "at": 1724635014.094106}
{"obj": {"type": "LogFloats", "path": ["epsilon"], "values": [{"value": 0.989953325146274, "step": null, "ts": 1724635014.094106}]}, "version": 1519, "at": 1724635014.094106}
{"obj": {"type": "LogStrings", "path": ["monitoring", "ca52453c", "stdout"], "values": [{"value": "episode ", "step": null, "ts": 1724635014.094106}]}, "version": 1520, "at": 1724635014.094106}
{"obj": {"type": "LogStrings", "path": ["monitoring", "ca52453c", "stdout"], "values": [{"value": " ", "step": null, "ts": 1724635014.094106}]}, "version": 1521, "at": 1724635014.094106}
{"obj": {"type": "LogStrings", "path": ["monitoring", "ca52453c", "stdout"], "values": [{"value": "6", "step": null, "ts": 1724635014.094106}]}, "version": 1522, "at": 1724635014.094106}
{"obj": {"type": "LogStrings", "path": ["monitoring", "ca52453c", "stdout"], "values": [{"value": "\n", "step": null, "ts": 1724635014.094106}]}, "version": 1523, "at": 1724635014.094106}
{"obj": {"type": "LogStrings", "path": ["monitoring", "ca52453c", "stdout"], "values": [{"value": "reset", "step": null, "ts": 1724635014.094106}]}, "version": 1524, "at": 1724635014.094106}
{"obj": {"type": "LogStrings", "path": ["monitoring", "ca52453c", "stdout"], "values": [{"value": "\n", "step": null, "ts": 1724635014.094106}]}, "version": 1525, "at": 1724635014.094106}
{"obj": {"type": "LogStrings", "path": ["monitoring", "ca52453c", "stdout"], "values": [{"value": "Found 1 cylinders in image", "step": null, "ts": 1724635014.940778}]}, "version": 1526, "at": 1724635014.940778}
{"obj": {"type": "LogStrings", "path": ["monitoring", "ca52453c", "stdout"], "values": [{"value": "\n", "step": null, "ts": 1724635014.9427917}]}, "version": 1527, "at": 1724635014.9427917}
{"obj": {"type": "LogFloats", "path": ["monitoring", "ca52453c", "cpu"], "values": [{"value": 11.5, "step": null, "ts": 1724635023.3972645}]}, "version": 1528, "at": 1724635023.4041789}
{"obj": {"type": "LogFloats", "path": ["monitoring", "ca52453c", "memory"], "values": [{"value": 13.093799591064453, "step": null, "ts": 1724635023.3972645}]}, "version": 1529, "at": 1724635023.4041789}
{"obj": {"type": "LogFloats", "path": ["monitoring", "ca52453c", "gpu"], "values": [{"value": 5.0, "step": null, "ts": 1724635023.3972645}]}, "version": 1530, "at": 1724635023.4041789}
{"obj": {"type": "LogFloats", "path": ["monitoring", "ca52453c", "gpu_memory"], "values": [{"value": 1.3158149719238281, "step": null, "ts": 1724635023.3972645}]}, "version": 1531, "at": 1724635023.4041789}
{"obj": {"type": "LogFloats", "path": ["monitoring", "ca52453c", "gpu_power"], "values": [{"value": 5.714, "step": null, "ts": 1724635023.3972645}]}, "version": 1532, "at": 1724635023.4041789}
{"obj": {"type": "LogStrings", "path": ["monitoring", "ca52453c", "stdout"], "values": [{"value": "Drone1 moved with speed vector [1, 0, 0] with duration 2", "step": null, "ts": 1724635023.8243327}]}, "version": 1533, "at": 1724635023.8243327}
{"obj": {"type": "LogStrings", "path": ["monitoring", "ca52453c", "stdout"], "values": [{"value": "\n", "step": null, "ts": 1724635023.8243327}]}, "version": 1534, "at": 1724635023.8243327}
{"obj": {"type": "LogStrings", "path": ["monitoring", "ca52453c", "stdout"], "values": [{"value": "before threads ", "step": null, "ts": 1724635023.8243327}]}, "version": 1535, "at": 1724635023.8243327}
{"obj": {"type": "LogStrings", "path": ["monitoring", "ca52453c", "stdout"], "values": [{"value": " ", "step": null, "ts": 1724635023.8243327}]}, "version": 1536, "at": 1724635023.8243327}
{"obj": {"type": "LogStrings", "path": ["monitoring", "ca52453c", "stdout"], "values": [{"value": "0", "step": null, "ts": 1724635023.8243327}]}, "version": 1537, "at": 1724635023.8243327}
{"obj": {"type": "LogStrings", "path": ["monitoring", "ca52453c", "stdout"], "values": [{"value": "\n", "step": null, "ts": 1724635023.8243327}]}, "version": 1538, "at": 1724635023.8243327}
{"obj": {"type": "LogStrings", "path": ["monitoring", "ca52453c", "stdout"], "values": [{"value": "drone 2 ", "step": null, "ts": 1724635023.8253336}]}, "version": 1539, "at": 1724635023.8253336}
{"obj": {"type": "LogStrings", "path": ["monitoring", "ca52453c", "stdout"], "values": [{"value": " ", "step": null, "ts": 1724635023.8253336}]}, "version": 1540, "at": 1724635023.8253336}
{"obj": {"type": "LogStrings", "path": ["monitoring", "ca52453c", "stdout"], "values": [{"value": "(3, 0, 0)", "step": null, "ts": 1724635023.8263338}]}, "version": 1541, "at": 1724635023.8263338}
{"obj": {"type": "LogStrings", "path": ["monitoring", "ca52453c", "stdout"], "values": [{"value": "action ", "step": null, "ts": 1724635023.8281193}]}, "version": 1542, "at": 1724635023.8281193}
{"obj": {"type": "LogStrings", "path": ["monitoring", "ca52453c", "stdout"], "values": [{"value": " ", "step": null, "ts": 1724635023.8281193}]}, "version": 1543, "at": 1724635023.8281193}
{"obj": {"type": "LogStrings", "path": ["monitoring", "ca52453c", "stdout"], "values": [{"value": "230", "step": null, "ts": 1724635023.8281193}]}, "version": 1544, "at": 1724635023.8281193}
{"obj": {"type": "LogStrings", "path": ["monitoring", "ca52453c", "stdout"], "values": [{"value": "\n", "step": null, "ts": 1724635023.8291178}]}, "version": 1545, "at": 1724635023.8291178}
{"obj": {"type": "LogStrings", "path": ["monitoring", "ca52453c", "stdout"], "values": [{"value": "\n", "step": null, "ts": 1724635023.8291178}]}, "version": 1546, "at": 1724635023.8291178}
{"obj": {"type": "LogStrings", "path": ["monitoring", "ca52453c", "stdout"], "values": [{"value": "Found 1 cylinders in image", "step": null, "ts": 1724635024.360057}]}, "version": 1547, "at": 1724635024.360057}
{"obj": {"type": "LogStrings", "path": ["monitoring", "ca52453c", "stdout"], "values": [{"value": "\n", "step": null, "ts": 1724635024.3620596}]}, "version": 1548, "at": 1724635024.3620596}
{"obj": {"type": "LogStrings", "path": ["monitoring", "ca52453c", "stdout"], "values": [{"value": "new_x = ", "step": null, "ts": 1724635024.3640597}]}, "version": 1549, "at": 1724635024.3640597}
{"obj": {"type": "LogStrings", "path": ["monitoring", "ca52453c", "stdout"], "values": [{"value": " ", "step": null, "ts": 1724635024.3640597}]}, "version": 1550, "at": 1724635024.3640597}
{"obj": {"type": "LogStrings", "path": ["monitoring", "ca52453c", "stdout"], "values": [{"value": "-0.09605851131381375", "step": null, "ts": 1724635024.3640597}]}, "version": 1551, "at": 1724635024.3650599}
{"obj": {"type": "LogStrings", "path": ["monitoring", "ca52453c", "stdout"], "values": [{"value": " ", "step": null, "ts": 1724635024.3650599}]}, "version": 1552, "at": 1724635024.3650599}
{"obj": {"type": "LogStrings", "path": ["monitoring", "ca52453c", "stdout"], "values": [{"value": " new_y = ", "step": null, "ts": 1724635024.3650599}]}, "version": 1553, "at": 1724635024.3650599}
{"obj": {"type": "LogStrings", "path": ["monitoring", "ca52453c", "stdout"], "values": [{"value": " ", "step": null, "ts": 1724635024.3650599}]}, "version": 1554, "at": 1724635024.3650599}
{"obj": {"type": "LogStrings", "path": ["monitoring", "ca52453c", "stdout"], "values": [{"value": "-0.6152865778001985", "step": null, "ts": 1724635024.3650599}]}, "version": 1555, "at": 1724635024.3650599}
{"obj": {"type": "LogStrings", "path": ["monitoring", "ca52453c", "stdout"], "values": [{"value": "\n", "step": null, "ts": 1724635024.3650599}]}, "version": 1556, "at": 1724635024.3650599}
{"obj": {"type": "LogStrings", "path": ["monitoring", "ca52453c", "stdout"], "values": [{"value": "Drone2 moved with speed vector [3, 0, 0] with duration 2", "step": null, "ts": 1724635025.8506753}]}, "version": 1557, "at": 1724635025.8506753}
{"obj": {"type": "LogStrings", "path": ["monitoring", "ca52453c", "stdout"], "values": [{"value": "\n", "step": null, "ts": 1724635025.8506753}]}, "version": 1558, "at": 1724635025.8506753}
{"obj": {"type": "LogStrings", "path": ["monitoring", "ca52453c", "stdout"], "values": [{"value": "drone 2 ", "step": null, "ts": 1724635025.8506753}]}, "version": 1559, "at": 1724635025.8506753}
{"obj": {"type": "LogStrings", "path": ["monitoring", "ca52453c", "stdout"], "values": [{"value": " ", "step": null, "ts": 1724635025.8506753}]}, "version": 1560, "at": 1724635025.8506753}
{"obj": {"type": "LogStrings", "path": ["monitoring", "ca52453c", "stdout"], "values": [{"value": "(3, 2, 0)", "step": null, "ts": 1724635025.8506753}]}, "version": 1561, "at": 1724635025.8506753}
{"obj": {"type": "LogStrings", "path": ["monitoring", "ca52453c", "stdout"], "values": [{"value": "\n", "step": null, "ts": 1724635025.8506753}]}, "version": 1562, "at": 1724635025.8506753}
{"obj": {"type": "LogStrings", "path": ["monitoring", "ca52453c", "stdout"], "values": [{"value": "Drone1 moved with speed vector [-0.09605851131381375, -0.6152865778001985, 0] with duration 3", "step": null, "ts": 1724635027.3743613}]}, "version": 1563, "at": 1724635027.3743613}
{"obj": {"type": "LogStrings", "path": ["monitoring", "ca52453c", "stdout"], "values": [{"value": "\n", "step": null, "ts": 1724635027.3753636}]}, "version": 1564, "at": 1724635027.3753636}
{"obj": {"type": "LogStrings", "path": ["monitoring", "ca52453c", "stdout"], "values": [{"value": "Collision detected for drone Drone1", "step": null, "ts": 1724635027.3753636}]}, "version": 1565, "at": 1724635027.3753636}
{"obj": {"type": "LogStrings", "path": ["monitoring", "ca52453c", "stdout"], "values": [{"value": "\n", "step": null, "ts": 1724635027.376364}]}, "version": 1566, "at": 1724635027.376364}
{"obj": {"type": "LogStrings", "path": ["monitoring", "ca52453c", "stdout"], "values": [{"value": "Nom de l'objet: beam_metal_window_divider_4x1129", "step": null, "ts": 1724635027.3768704}]}, "version": 1567, "at": 1724635027.3768704}
{"obj": {"type": "LogStrings", "path": ["monitoring", "ca52453c", "stdout"], "values": [{"value": "\n", "step": null, "ts": 1724635027.3768704}]}, "version": 1568, "at": 1724635027.3768704}
{"obj": {"type": "LogStrings", "path": ["monitoring", "ca52453c", "stdout"], "values": [{"value": "rc=-50 , rfov=0 , rd=1.0002357729155893 , rdir = 0.09246446609497071 , robs= 0 , r_v=0 , r_ang= -1.0584413069766863 , rf=0 ", "step": null, "ts": 1724635027.3773773}]}, "version": 1569, "at": 1724635027.3773773}
{"obj": {"type": "LogStrings", "path": ["monitoring", "ca52453c", "stdout"], "values": [{"value": "\n", "step": null, "ts": 1724635027.3773773}]}, "version": 1570, "at": 1724635027.3773773}
{"obj": {"type": "LogStrings", "path": ["monitoring", "ca52453c", "stdout"], "values": [{"value": "next state ", "step": null, "ts": 1724635027.3773773}]}, "version": 1571, "at": 1724635027.3773773}
{"obj": {"type": "LogStrings", "path": ["monitoring", "ca52453c", "stdout"], "values": [{"value": " ", "step": null, "ts": 1724635027.3783832}]}, "version": 1572, "at": 1724635027.3783832}
{"obj": {"type": "LogStrings", "path": ["monitoring", "ca52453c", "stdout"], "values": [{"value": "[0.0006920613969365756, -1.8157123663394466e-13, -0.0353210965792338, 0.0, 0.0, 0.0016201955576737722, 0.10597578376781762, 0.10715464834576387, 0.00078125, 0.0010044323956524884, 0.000781249962747097, 0.0013950416188181184, 0.00078125, 0.0010029857246964067, 14.623223304748535, 14.623223304748535, 14.623223304748535, 14.623223304748535, 14.623223304748535, 14.623223304748535, 14.623223304748535, 14.623223304748535, 14.623223304748535]", "step": null, "ts": 1724635027.3783832}]}, "version": 1573, "at": 1724635027.3783832}
{"obj": {"type": "LogStrings", "path": ["monitoring", "ca52453c", "stdout"], "values": [{"value": "\n", "step": null, "ts": 1724635027.3783832}]}, "version": 1574, "at": 1724635027.3783832}
{"obj": {"type": "LogStrings", "path": ["monitoring", "ca52453c", "stdout"], "values": [{"value": "Drone2 moved with speed vector [3, 2, 0] with duration 2", "step": null, "ts": 1724635027.870404}]}, "version": 1575, "at": 1724635027.870404}
{"obj": {"type": "LogStrings", "path": ["monitoring", "ca52453c", "stdout"], "values": [{"value": "\n", "step": null, "ts": 1724635027.870404}]}, "version": 1576, "at": 1724635027.870404}
{"obj": {"type": "LogStrings", "path": ["monitoring", "ca52453c", "stdout"], "values": [{"value": "drone 2 ", "step": null, "ts": 1724635027.870404}]}, "version": 1577, "at": 1724635027.870404}
{"obj": {"type": "LogStrings", "path": ["monitoring", "ca52453c", "stdout"], "values": [{"value": " ", "step": null, "ts": 1724635027.870404}]}, "version": 1578, "at": 1724635027.870404}
{"obj": {"type": "LogStrings", "path": ["monitoring", "ca52453c", "stdout"], "values": [{"value": "(6, 0, 0)", "step": null, "ts": 1724635027.870404}]}, "version": 1579, "at": 1724635027.870404}
{"obj": {"type": "LogStrings", "path": ["monitoring", "ca52453c", "stdout"], "values": [{"value": "\n", "step": null, "ts": 1724635027.870404}]}, "version": 1580, "at": 1724635027.870404}
{"obj": {"type": "LogStrings", "path": ["monitoring", "ca52453c", "stdout"], "values": [{"value": "Drone2 moved with speed vector [6, 0, 0] with duration 2", "step": null, "ts": 1724635029.8890262}]}, "version": 1581, "at": 1724635029.8890262}
{"obj": {"type": "LogStrings", "path": ["monitoring", "ca52453c", "stdout"], "values": [{"value": "\n", "step": null, "ts": 1724635029.8890262}]}, "version": 1582, "at": 1724635029.8890262}
{"obj": {"type": "LogStrings", "path": ["monitoring", "ca52453c", "stdout"], "values": [{"value": "drone 2 ", "step": null, "ts": 1724635029.8890262}]}, "version": 1583, "at": 1724635029.8890262}
{"obj": {"type": "LogStrings", "path": ["monitoring", "ca52453c", "stdout"], "values": [{"value": " ", "step": null, "ts": 1724635029.8900332}]}, "version": 1584, "at": 1724635029.8900332}
{"obj": {"type": "LogStrings", "path": ["monitoring", "ca52453c", "stdout"], "values": [{"value": "(6, -4, 0)", "step": null, "ts": 1724635029.8900332}]}, "version": 1585, "at": 1724635029.8900332}
{"obj": {"type": "LogStrings", "path": ["monitoring", "ca52453c", "stdout"], "values": [{"value": "\n", "step": null, "ts": 1724635029.8900332}]}, "version": 1586, "at": 1724635029.8900332}
{"obj": {"type": "LogStrings", "path": ["monitoring", "ca52453c", "stdout"], "values": [{"value": "Drone2 moved with speed vector [6, -4, 0] with duration 2", "step": null, "ts": 1724635031.9092703}]}, "version": 1587, "at": 1724635031.9092703}
{"obj": {"type": "LogStrings", "path": ["monitoring", "ca52453c", "stdout"], "values": [{"value": "\n", "step": null, "ts": 1724635031.9092703}]}, "version": 1588, "at": 1724635031.9092703}
{"obj": {"type": "LogStrings", "path": ["monitoring", "ca52453c", "stdout"], "values": [{"value": "drone 2 ", "step": null, "ts": 1724635031.9092703}]}, "version": 1589, "at": 1724635031.9092703}
{"obj": {"type": "LogStrings", "path": ["monitoring", "ca52453c", "stdout"], "values": [{"value": " ", "step": null, "ts": 1724635031.9092703}]}, "version": 1590, "at": 1724635031.9092703}
{"obj": {"type": "LogStrings", "path": ["monitoring", "ca52453c", "stdout"], "values": [{"value": "(12, 0, 0)", "step": null, "ts": 1724635031.9102702}]}, "version": 1591, "at": 1724635031.9102702}
{"obj": {"type": "LogStrings", "path": ["monitoring", "ca52453c", "stdout"], "values": [{"value": "\n", "step": null, "ts": 1724635031.9102702}]}, "version": 1592, "at": 1724635031.9102702}
{"obj": {"type": "LogFloats", "path": ["monitoring", "ca52453c", "cpu"], "values": [{"value": 13.5, "step": null, "ts": 1724635033.417894}]}, "version": 1593, "at": 1724635033.4239142}
{"obj": {"type": "LogFloats", "path": ["monitoring", "ca52453c", "memory"], "values": [{"value": 13.111034393310547, "step": null, "ts": 1724635033.417894}]}, "version": 1594, "at": 1724635033.4249144}
{"obj": {"type": "LogFloats", "path": ["monitoring", "ca52453c", "gpu_memory"], "values": [{"value": 1.3158149719238281, "step": null, "ts": 1724635033.417894}]}, "version": 1595, "at": 1724635033.4249144}
{"obj": {"type": "LogFloats", "path": ["monitoring", "ca52453c", "gpu_power"], "values": [{"value": 5.34, "step": null, "ts": 1724635033.417894}]}, "version": 1596, "at": 1724635033.4249144}
{"obj": {"type": "LogStrings", "path": ["monitoring", "ca52453c", "stdout"], "values": [{"value": "Drone2 moved with speed vector [12, 0, 0] with duration 2", "step": null, "ts": 1724635033.9299676}]}, "version": 1597, "at": 1724635033.9299676}
{"obj": {"type": "LogStrings", "path": ["monitoring", "ca52453c", "stdout"], "values": [{"value": "\n", "step": null, "ts": 1724635033.930968}]}, "version": 1598, "at": 1724635033.930968}
{"obj": {"type": "LogStrings", "path": ["monitoring", "ca52453c", "stdout"], "values": [{"value": "drone 2 ", "step": null, "ts": 1724635033.930968}]}, "version": 1599, "at": 1724635033.930968}
{"obj": {"type": "LogStrings", "path": ["monitoring", "ca52453c", "stdout"], "values": [{"value": " ", "step": null, "ts": 1724635033.930968}]}, "version": 1600, "at": 1724635033.930968}
{"obj": {"type": "LogStrings", "path": ["monitoring", "ca52453c", "stdout"], "values": [{"value": "(3, 2, 0)", "step": null, "ts": 1724635033.930968}]}, "version": 1601, "at": 1724635033.930968}
{"obj": {"type": "LogStrings", "path": ["monitoring", "ca52453c", "stdout"], "values": [{"value": "\n", "step": null, "ts": 1724635033.930968}]}, "version": 1602, "at": 1724635033.930968}
{"obj": {"type": "LogStrings", "path": ["monitoring", "ca52453c", "stdout"], "values": [{"value": "Drone2 moved with speed vector [3, 2, 0] with duration 2", "step": null, "ts": 1724635035.950589}]}, "version": 1603, "at": 1724635035.950589}
{"obj": {"type": "LogStrings", "path": ["monitoring", "ca52453c", "stdout"], "values": [{"value": "\n", "step": null, "ts": 1724635035.950589}]}, "version": 1604, "at": 1724635035.950589}
{"obj": {"type": "LogStrings", "path": ["monitoring", "ca52453c", "stdout"], "values": [{"value": "drone 2 ", "step": null, "ts": 1724635035.950589}]}, "version": 1605, "at": 1724635035.950589}
{"obj": {"type": "LogStrings", "path": ["monitoring", "ca52453c", "stdout"], "values": [{"value": " ", "step": null, "ts": 1724635035.9515898}]}, "version": 1606, "at": 1724635035.9515898}
{"obj": {"type": "LogStrings", "path": ["monitoring", "ca52453c", "stdout"], "values": [{"value": "(6, 0, 0)", "step": null, "ts": 1724635035.9515898}]}, "version": 1607, "at": 1724635035.9515898}
{"obj": {"type": "LogStrings", "path": ["monitoring", "ca52453c", "stdout"], "values": [{"value": "\n", "step": null, "ts": 1724635035.9515898}]}, "version": 1608, "at": 1724635035.9515898}
{"obj": {"type": "LogStrings", "path": ["monitoring", "ca52453c", "stdout"], "values": [{"value": "Drone2 moved with speed vector [6, 0, 0] with duration 2", "step": null, "ts": 1724635037.971144}]}, "version": 1609, "at": 1724635037.971144}
{"obj": {"type": "LogStrings", "path": ["monitoring", "ca52453c", "stdout"], "values": [{"value": "\n", "step": null, "ts": 1724635037.9721568}]}, "version": 1610, "at": 1724635037.9721568}
{"obj": {"type": "LogStrings", "path": ["monitoring", "ca52453c", "stdout"], "values": [{"value": "drone 2 ", "step": null, "ts": 1724635037.9721568}]}, "version": 1611, "at": 1724635037.9721568}
{"obj": {"type": "LogStrings", "path": ["monitoring", "ca52453c", "stdout"], "values": [{"value": " ", "step": null, "ts": 1724635037.9721568}]}, "version": 1612, "at": 1724635037.9721568}
{"obj": {"type": "LogStrings", "path": ["monitoring", "ca52453c", "stdout"], "values": [{"value": "(6, -4, 0)", "step": null, "ts": 1724635037.9721568}]}, "version": 1613, "at": 1724635037.9721568}
{"obj": {"type": "LogStrings", "path": ["monitoring", "ca52453c", "stdout"], "values": [{"value": "\n", "step": null, "ts": 1724635037.9731429}]}, "version": 1614, "at": 1724635037.9731429}
{"obj": {"type": "LogStrings", "path": ["monitoring", "ca52453c", "stdout"], "values": [{"value": "Drone2 moved with speed vector [6, -4, 0] with duration 2", "step": null, "ts": 1724635039.9898653}]}, "version": 1615, "at": 1724635039.9898653}
{"obj": {"type": "LogStrings", "path": ["monitoring", "ca52453c", "stdout"], "values": [{"value": "\n", "step": null, "ts": 1724635039.9898653}]}, "version": 1616, "at": 1724635039.9898653}
{"obj": {"type": "LogStrings", "path": ["monitoring", "ca52453c", "stdout"], "values": [{"value": "drone 2 ", "step": null, "ts": 1724635039.990866}]}, "version": 1617, "at": 1724635039.990866}
{"obj": {"type": "LogStrings", "path": ["monitoring", "ca52453c", "stdout"], "values": [{"value": " ", "step": null, "ts": 1724635039.990866}]}, "version": 1618, "at": 1724635039.9918666}
{"obj": {"type": "LogStrings", "path": ["monitoring", "ca52453c", "stdout"], "values": [{"value": "(9, 0, 0)", "step": null, "ts": 1724635039.9918666}]}, "version": 1619, "at": 1724635039.9918666}
{"obj": {"type": "LogStrings", "path": ["monitoring", "ca52453c", "stdout"], "values": [{"value": "\n", "step": null, "ts": 1724635039.9918666}]}, "version": 1620, "at": 1724635039.9918666}
{"obj": {"type": "LogStrings", "path": ["monitoring", "ca52453c", "stdout"], "values": [{"value": "Drone2 moved with speed vector [9, 0, 0] with duration 2", "step": null, "ts": 1724635042.010253}]}, "version": 1621, "at": 1724635042.010253}
{"obj": {"type": "LogStrings", "path": ["monitoring", "ca52453c", "stdout"], "values": [{"value": "\n", "step": null, "ts": 1724635042.010253}]}, "version": 1622, "at": 1724635042.010253}
{"obj": {"type": "LogStrings", "path": ["monitoring", "ca52453c", "stdout"], "values": [{"value": "drone 2 ", "step": null, "ts": 1724635042.010253}]}, "version": 1623, "at": 1724635042.010253}
{"obj": {"type": "LogStrings", "path": ["monitoring", "ca52453c", "stdout"], "values": [{"value": " ", "step": null, "ts": 1724635042.011262}]}, "version": 1624, "at": 1724635042.011262}
{"obj": {"type": "LogStrings", "path": ["monitoring", "ca52453c", "stdout"], "values": [{"value": "(0, 0, 0)", "step": null, "ts": 1724635042.011262}]}, "version": 1625, "at": 1724635042.011262}
{"obj": {"type": "LogStrings", "path": ["monitoring", "ca52453c", "stdout"], "values": [{"value": "\n", "step": null, "ts": 1724635042.011262}]}, "version": 1626, "at": 1724635042.011262}
{"obj": {"type": "LogFloats", "path": ["monitoring", "ca52453c", "cpu"], "values": [{"value": 10.6, "step": null, "ts": 1724635043.4352295}]}, "version": 1627, "at": 1724635043.4421754}
{"obj": {"type": "LogFloats", "path": ["monitoring", "ca52453c", "memory"], "values": [{"value": 13.087818145751953, "step": null, "ts": 1724635043.4352295}]}, "version": 1628, "at": 1724635043.4421754}
{"obj": {"type": "LogFloats", "path": ["monitoring", "ca52453c", "gpu"], "values": [{"value": 14.0, "step": null, "ts": 1724635043.4352295}]}, "version": 1629, "at": 1724635043.4421754}
{"obj": {"type": "LogFloats", "path": ["monitoring", "ca52453c", "gpu_memory"], "values": [{"value": 1.3148994445800781, "step": null, "ts": 1724635043.4352295}]}, "version": 1630, "at": 1724635043.4421754}
{"obj": {"type": "LogFloats", "path": ["monitoring", "ca52453c", "gpu_power"], "values": [{"value": 6.114, "step": null, "ts": 1724635043.4352295}]}, "version": 1631, "at": 1724635043.4421754}
{"obj": {"type": "LogStrings", "path": ["monitoring", "ca52453c", "stdout"], "values": [{"value": "Drone2 moved with speed vector [0, 0, 0] with duration 2", "step": null, "ts": 1724635044.0300057}]}, "version": 1632, "at": 1724635044.0300057}
{"obj": {"type": "LogStrings", "path": ["monitoring", "ca52453c", "stdout"], "values": [{"value": "\n", "step": null, "ts": 1724635044.0310283}]}, "version": 1633, "at": 1724635044.0310283}
{"obj": {"type": "LogStrings", "path": ["monitoring", "ca52453c", "stdout"], "values": [{"value": "after thread target ", "step": null, "ts": 1724635044.0310283}]}, "version": 1634, "at": 1724635044.0310283}
{"obj": {"type": "LogStrings", "path": ["monitoring", "ca52453c", "stdout"], "values": [{"value": " ", "step": null, "ts": 1724635044.0310283}]}, "version": 1635, "at": 1724635044.0310283}
{"obj": {"type": "LogStrings", "path": ["monitoring", "ca52453c", "stdout"], "values": [{"value": "1", "step": null, "ts": 1724635044.0310283}]}, "version": 1636, "at": 1724635044.0310283}
{"obj": {"type": "LogStrings", "path": ["monitoring", "ca52453c", "stdout"], "values": [{"value": "\n", "step": null, "ts": 1724635044.0320039}]}, "version": 1637, "at": 1724635044.0320039}
{"obj": {"type": "LogStrings", "path": ["monitoring", "ca52453c", "stdout"], "values": [{"value": "after thread drone ", "step": null, "ts": 1724635044.0320039}]}, "version": 1638, "at": 1724635044.0320039}
{"obj": {"type": "LogStrings", "path": ["monitoring", "ca52453c", "stdout"], "values": [{"value": " ", "step": null, "ts": 1724635044.0320039}]}, "version": 1639, "at": 1724635044.0320039}
{"obj": {"type": "LogStrings", "path": ["monitoring", "ca52453c", "stdout"], "values": [{"value": "1", "step": null, "ts": 1724635044.0320039}]}, "version": 1640, "at": 1724635044.0320039}
{"obj": {"type": "LogStrings", "path": ["monitoring", "ca52453c", "stdout"], "values": [{"value": "\n", "step": null, "ts": 1724635044.0320039}]}, "version": 1641, "at": 1724635044.0320039}
{"obj": {"type": "LogStrings", "path": ["monitoring", "ca52453c", "stdout"], "values": [{"value": "episode ", "step": null, "ts": 1724635044.0320039}]}, "version": 1642, "at": 1724635044.0320039}
{"obj": {"type": "LogStrings", "path": ["monitoring", "ca52453c", "stdout"], "values": [{"value": " ", "step": null, "ts": 1724635044.0320039}]}, "version": 1643, "at": 1724635044.0320039}
{"obj": {"type": "LogStrings", "path": ["monitoring", "ca52453c", "stdout"], "values": [{"value": "6", "step": null, "ts": 1724635044.0320039}]}, "version": 1644, "at": 1724635044.0320039}
{"obj": {"type": "LogStrings", "path": ["monitoring", "ca52453c", "stdout"], "values": [{"value": " ", "step": null, "ts": 1724635044.0320039}]}, "version": 1645, "at": 1724635044.0320039}
{"obj": {"type": "LogStrings", "path": ["monitoring", "ca52453c", "stdout"], "values": [{"value": "score -50.0", "step": null, "ts": 1724635044.0320039}]}, "version": 1646, "at": 1724635044.0320039}
{"obj": {"type": "LogStrings", "path": ["monitoring", "ca52453c", "stdout"], "values": [{"value": "\n", "step": null, "ts": 1724635044.0320039}]}, "version": 1647, "at": 1724635044.0320039}
{"obj": {"type": "LogFloats", "path": ["reward"], "values": [{"value": -49.96574106796613, "step": null, "ts": 1724635044.0330076}]}, "version": 1648, "at": 1724635044.0330076}
{"obj": {"type": "LogFloats", "path": ["epsilon"], "values": [{"value": 0.9882888197240026, "step": null, "ts": 1724635044.0330076}]}, "version": 1649, "at": 1724635044.0330076}
{"obj": {"type": "LogStrings", "path": ["monitoring", "ca52453c", "stdout"], "values": [{"value": "episode ", "step": null, "ts": 1724635044.0330076}]}, "version": 1650, "at": 1724635044.0330076}
{"obj": {"type": "LogStrings", "path": ["monitoring", "ca52453c", "stdout"], "values": [{"value": " ", "step": null, "ts": 1724635044.0330076}]}, "version": 1651, "at": 1724635044.0330076}
{"obj": {"type": "LogStrings", "path": ["monitoring", "ca52453c", "stdout"], "values": [{"value": "7", "step": null, "ts": 1724635044.0330076}]}, "version": 1652, "at": 1724635044.0330076}
{"obj": {"type": "LogStrings", "path": ["monitoring", "ca52453c", "stdout"], "values": [{"value": "\n", "step": null, "ts": 1724635044.0340068}]}, "version": 1653, "at": 1724635044.0340068}
{"obj": {"type": "LogStrings", "path": ["monitoring", "ca52453c", "stdout"], "values": [{"value": "reset", "step": null, "ts": 1724635044.0340068}]}, "version": 1654, "at": 1724635044.0340068}
{"obj": {"type": "LogStrings", "path": ["monitoring", "ca52453c", "stdout"], "values": [{"value": "\n", "step": null, "ts": 1724635044.035005}]}, "version": 1655, "at": 1724635044.035005}
{"obj": {"type": "LogStrings", "path": ["monitoring", "ca52453c", "stdout"], "values": [{"value": "Found 1 cylinders in image", "step": null, "ts": 1724635044.810835}]}, "version": 1656, "at": 1724635044.810835}
{"obj": {"type": "LogStrings", "path": ["monitoring", "ca52453c", "stdout"], "values": [{"value": "\n", "step": null, "ts": 1724635044.8128371}]}, "version": 1657, "at": 1724635044.8128371}
{"obj": {"type": "LogFloats", "path": ["monitoring", "ca52453c", "cpu"], "values": [{"value": 11.9, "step": null, "ts": 1724635053.4492319}]}, "version": 1658, "at": 1724635053.4551268}
{"obj": {"type": "LogFloats", "path": ["monitoring", "ca52453c", "memory"], "values": [{"value": 13.090377807617188, "step": null, "ts": 1724635053.4492319}]}, "version": 1659, "at": 1724635053.4551268}
{"obj": {"type": "LogFloats", "path": ["monitoring", "ca52453c", "gpu"], "values": [{"value": 23.0, "step": null, "ts": 1724635053.4492319}]}, "version": 1660, "at": 1724635053.4551268}
{"obj": {"type": "LogFloats", "path": ["monitoring", "ca52453c", "gpu_memory"], "values": [{"value": 1.3158149719238281, "step": null, "ts": 1724635053.4492319}]}, "version": 1661, "at": 1724635053.4551268}
{"obj": {"type": "LogFloats", "path": ["monitoring", "ca52453c", "gpu_power"], "values": [{"value": 5.256, "step": null, "ts": 1724635053.4492319}]}, "version": 1662, "at": 1724635053.4551268}
{"obj": {"type": "LogStrings", "path": ["monitoring", "ca52453c", "stdout"], "values": [{"value": "Drone1 moved with speed vector [1, 0, 0] with duration 2", "step": null, "ts": 1724635053.6848562}]}, "version": 1663, "at": 1724635053.6848562}
{"obj": {"type": "LogStrings", "path": ["monitoring", "ca52453c", "stdout"], "values": [{"value": "\n", "step": null, "ts": 1724635053.68636}]}, "version": 1664, "at": 1724635053.68636}
{"obj": {"type": "LogStrings", "path": ["monitoring", "ca52453c", "stdout"], "values": [{"value": "before threads ", "step": null, "ts": 1724635053.68636}]}, "version": 1665, "at": 1724635053.68636}
{"obj": {"type": "LogStrings", "path": ["monitoring", "ca52453c", "stdout"], "values": [{"value": " ", "step": null, "ts": 1724635053.6868691}]}, "version": 1666, "at": 1724635053.6868691}
{"obj": {"type": "LogStrings", "path": ["monitoring", "ca52453c", "stdout"], "values": [{"value": "0", "step": null, "ts": 1724635053.6868691}]}, "version": 1667, "at": 1724635053.6868691}
{"obj": {"type": "LogStrings", "path": ["monitoring", "ca52453c", "stdout"], "values": [{"value": "\n", "step": null, "ts": 1724635053.6868691}]}, "version": 1668, "at": 1724635053.6868691}
{"obj": {"type": "LogStrings", "path": ["monitoring", "ca52453c", "stdout"], "values": [{"value": "drone 2 ", "step": null, "ts": 1724635053.6868691}]}, "version": 1669, "at": 1724635053.6868691}
{"obj": {"type": "LogStrings", "path": ["monitoring", "ca52453c", "stdout"], "values": [{"value": " ", "step": null, "ts": 1724635053.6888735}]}, "version": 1670, "at": 1724635053.6898851}
{"obj": {"type": "LogStrings", "path": ["monitoring", "ca52453c", "stdout"], "values": [{"value": "(3, 0, 0)", "step": null, "ts": 1724635053.6898851}]}, "version": 1671, "at": 1724635053.6898851}
{"obj": {"type": "LogStrings", "path": ["monitoring", "ca52453c", "stdout"], "values": [{"value": "\n", "step": null, "ts": 1724635053.6898851}]}, "version": 1672, "at": 1724635053.6898851}
{"obj": {"type": "LogStrings", "path": ["monitoring", "ca52453c", "stdout"], "values": [{"value": "action ", "step": null, "ts": 1724635053.6898851}]}, "version": 1673, "at": 1724635053.6898851}
{"obj": {"type": "LogStrings", "path": ["monitoring", "ca52453c", "stdout"], "values": [{"value": " ", "step": null, "ts": 1724635053.6908736}]}, "version": 1674, "at": 1724635053.6908736}
{"obj": {"type": "LogStrings", "path": ["monitoring", "ca52453c", "stdout"], "values": [{"value": "117", "step": null, "ts": 1724635053.6908736}]}, "version": 1675, "at": 1724635053.6908736}
{"obj": {"type": "LogStrings", "path": ["monitoring", "ca52453c", "stdout"], "values": [{"value": "\n", "step": null, "ts": 1724635053.6908736}]}, "version": 1676, "at": 1724635053.6908736}
{"obj": {"type": "LogStrings", "path": ["monitoring", "ca52453c", "stdout"], "values": [{"value": "Found 1 cylinders in image", "step": null, "ts": 1724635054.2039657}]}, "version": 1677, "at": 1724635054.2039657}
{"obj": {"type": "LogStrings", "path": ["monitoring", "ca52453c", "stdout"], "values": [{"value": "\n", "step": null, "ts": 1724635054.204965}]}, "version": 1678, "at": 1724635054.204965}
{"obj": {"type": "LogStrings", "path": ["monitoring", "ca52453c", "stdout"], "values": [{"value": "new_x = ", "step": null, "ts": 1724635054.2081647}]}, "version": 1679, "at": 1724635054.2081647}
{"obj": {"type": "LogStrings", "path": ["monitoring", "ca52453c", "stdout"], "values": [{"value": " ", "step": null, "ts": 1724635054.2081647}]}, "version": 1680, "at": 1724635054.2081647}
{"obj": {"type": "LogStrings", "path": ["monitoring", "ca52453c", "stdout"], "values": [{"value": "1.1323156110089156", "step": null, "ts": 1724635054.2081647}]}, "version": 1681, "at": 1724635054.2081647}
{"obj": {"type": "LogStrings", "path": ["monitoring", "ca52453c", "stdout"], "values": [{"value": " ", "step": null, "ts": 1724635054.2081647}]}, "version": 1682, "at": 1724635054.2081647}
{"obj": {"type": "LogStrings", "path": ["monitoring", "ca52453c", "stdout"], "values": [{"value": " new_y = ", "step": null, "ts": 1724635054.2089767}]}, "version": 1683, "at": 1724635054.2089767}
{"obj": {"type": "LogStrings", "path": ["monitoring", "ca52453c", "stdout"], "values": [{"value": " ", "step": null, "ts": 1724635054.2089767}]}, "version": 1684, "at": 1724635054.2089767}
{"obj": {"type": "LogStrings", "path": ["monitoring", "ca52453c", "stdout"], "values": [{"value": "1.6128962194840222", "step": null, "ts": 1724635054.2089767}]}, "version": 1685, "at": 1724635054.2089767}
{"obj": {"type": "LogStrings", "path": ["monitoring", "ca52453c", "stdout"], "values": [{"value": "\n", "step": null, "ts": 1724635054.2089767}]}, "version": 1686, "at": 1724635054.2089767}
{"obj": {"type": "LogStrings", "path": ["monitoring", "ca52453c", "stdout"], "values": [{"value": "Drone2 moved with speed vector [3, 0, 0] with duration 2", "step": null, "ts": 1724635055.7070465}]}, "version": 1687, "at": 1724635055.7070465}
{"obj": {"type": "LogStrings", "path": ["monitoring", "ca52453c", "stdout"], "values": [{"value": "\n", "step": null, "ts": 1724635055.7070465}]}, "version": 1688, "at": 1724635055.7070465}
{"obj": {"type": "LogStrings", "path": ["monitoring", "ca52453c", "stdout"], "values": [{"value": "drone 2 ", "step": null, "ts": 1724635055.7070465}]}, "version": 1689, "at": 1724635055.7070465}
{"obj": {"type": "LogStrings", "path": ["monitoring", "ca52453c", "stdout"], "values": [{"value": " ", "step": null, "ts": 1724635055.7070465}]}, "version": 1690, "at": 1724635055.7070465}
{"obj": {"type": "LogStrings", "path": ["monitoring", "ca52453c", "stdout"], "values": [{"value": "(3, 2, 0)", "step": null, "ts": 1724635055.7070465}]}, "version": 1691, "at": 1724635055.7070465}
{"obj": {"type": "LogStrings", "path": ["monitoring", "ca52453c", "stdout"], "values": [{"value": "\n", "step": null, "ts": 1724635055.7070465}]}, "version": 1692, "at": 1724635055.7070465}
{"obj": {"type": "LogStrings", "path": ["monitoring", "ca52453c", "stdout"], "values": [{"value": "Drone1 moved with speed vector [1.1323156110089156, 1.6128962194840222, 0] with duration 2", "step": null, "ts": 1724635056.226482}]}, "version": 1693, "at": 1724635056.226482}
{"obj": {"type": "LogStrings", "path": ["monitoring", "ca52453c", "stdout"], "values": [{"value": "\n", "step": null, "ts": 1724635056.2269876}]}, "version": 1694, "at": 1724635056.2269876}
{"obj": {"type": "LogStrings", "path": ["monitoring", "ca52453c", "stdout"], "values": [{"value": "Collision detected for drone Drone1", "step": null, "ts": 1724635056.2269876}]}, "version": 1695, "at": 1724635056.2269876}
{"obj": {"type": "LogStrings", "path": ["monitoring", "ca52453c", "stdout"], "values": [{"value": "\n", "step": null, "ts": 1724635056.2280228}]}, "version": 1696, "at": 1724635056.2280228}
{"obj": {"type": "LogStrings", "path": ["monitoring", "ca52453c", "stdout"], "values": [{"value": "Nom de l'objet: beam_metal_window_divider_4x1129", "step": null, "ts": 1724635056.2280228}]}, "version": 1697, "at": 1724635056.2280228}
{"obj": {"type": "LogStrings", "path": ["monitoring", "ca52453c", "stdout"], "values": [{"value": "\n", "step": null, "ts": 1724635056.2280228}]}, "version": 1698, "at": 1724635056.2280228}
{"obj": {"type": "LogStrings", "path": ["monitoring", "ca52453c", "stdout"], "values": [{"value": "rc=-50 , rfov=0 , rd=1.0002434245879024 , rdir = 0.10088029861450197 , robs= 0 , r_v=0 , r_ang= -1.058440575401579 , rf=0 ", "step": null, "ts": 1724635056.2289937}]}, "version": 1699, "at": 1724635056.2289937}
{"obj": {"type": "LogStrings", "path": ["monitoring", "ca52453c", "stdout"], "values": [{"value": "\n", "step": null, "ts": 1724635056.2289937}]}, "version": 1700, "at": 1724635056.2289937}
{"obj": {"type": "LogStrings", "path": ["monitoring", "ca52453c", "stdout"], "values": [{"value": "next state ", "step": null, "ts": 1724635056.2289937}]}, "version": 1701, "at": 1724635056.2289937}
{"obj": {"type": "LogStrings", "path": ["monitoring", "ca52453c", "stdout"], "values": [{"value": " ", "step": null, "ts": 1724635056.2289937}]}, "version": 1702, "at": 1724635056.2289937}
{"obj": {"type": "LogStrings", "path": ["monitoring", "ca52453c", "stdout"], "values": [{"value": "[0.0006459693734844526, -1.2112463086919972e-13, -0.03536744515101115, 0.0, 0.0, 0.0016203541308641434, 0.10593752540625204, 0.10715464834576387, 0.000781249962747097, 0.0010045359164108465, 0.000781249962747097, 0.0013950414422117634, 0.00078125, 0.0010044323956524884, 14.623223304748535, 14.623223304748535, 14.623223304748535, 14.623223304748535, 15.044014930725098, 15.044014930725098, 15.044014930725098, 15.044014930725098, 15.044014930725098]", "step": null, "ts": 1724635056.2289937}]}, "version": 1703, "at": 1724635056.2289937}
{"obj": {"type": "LogStrings", "path": ["monitoring", "ca52453c", "stdout"], "values": [{"value": "\n", "step": null, "ts": 1724635056.2299957}]}, "version": 1704, "at": 1724635056.2299957}
{"obj": {"type": "LogStrings", "path": ["monitoring", "ca52453c", "stdout"], "values": [{"value": "Drone2 moved with speed vector [3, 2, 0] with duration 2", "step": null, "ts": 1724635057.7240672}]}, "version": 1705, "at": 1724635057.7240672}
{"obj": {"type": "LogStrings", "path": ["monitoring", "ca52453c", "stdout"], "values": [{"value": "\n", "step": null, "ts": 1724635057.725066}]}, "version": 1706, "at": 1724635057.725066}
{"obj": {"type": "LogStrings", "path": ["monitoring", "ca52453c", "stdout"], "values": [{"value": "drone 2 ", "step": null, "ts": 1724635057.725066}]}, "version": 1707, "at": 1724635057.725066}
{"obj": {"type": "LogStrings", "path": ["monitoring", "ca52453c", "stdout"], "values": [{"value": " ", "step": null, "ts": 1724635057.7260764}]}, "version": 1708, "at": 1724635057.7260764}
{"obj": {"type": "LogStrings", "path": ["monitoring", "ca52453c", "stdout"], "values": [{"value": "(6, 0, 0)", "step": null, "ts": 1724635057.7260764}]}, "version": 1709, "at": 1724635057.7260764}
{"obj": {"type": "LogStrings", "path": ["monitoring", "ca52453c", "stdout"], "values": [{"value": "\n", "step": null, "ts": 1724635057.7260764}]}, "version": 1710, "at": 1724635057.7260764}
{"obj": {"type": "LogStrings", "path": ["monitoring", "ca52453c", "stdout"], "values": [{"value": "Drone2 moved with speed vector [6, 0, 0] with duration 2", "step": null, "ts": 1724635059.744737}]}, "version": 1711, "at": 1724635059.744737}
{"obj": {"type": "LogStrings", "path": ["monitoring", "ca52453c", "stdout"], "values": [{"value": "\n", "step": null, "ts": 1724635059.744737}]}, "version": 1712, "at": 1724635059.744737}
{"obj": {"type": "LogStrings", "path": ["monitoring", "ca52453c", "stdout"], "values": [{"value": "drone 2 ", "step": null, "ts": 1724635059.744737}]}, "version": 1713, "at": 1724635059.744737}
{"obj": {"type": "LogStrings", "path": ["monitoring", "ca52453c", "stdout"], "values": [{"value": " ", "step": null, "ts": 1724635059.7462406}]}, "version": 1714, "at": 1724635059.7462406}
{"obj": {"type": "LogStrings", "path": ["monitoring", "ca52453c", "stdout"], "values": [{"value": "(6, -4, 0)", "step": null, "ts": 1724635059.7462406}]}, "version": 1715, "at": 1724635059.7462406}
{"obj": {"type": "LogStrings", "path": ["monitoring", "ca52453c", "stdout"], "values": [{"value": "\n", "step": null, "ts": 1724635059.7462406}]}, "version": 1716, "at": 1724635059.7462406}
{"obj": {"type": "LogStrings", "path": ["monitoring", "ca52453c", "stdout"], "values": [{"value": "Drone2 moved with speed vector [6, -4, 0] with duration 2", "step": null, "ts": 1724635061.7622023}]}, "version": 1717, "at": 1724635061.7622023}
{"obj": {"type": "LogStrings", "path": ["monitoring", "ca52453c", "stdout"], "values": [{"value": "\n", "step": null, "ts": 1724635061.7622023}]}, "version": 1718, "at": 1724635061.7622023}
{"obj": {"type": "LogStrings", "path": ["monitoring", "ca52453c", "stdout"], "values": [{"value": "drone 2 ", "step": null, "ts": 1724635061.7622023}]}, "version": 1719, "at": 1724635061.7622023}
{"obj": {"type": "LogStrings", "path": ["monitoring", "ca52453c", "stdout"], "values": [{"value": " ", "step": null, "ts": 1724635061.763708}]}, "version": 1720, "at": 1724635061.763708}
{"obj": {"type": "LogStrings", "path": ["monitoring", "ca52453c", "stdout"], "values": [{"value": "(12, 0, 0)", "step": null, "ts": 1724635061.763708}]}, "version": 1721, "at": 1724635061.763708}
{"obj": {"type": "LogStrings", "path": ["monitoring", "ca52453c", "stdout"], "values": [{"value": "\n", "step": null, "ts": 1724635061.763708}]}, "version": 1722, "at": 1724635061.763708}
{"obj": {"type": "LogFloats", "path": ["monitoring", "ca52453c", "cpu"], "values": [{"value": 12.0, "step": null, "ts": 1724635063.463805}]}, "version": 1723, "at": 1724635063.470449}
{"obj": {"type": "LogFloats", "path": ["monitoring", "ca52453c", "memory"], "values": [{"value": 13.041999816894531, "step": null, "ts": 1724635063.463805}]}, "version": 1724, "at": 1724635063.470449}
{"obj": {"type": "LogFloats", "path": ["monitoring", "ca52453c", "gpu"], "values": [{"value": 22.0, "step": null, "ts": 1724635063.463805}]}, "version": 1725, "at": 1724635063.470449}
{"obj": {"type": "LogFloats", "path": ["monitoring", "ca52453c", "gpu_memory"], "values": [{"value": 1.3158149719238281, "step": null, "ts": 1724635063.463805}]}, "version": 1726, "at": 1724635063.470449}
{"obj": {"type": "LogFloats", "path": ["monitoring", "ca52453c", "gpu_power"], "values": [{"value": 6.078, "step": null, "ts": 1724635063.463805}]}, "version": 1727, "at": 1724635063.470449}
{"obj": {"type": "LogStrings", "path": ["monitoring", "ca52453c", "stdout"], "values": [{"value": "Drone2 moved with speed vector [12, 0, 0] with duration 2", "step": null, "ts": 1724635063.781189}]}, "version": 1728, "at": 1724635063.781189}
{"obj": {"type": "LogStrings", "path": ["monitoring", "ca52453c", "stdout"], "values": [{"value": "\n", "step": null, "ts": 1724635063.7820854}]}, "version": 1729, "at": 1724635063.7820854}
{"obj": {"type": "LogStrings", "path": ["monitoring", "ca52453c", "stdout"], "values": [{"value": "drone 2 ", "step": null, "ts": 1724635063.7820854}]}, "version": 1730, "at": 1724635063.7820854}
{"obj": {"type": "LogStrings", "path": ["monitoring", "ca52453c", "stdout"], "values": [{"value": " ", "step": null, "ts": 1724635063.7830963}]}, "version": 1731, "at": 1724635063.7830963}
{"obj": {"type": "LogStrings", "path": ["monitoring", "ca52453c", "stdout"], "values": [{"value": "(3, 2, 0)", "step": null, "ts": 1724635063.7830963}]}, "version": 1732, "at": 1724635063.7830963}
{"obj": {"type": "LogStrings", "path": ["monitoring", "ca52453c", "stdout"], "values": [{"value": "\n", "step": null, "ts": 1724635063.7830963}]}, "version": 1733, "at": 1724635063.7830963}
{"obj": {"type": "LogStrings", "path": ["monitoring", "ca52453c", "stdout"], "values": [{"value": "Drone2 moved with speed vector [3, 2, 0] with duration 2", "step": null, "ts": 1724635065.7998693}]}, "version": 1734, "at": 1724635065.7998693}
{"obj": {"type": "LogStrings", "path": ["monitoring", "ca52453c", "stdout"], "values": [{"value": "\n", "step": null, "ts": 1724635065.7998693}]}, "version": 1735, "at": 1724635065.7998693}
{"obj": {"type": "LogStrings", "path": ["monitoring", "ca52453c", "stdout"], "values": [{"value": "drone 2 ", "step": null, "ts": 1724635065.7998693}]}, "version": 1736, "at": 1724635065.7998693}
{"obj": {"type": "LogStrings", "path": ["monitoring", "ca52453c", "stdout"], "values": [{"value": " ", "step": null, "ts": 1724635065.7998693}]}, "version": 1737, "at": 1724635065.7998693}
{"obj": {"type": "LogStrings", "path": ["monitoring", "ca52453c", "stdout"], "values": [{"value": "(6, 0, 0)", "step": null, "ts": 1724635065.7998693}]}, "version": 1738, "at": 1724635065.7998693}
{"obj": {"type": "LogStrings", "path": ["monitoring", "ca52453c", "stdout"], "values": [{"value": "\n", "step": null, "ts": 1724635065.8008785}]}, "version": 1739, "at": 1724635065.8008785}
{"obj": {"type": "LogStrings", "path": ["monitoring", "ca52453c", "stdout"], "values": [{"value": "Drone2 moved with speed vector [6, 0, 0] with duration 2", "step": null, "ts": 1724635067.818806}]}, "version": 1740, "at": 1724635067.818806}
{"obj": {"type": "LogStrings", "path": ["monitoring", "ca52453c", "stdout"], "values": [{"value": "\n", "step": null, "ts": 1724635067.818806}]}, "version": 1741, "at": 1724635067.818806}
{"obj": {"type": "LogStrings", "path": ["monitoring", "ca52453c", "stdout"], "values": [{"value": "drone 2 ", "step": null, "ts": 1724635067.819814}]}, "version": 1742, "at": 1724635067.819814}
{"obj": {"type": "LogStrings", "path": ["monitoring", "ca52453c", "stdout"], "values": [{"value": " ", "step": null, "ts": 1724635067.819814}]}, "version": 1743, "at": 1724635067.819814}
{"obj": {"type": "LogStrings", "path": ["monitoring", "ca52453c", "stdout"], "values": [{"value": "(6, -4, 0)", "step": null, "ts": 1724635067.819814}]}, "version": 1744, "at": 1724635067.819814}
{"obj": {"type": "LogStrings", "path": ["monitoring", "ca52453c", "stdout"], "values": [{"value": "\n", "step": null, "ts": 1724635067.819814}]}, "version": 1745, "at": 1724635067.819814}
{"obj": {"type": "LogStrings", "path": ["monitoring", "ca52453c", "stdout"], "values": [{"value": "Drone2 moved with speed vector [6, -4, 0] with duration 2", "step": null, "ts": 1724635069.8382115}]}, "version": 1746, "at": 1724635069.8382115}
{"obj": {"type": "LogStrings", "path": ["monitoring", "ca52453c", "stdout"], "values": [{"value": "\n", "step": null, "ts": 1724635069.8382115}]}, "version": 1747, "at": 1724635069.8382115}
{"obj": {"type": "LogStrings", "path": ["monitoring", "ca52453c", "stdout"], "values": [{"value": "drone 2 ", "step": null, "ts": 1724635069.8382115}]}, "version": 1748, "at": 1724635069.8382115}
{"obj": {"type": "LogStrings", "path": ["monitoring", "ca52453c", "stdout"], "values": [{"value": " ", "step": null, "ts": 1724635069.8382115}]}, "version": 1749, "at": 1724635069.8382115}
{"obj": {"type": "LogStrings", "path": ["monitoring", "ca52453c", "stdout"], "values": [{"value": "(9, 0, 0)", "step": null, "ts": 1724635069.839208}]}, "version": 1750, "at": 1724635069.839208}
{"obj": {"type": "LogStrings", "path": ["monitoring", "ca52453c", "stdout"], "values": [{"value": "\n", "step": null, "ts": 1724635069.839208}]}, "version": 1751, "at": 1724635069.839208}
{"obj": {"type": "LogStrings", "path": ["monitoring", "ca52453c", "stdout"], "values": [{"value": "Drone2 moved with speed vector [9, 0, 0] with duration 2", "step": null, "ts": 1724635071.858771}]}, "version": 1752, "at": 1724635071.858771}
{"obj": {"type": "LogStrings", "path": ["monitoring", "ca52453c", "stdout"], "values": [{"value": "\n", "step": null, "ts": 1724635071.858771}]}, "version": 1753, "at": 1724635071.858771}
{"obj": {"type": "LogStrings", "path": ["monitoring", "ca52453c", "stdout"], "values": [{"value": "drone 2 ", "step": null, "ts": 1724635071.858771}]}, "version": 1754, "at": 1724635071.858771}
{"obj": {"type": "LogStrings", "path": ["monitoring", "ca52453c", "stdout"], "values": [{"value": " ", "step": null, "ts": 1724635071.8597684}]}, "version": 1755, "at": 1724635071.8597684}
{"obj": {"type": "LogStrings", "path": ["monitoring", "ca52453c", "stdout"], "values": [{"value": "(0, 0, 0)", "step": null, "ts": 1724635071.8597684}]}, "version": 1756, "at": 1724635071.8597684}
{"obj": {"type": "LogStrings", "path": ["monitoring", "ca52453c", "stdout"], "values": [{"value": "\n", "step": null, "ts": 1724635071.8597684}]}, "version": 1757, "at": 1724635071.8597684}
{"obj": {"type": "LogFloats", "path": ["monitoring", "ca52453c", "cpu"], "values": [{"value": 10.3, "step": null, "ts": 1724635073.4777596}]}, "version": 1758, "at": 1724635073.4846516}
{"obj": {"type": "LogFloats", "path": ["monitoring", "ca52453c", "memory"], "values": [{"value": 13.029609680175781, "step": null, "ts": 1724635073.4777596}]}, "version": 1759, "at": 1724635073.4846516}
{"obj": {"type": "LogFloats", "path": ["monitoring", "ca52453c", "gpu_memory"], "values": [{"value": 1.3148994445800781, "step": null, "ts": 1724635073.4777596}]}, "version": 1760, "at": 1724635073.4846516}
{"obj": {"type": "LogFloats", "path": ["monitoring", "ca52453c", "gpu_power"], "values": [{"value": 6.614, "step": null, "ts": 1724635073.4777596}]}, "version": 1761, "at": 1724635073.4846516}
{"obj": {"type": "LogStrings", "path": ["monitoring", "ca52453c", "stdout"], "values": [{"value": "Drone2 moved with speed vector [0, 0, 0] with duration 2", "step": null, "ts": 1724635073.876676}]}, "version": 1762, "at": 1724635073.876676}
{"obj": {"type": "LogStrings", "path": ["monitoring", "ca52453c", "stdout"], "values": [{"value": "\n", "step": null, "ts": 1724635073.877736}]}, "version": 1763, "at": 1724635073.877736}
{"obj": {"type": "LogStrings", "path": ["monitoring", "ca52453c", "stdout"], "values": [{"value": "after thread target ", "step": null, "ts": 1724635073.877736}]}, "version": 1764, "at": 1724635073.877736}
{"obj": {"type": "LogStrings", "path": ["monitoring", "ca52453c", "stdout"], "values": [{"value": " ", "step": null, "ts": 1724635073.878625}]}, "version": 1765, "at": 1724635073.878625}
{"obj": {"type": "LogStrings", "path": ["monitoring", "ca52453c", "stdout"], "values": [{"value": "1", "step": null, "ts": 1724635073.878625}]}, "version": 1766, "at": 1724635073.878625}
{"obj": {"type": "LogStrings", "path": ["monitoring", "ca52453c", "stdout"], "values": [{"value": "\n", "step": null, "ts": 1724635073.878625}]}, "version": 1767, "at": 1724635073.878625}
{"obj": {"type": "LogStrings", "path": ["monitoring", "ca52453c", "stdout"], "values": [{"value": "after thread drone ", "step": null, "ts": 1724635073.879635}]}, "version": 1768, "at": 1724635073.879635}
{"obj": {"type": "LogStrings", "path": ["monitoring", "ca52453c", "stdout"], "values": [{"value": " ", "step": null, "ts": 1724635073.879635}]}, "version": 1769, "at": 1724635073.879635}
{"obj": {"type": "LogStrings", "path": ["monitoring", "ca52453c", "stdout"], "values": [{"value": "1", "step": null, "ts": 1724635073.879635}]}, "version": 1770, "at": 1724635073.879635}
{"obj": {"type": "LogStrings", "path": ["monitoring", "ca52453c", "stdout"], "values": [{"value": "\n", "step": null, "ts": 1724635073.879635}]}, "version": 1771, "at": 1724635073.879635}
{"obj": {"type": "LogFloats", "path": ["reward"], "values": [{"value": -49.95731685219918, "step": null, "ts": 1724635073.8816297}]}, "version": 1772, "at": 1724635073.8816297}
{"obj": {"type": "LogFloats", "path": ["epsilon"], "values": [{"value": 0.9866271415571011, "step": null, "ts": 1724635073.8816297}]}, "version": 1773, "at": 1724635073.8816297}
{"obj": {"type": "LogStrings", "path": ["monitoring", "ca52453c", "stdout"], "values": [{"value": "episode ", "step": null, "ts": 1724635073.8816297}]}, "version": 1774, "at": 1724635073.8816297}
{"obj": {"type": "LogStrings", "path": ["monitoring", "ca52453c", "stdout"], "values": [{"value": " ", "step": null, "ts": 1724635073.8816297}]}, "version": 1775, "at": 1724635073.8816297}
{"obj": {"type": "LogStrings", "path": ["monitoring", "ca52453c", "stdout"], "values": [{"value": "8", "step": null, "ts": 1724635073.8816297}]}, "version": 1776, "at": 1724635073.8816297}
{"obj": {"type": "LogStrings", "path": ["monitoring", "ca52453c", "stdout"], "values": [{"value": "\n", "step": null, "ts": 1724635073.8816297}]}, "version": 1777, "at": 1724635073.882627}
{"obj": {"type": "LogStrings", "path": ["monitoring", "ca52453c", "stdout"], "values": [{"value": "reset", "step": null, "ts": 1724635073.882627}]}, "version": 1778, "at": 1724635073.882627}
{"obj": {"type": "LogStrings", "path": ["monitoring", "ca52453c", "stdout"], "values": [{"value": "\n", "step": null, "ts": 1724635073.882627}]}, "version": 1779, "at": 1724635073.882627}
{"obj": {"type": "LogStrings", "path": ["monitoring", "ca52453c", "stdout"], "values": [{"value": "Found 1 cylinders in image", "step": null, "ts": 1724635074.682913}]}, "version": 1780, "at": 1724635074.683915}
{"obj": {"type": "LogStrings", "path": ["monitoring", "ca52453c", "stdout"], "values": [{"value": "\n", "step": null, "ts": 1724635074.6850164}]}, "version": 1781, "at": 1724635074.6850164}
{"obj": {"type": "LogFloats", "path": ["monitoring", "ca52453c", "cpu"], "values": [{"value": 11.8, "step": null, "ts": 1724635083.4959688}]}, "version": 1782, "at": 1724635083.5111125}
{"obj": {"type": "LogFloats", "path": ["monitoring", "ca52453c", "memory"], "values": [{"value": 13.03067398071289, "step": null, "ts": 1724635083.4959688}]}, "version": 1783, "at": 1724635083.5121202}
{"obj": {"type": "LogFloats", "path": ["monitoring", "ca52453c", "gpu"], "values": [{"value": 41.0, "step": null, "ts": 1724635083.4959688}]}, "version": 1784, "at": 1724635083.5121202}
{"obj": {"type": "LogFloats", "path": ["monitoring", "ca52453c", "gpu_memory"], "values": [{"value": 1.3152656555175781, "step": null, "ts": 1724635083.4959688}]}, "version": 1785, "at": 1724635083.5121202}
{"obj": {"type": "LogFloats", "path": ["monitoring", "ca52453c", "gpu_power"], "values": [{"value": 13.574, "step": null, "ts": 1724635083.4959688}]}, "version": 1786, "at": 1724635083.5121202}
{"obj": {"type": "LogStrings", "path": ["monitoring", "ca52453c", "stdout"], "values": [{"value": "Drone1 moved with speed vector [1, 0, 0] with duration 2", "step": null, "ts": 1724635083.620744}]}, "version": 1787, "at": 1724635083.620744}
{"obj": {"type": "LogStrings", "path": ["monitoring", "ca52453c", "stdout"], "values": [{"value": "\n", "step": null, "ts": 1724635083.6217406}]}, "version": 1788, "at": 1724635083.6217406}
{"obj": {"type": "LogStrings", "path": ["monitoring", "ca52453c", "stdout"], "values": [{"value": "before threads ", "step": null, "ts": 1724635083.6217406}]}, "version": 1789, "at": 1724635083.6217406}
{"obj": {"type": "LogStrings", "path": ["monitoring", "ca52453c", "stdout"], "values": [{"value": " ", "step": null, "ts": 1724635083.6217406}]}, "version": 1790, "at": 1724635083.6217406}
{"obj": {"type": "LogStrings", "path": ["monitoring", "ca52453c", "stdout"], "values": [{"value": "0", "step": null, "ts": 1724635083.6217406}]}, "version": 1791, "at": 1724635083.6227398}
{"obj": {"type": "LogStrings", "path": ["monitoring", "ca52453c", "stdout"], "values": [{"value": "\n", "step": null, "ts": 1724635083.6227398}]}, "version": 1792, "at": 1724635083.6227398}
{"obj": {"type": "LogStrings", "path": ["monitoring", "ca52453c", "stdout"], "values": [{"value": "drone 2 ", "step": null, "ts": 1724635083.6227398}]}, "version": 1793, "at": 1724635083.6227398}
{"obj": {"type": "LogStrings", "path": ["monitoring", "ca52453c", "stdout"], "values": [{"value": " ", "step": null, "ts": 1724635083.6227398}]}, "version": 1794, "at": 1724635083.6227398}
{"obj": {"type": "LogStrings", "path": ["monitoring", "ca52453c", "stdout"], "values": [{"value": "(3, 0, 0)", "step": null, "ts": 1724635083.6237419}]}, "version": 1795, "at": 1724635083.6237419}
{"obj": {"type": "LogStrings", "path": ["monitoring", "ca52453c", "stdout"], "values": [{"value": "\n", "step": null, "ts": 1724635083.6247406}]}, "version": 1796, "at": 1724635083.6247406}
{"obj": {"type": "LogStrings", "path": ["monitoring", "ca52453c", "stdout"], "values": [{"value": "action ", "step": null, "ts": 1724635083.6247406}]}, "version": 1797, "at": 1724635083.6247406}
{"obj": {"type": "LogStrings", "path": ["monitoring", "ca52453c", "stdout"], "values": [{"value": " ", "step": null, "ts": 1724635083.6247406}]}, "version": 1798, "at": 1724635083.6247406}
{"obj": {"type": "LogStrings", "path": ["monitoring", "ca52453c", "stdout"], "values": [{"value": "62", "step": null, "ts": 1724635083.6257398}]}, "version": 1799, "at": 1724635083.6257398}
{"obj": {"type": "LogStrings", "path": ["monitoring", "ca52453c", "stdout"], "values": [{"value": "\n", "step": null, "ts": 1724635083.6257398}]}, "version": 1800, "at": 1724635083.6257398}
{"obj": {"type": "LogStrings", "path": ["monitoring", "ca52453c", "stdout"], "values": [{"value": "Found 1 cylinders in image", "step": null, "ts": 1724635083.73475}]}, "version": 1801, "at": 1724635083.73475}
{"obj": {"type": "LogStrings", "path": ["monitoring", "ca52453c", "stdout"], "values": [{"value": "\n", "step": null, "ts": 1724635083.7383134}]}, "version": 1802, "at": 1724635083.7383134}
{"obj": {"type": "LogStrings", "path": ["monitoring", "ca52453c", "stdout"], "values": [{"value": "new_x = ", "step": null, "ts": 1724635083.742355}]}, "version": 1803, "at": 1724635083.742355}
{"obj": {"type": "LogStrings", "path": ["monitoring", "ca52453c", "stdout"], "values": [{"value": " ", "step": null, "ts": 1724635083.7443497}]}, "version": 1804, "at": 1724635083.7443497}
{"obj": {"type": "LogStrings", "path": ["monitoring", "ca52453c", "stdout"], "values": [{"value": "-0.32950157331547436", "step": null, "ts": 1724635083.7443497}]}, "version": 1805, "at": 1724635083.7443497}
{"obj": {"type": "LogStrings", "path": ["monitoring", "ca52453c", "stdout"], "values": [{"value": " ", "step": null, "ts": 1724635083.7443497}]}, "version": 1806, "at": 1724635083.7458565}
{"obj": {"type": "LogStrings", "path": ["monitoring", "ca52453c", "stdout"], "values": [{"value": " new_y = ", "step": null, "ts": 1724635083.7459595}]}, "version": 1807, "at": 1724635083.7459595}
{"obj": {"type": "LogStrings", "path": ["monitoring", "ca52453c", "stdout"], "values": [{"value": " ", "step": null, "ts": 1724635083.7459595}]}, "version": 1808, "at": 1724635083.7459595}
{"obj": {"type": "LogStrings", "path": ["monitoring", "ca52453c", "stdout"], "values": [{"value": "0.4693495674998207", "step": null, "ts": 1724635083.7459595}]}, "version": 1809, "at": 1724635083.7459595}
{"obj": {"type": "LogStrings", "path": ["monitoring", "ca52453c", "stdout"], "values": [{"value": "\n", "step": null, "ts": 1724635083.7459595}]}, "version": 1810, "at": 1724635083.7459595}
{"obj": {"type": "LogStrings", "path": ["monitoring", "ca52453c", "stdout"], "values": [{"value": "Drone1 moved with speed vector [-0.32950157331547436, 0.4693495674998207, 0] with duration 1", "step": null, "ts": 1724635084.7745507}]}, "version": 1811, "at": 1724635084.7745507}
{"obj": {"type": "LogStrings", "path": ["monitoring", "ca52453c", "stdout"], "values": [{"value": "\n", "step": null, "ts": 1724635084.7765963}]}, "version": 1812, "at": 1724635084.7765963}
{"obj": {"type": "LogStrings", "path": ["monitoring", "ca52453c", "stdout"], "values": [{"value": "Collision detected for drone Drone1", "step": null, "ts": 1724635084.7765963}]}, "version": 1813, "at": 1724635084.777605}
{"obj": {"type": "LogStrings", "path": ["monitoring", "ca52453c", "stdout"], "values": [{"value": "\n", "step": null, "ts": 1724635084.777789}]}, "version": 1814, "at": 1724635084.777789}
{"obj": {"type": "LogStrings", "path": ["monitoring", "ca52453c", "stdout"], "values": [{"value": "Nom de l'objet: beam_metal_window_divider_4x1129", "step": null, "ts": 1724635084.778795}]}, "version": 1815, "at": 1724635084.778795}
{"obj": {"type": "LogStrings", "path": ["monitoring", "ca52453c", "stdout"], "values": [{"value": "\n", "step": null, "ts": 1724635084.778795}]}, "version": 1816, "at": 1724635084.778795}
{"obj": {"type": "LogStrings", "path": ["monitoring", "ca52453c", "stdout"], "values": [{"value": "rc=-50 , rfov=0 , rd=1.0000869037167657 , rdir = 0.10088029861450197 , robs= 0 , r_v=-0.027607598257561886 , r_ang= -1.0567454984275548 , rf=0 ", "step": null, "ts": 1724635084.7797952}]}, "version": 1817, "at": 1724635084.7797952}
{"obj": {"type": "LogStrings", "path": ["monitoring", "ca52453c", "stdout"], "values": [{"value": "\n", "step": null, "ts": 1724635084.7797952}]}, "version": 1818, "at": 1724635084.7797952}
{"obj": {"type": "LogStrings", "path": ["monitoring", "ca52453c", "stdout"], "values": [{"value": "next state ", "step": null, "ts": 1724635084.7797952}]}, "version": 1819, "at": 1724635084.7797952}
{"obj": {"type": "LogStrings", "path": ["monitoring", "ca52453c", "stdout"], "values": [{"value": " ", "step": null, "ts": 1724635084.7797952}]}, "version": 1820, "at": 1724635084.7797952}
{"obj": {"type": "LogStrings", "path": ["monitoring", "ca52453c", "stdout"], "values": [{"value": "[7.510527696770926e-06, -2.0430581506817915e-16, -0.0353581428527832, 0.0, 0.0, 0.0016203541308641434, 0.10672012976193658, 0.10715464834576387, 0.000781249962747097, 0.001244338471212505, 0.000781249962747097, 0.0013950522740681964, 0.000781249962747097, 0.0010045359164108465, 15.044014930725098, 15.044014930725098, 15.044014930725098, 15.044014930725098, 15.044014930725098, 15.044014930725098, 15.044014930725098, 15.044014930725098, 15.044014930725098]", "step": null, "ts": 1724635084.7797952}]}, "version": 1821, "at": 1724635084.7797952}
{"obj": {"type": "LogStrings", "path": ["monitoring", "ca52453c", "stdout"], "values": [{"value": "\n", "step": null, "ts": 1724635084.781798}]}, "version": 1822, "at": 1724635084.781798}
{"obj": {"type": "LogStrings", "path": ["monitoring", "ca52453c", "stdout"], "values": [{"value": "Drone2 moved with speed vector [3, 0, 0] with duration 2", "step": null, "ts": 1724635085.687936}]}, "version": 1823, "at": 1724635085.687936}
{"obj": {"type": "LogStrings", "path": ["monitoring", "ca52453c", "stdout"], "values": [{"value": "\n", "step": null, "ts": 1724635085.687936}]}, "version": 1824, "at": 1724635085.6889358}
{"obj": {"type": "LogStrings", "path": ["monitoring", "ca52453c", "stdout"], "values": [{"value": "drone 2 ", "step": null, "ts": 1724635085.6889358}]}, "version": 1825, "at": 1724635085.6889358}
{"obj": {"type": "LogStrings", "path": ["monitoring", "ca52453c", "stdout"], "values": [{"value": " ", "step": null, "ts": 1724635085.6899335}]}, "version": 1826, "at": 1724635085.6899335}
{"obj": {"type": "LogStrings", "path": ["monitoring", "ca52453c", "stdout"], "values": [{"value": "(3, 2, 0)", "step": null, "ts": 1724635085.6899335}]}, "version": 1827, "at": 1724635085.6899335}
{"obj": {"type": "LogStrings", "path": ["monitoring", "ca52453c", "stdout"], "values": [{"value": "\n", "step": null, "ts": 1724635085.6909342}]}, "version": 1828, "at": 1724635085.6909342}
{"obj": {"type": "LogStrings", "path": ["monitoring", "ca52453c", "stdout"], "values": [{"value": "Drone2 moved with speed vector [3, 2, 0] with duration 2", "step": null, "ts": 1724635087.727913}]}, "version": 1829, "at": 1724635087.727913}
{"obj": {"type": "LogStrings", "path": ["monitoring", "ca52453c", "stdout"], "values": [{"value": "\n", "step": null, "ts": 1724635087.727913}]}, "version": 1830, "at": 1724635087.727913}
{"obj": {"type": "LogStrings", "path": ["monitoring", "ca52453c", "stdout"], "values": [{"value": "drone 2 ", "step": null, "ts": 1724635087.727913}]}, "version": 1831, "at": 1724635087.727913}
{"obj": {"type": "LogStrings", "path": ["monitoring", "ca52453c", "stdout"], "values": [{"value": " ", "step": null, "ts": 1724635087.7289186}]}, "version": 1832, "at": 1724635087.7289186}
{"obj": {"type": "LogStrings", "path": ["monitoring", "ca52453c", "stdout"], "values": [{"value": "(6, 0, 0)", "step": null, "ts": 1724635087.7289186}]}, "version": 1833, "at": 1724635087.7289186}
{"obj": {"type": "LogStrings", "path": ["monitoring", "ca52453c", "stdout"], "values": [{"value": "\n", "step": null, "ts": 1724635087.7289186}]}, "version": 1834, "at": 1724635087.7289186}
{"obj": {"type": "LogStrings", "path": ["monitoring", "ca52453c", "stdout"], "values": [{"value": "Drone2 moved with speed vector [6, 0, 0] with duration 2", "step": null, "ts": 1724635089.7815244}]}, "version": 1835, "at": 1724635089.7825227}
{"obj": {"type": "LogStrings", "path": ["monitoring", "ca52453c", "stdout"], "values": [{"value": "\n", "step": null, "ts": 1724635089.7825227}]}, "version": 1836, "at": 1724635089.7825227}
{"obj": {"type": "LogStrings", "path": ["monitoring", "ca52453c", "stdout"], "values": [{"value": "drone 2 ", "step": null, "ts": 1724635089.7825227}]}, "version": 1837, "at": 1724635089.7825227}
{"obj": {"type": "LogStrings", "path": ["monitoring", "ca52453c", "stdout"], "values": [{"value": " ", "step": null, "ts": 1724635089.7835224}]}, "version": 1838, "at": 1724635089.7835224}
{"obj": {"type": "LogStrings", "path": ["monitoring", "ca52453c", "stdout"], "values": [{"value": "(6, -4, 0)", "step": null, "ts": 1724635089.7835224}]}, "version": 1839, "at": 1724635089.7835224}
{"obj": {"type": "LogStrings", "path": ["monitoring", "ca52453c", "stdout"], "values": [{"value": "\n", "step": null, "ts": 1724635089.7835224}]}, "version": 1840, "at": 1724635089.7835224}
{"obj": {"type": "LogStrings", "path": ["monitoring", "ca52453c", "stdout"], "values": [{"value": "Drone2 moved with speed vector [6, -4, 0] with duration 2", "step": null, "ts": 1724635091.8202062}]}, "version": 1841, "at": 1724635091.8202062}
{"obj": {"type": "LogStrings", "path": ["monitoring", "ca52453c", "stdout"], "values": [{"value": "\n", "step": null, "ts": 1724635091.8212085}]}, "version": 1842, "at": 1724635091.8212085}
{"obj": {"type": "LogStrings", "path": ["monitoring", "ca52453c", "stdout"], "values": [{"value": "drone 2 ", "step": null, "ts": 1724635091.8212085}]}, "version": 1843, "at": 1724635091.8212085}
{"obj": {"type": "LogStrings", "path": ["monitoring", "ca52453c", "stdout"], "values": [{"value": " ", "step": null, "ts": 1724635091.8212085}]}, "version": 1844, "at": 1724635091.8212085}
{"obj": {"type": "LogStrings", "path": ["monitoring", "ca52453c", "stdout"], "values": [{"value": "(12, 0, 0)", "step": null, "ts": 1724635091.8222132}]}, "version": 1845, "at": 1724635091.8222132}
{"obj": {"type": "LogStrings", "path": ["monitoring", "ca52453c", "stdout"], "values": [{"value": "\n", "step": null, "ts": 1724635091.8222132}]}, "version": 1846, "at": 1724635091.8222132}
{"obj": {"type": "LogFloats", "path": ["monitoring", "ca52453c", "cpu"], "values": [{"value": 13.9, "step": null, "ts": 1724635093.5167387}]}, "version": 1847, "at": 1724635093.5326858}
{"obj": {"type": "LogFloats", "path": ["monitoring", "ca52453c", "memory"], "values": [{"value": 13.056488037109375, "step": null, "ts": 1724635093.5167387}]}, "version": 1848, "at": 1724635093.5326858}
{"obj": {"type": "LogFloats", "path": ["monitoring", "ca52453c", "gpu"], "values": [{"value": 50.0, "step": null, "ts": 1724635093.5167387}]}, "version": 1849, "at": 1724635093.5326858}
{"obj": {"type": "LogFloats", "path": ["monitoring", "ca52453c", "gpu_memory"], "values": [{"value": 1.3741188049316406, "step": null, "ts": 1724635093.5167387}]}, "version": 1850, "at": 1724635093.5326858}
{"obj": {"type": "LogFloats", "path": ["monitoring", "ca52453c", "gpu_power"], "values": [{"value": 13.046, "step": null, "ts": 1724635093.5167387}]}, "version": 1851, "at": 1724635093.5326858}
{"obj": {"type": "LogStrings", "path": ["monitoring", "ca52453c", "stdout"], "values": [{"value": "Drone2 moved with speed vector [12, 0, 0] with duration 2", "step": null, "ts": 1724635093.8575668}]}, "version": 1852, "at": 1724635093.8575668}
{"obj": {"type": "LogStrings", "path": ["monitoring", "ca52453c", "stdout"], "values": [{"value": "\n", "step": null, "ts": 1724635093.8575668}]}, "version": 1853, "at": 1724635093.8575668}
{"obj": {"type": "LogStrings", "path": ["monitoring", "ca52453c", "stdout"], "values": [{"value": "drone 2 ", "step": null, "ts": 1724635093.8575668}]}, "version": 1854, "at": 1724635093.858567}
{"obj": {"type": "LogStrings", "path": ["monitoring", "ca52453c", "stdout"], "values": [{"value": " ", "step": null, "ts": 1724635093.858567}]}, "version": 1855, "at": 1724635093.858567}
{"obj": {"type": "LogStrings", "path": ["monitoring", "ca52453c", "stdout"], "values": [{"value": "(3, 2, 0)", "step": null, "ts": 1724635093.859568}]}, "version": 1856, "at": 1724635093.859568}
{"obj": {"type": "LogStrings", "path": ["monitoring", "ca52453c", "stdout"], "values": [{"value": "\n", "step": null, "ts": 1724635093.859568}]}, "version": 1857, "at": 1724635093.859568}
{"obj": {"type": "LogStrings", "path": ["monitoring", "ca52453c", "stdout"], "values": [{"value": "Drone2 moved with speed vector [3, 2, 0] with duration 2", "step": null, "ts": 1724635095.901147}]}, "version": 1858, "at": 1724635095.901147}
{"obj": {"type": "LogStrings", "path": ["monitoring", "ca52453c", "stdout"], "values": [{"value": "\n", "step": null, "ts": 1724635095.901147}]}, "version": 1859, "at": 1724635095.901147}
{"obj": {"type": "LogStrings", "path": ["monitoring", "ca52453c", "stdout"], "values": [{"value": "drone 2 ", "step": null, "ts": 1724635095.9022088}]}, "version": 1860, "at": 1724635095.9022088}
{"obj": {"type": "LogStrings", "path": ["monitoring", "ca52453c", "stdout"], "values": [{"value": " ", "step": null, "ts": 1724635095.9031465}]}, "version": 1861, "at": 1724635095.9031465}
{"obj": {"type": "LogStrings", "path": ["monitoring", "ca52453c", "stdout"], "values": [{"value": "(6, 0, 0)", "step": null, "ts": 1724635095.9041457}]}, "version": 1862, "at": 1724635095.9041457}
{"obj": {"type": "LogStrings", "path": ["monitoring", "ca52453c", "stdout"], "values": [{"value": "\n", "step": null, "ts": 1724635095.9041457}]}, "version": 1863, "at": 1724635095.9041457}
{"obj": {"type": "LogStrings", "path": ["monitoring", "ca52453c", "stdout"], "values": [{"value": "Drone2 moved with speed vector [6, 0, 0] with duration 2", "step": null, "ts": 1724635097.9199076}]}, "version": 1864, "at": 1724635097.9199076}
{"obj": {"type": "LogStrings", "path": ["monitoring", "ca52453c", "stdout"], "values": [{"value": "\n", "step": null, "ts": 1724635097.9208868}]}, "version": 1865, "at": 1724635097.9208868}
{"obj": {"type": "LogStrings", "path": ["monitoring", "ca52453c", "stdout"], "values": [{"value": "drone 2 ", "step": null, "ts": 1724635097.9208868}]}, "version": 1866, "at": 1724635097.9208868}
{"obj": {"type": "LogStrings", "path": ["monitoring", "ca52453c", "stdout"], "values": [{"value": " ", "step": null, "ts": 1724635097.921887}]}, "version": 1867, "at": 1724635097.921887}
{"obj": {"type": "LogStrings", "path": ["monitoring", "ca52453c", "stdout"], "values": [{"value": "(6, -4, 0)", "step": null, "ts": 1724635097.9228864}]}, "version": 1868, "at": 1724635097.9228864}
{"obj": {"type": "LogStrings", "path": ["monitoring", "ca52453c", "stdout"], "values": [{"value": "\n", "step": null, "ts": 1724635097.923886}]}, "version": 1869, "at": 1724635097.923886}
{"obj": {"type": "LogStrings", "path": ["monitoring", "ca52453c", "stdout"], "values": [{"value": "Drone2 moved with speed vector [6, -4, 0] with duration 2", "step": null, "ts": 1724635099.9408317}]}, "version": 1870, "at": 1724635099.9408317}
{"obj": {"type": "LogStrings", "path": ["monitoring", "ca52453c", "stdout"], "values": [{"value": "\n", "step": null, "ts": 1724635099.941942}]}, "version": 1871, "at": 1724635099.941942}
{"obj": {"type": "LogStrings", "path": ["monitoring", "ca52453c", "stdout"], "values": [{"value": "drone 2 ", "step": null, "ts": 1724635099.941942}]}, "version": 1872, "at": 1724635099.941942}
{"obj": {"type": "LogStrings", "path": ["monitoring", "ca52453c", "stdout"], "values": [{"value": " ", "step": null, "ts": 1724635099.941942}]}, "version": 1873, "at": 1724635099.941942}
{"obj": {"type": "LogStrings", "path": ["monitoring", "ca52453c", "stdout"], "values": [{"value": "(9, 0, 0)", "step": null, "ts": 1724635099.941942}]}, "version": 1874, "at": 1724635099.941942}
{"obj": {"type": "LogStrings", "path": ["monitoring", "ca52453c", "stdout"], "values": [{"value": "\n", "step": null, "ts": 1724635099.941942}]}, "version": 1875, "at": 1724635099.941942}
{"obj": {"type": "LogStrings", "path": ["monitoring", "ca52453c", "stdout"], "values": [{"value": "Drone2 moved with speed vector [9, 0, 0] with duration 2", "step": null, "ts": 1724635101.9589014}]}, "version": 1876, "at": 1724635101.9598212}
{"obj": {"type": "LogStrings", "path": ["monitoring", "ca52453c", "stdout"], "values": [{"value": "\n", "step": null, "ts": 1724635101.9598212}]}, "version": 1877, "at": 1724635101.9598212}
{"obj": {"type": "LogStrings", "path": ["monitoring", "ca52453c", "stdout"], "values": [{"value": "drone 2 ", "step": null, "ts": 1724635101.9598212}]}, "version": 1878, "at": 1724635101.9598212}
{"obj": {"type": "LogStrings", "path": ["monitoring", "ca52453c", "stdout"], "values": [{"value": " ", "step": null, "ts": 1724635101.9598212}]}, "version": 1879, "at": 1724635101.9598212}
{"obj": {"type": "LogStrings", "path": ["monitoring", "ca52453c", "stdout"], "values": [{"value": "(0, 0, 0)", "step": null, "ts": 1724635101.9598212}]}, "version": 1880, "at": 1724635101.9598212}
{"obj": {"type": "LogStrings", "path": ["monitoring", "ca52453c", "stdout"], "values": [{"value": "\n", "step": null, "ts": 1724635101.9598212}]}, "version": 1881, "at": 1724635101.9598212}
{"obj": {"type": "LogFloats", "path": ["monitoring", "ca52453c", "cpu"], "values": [{"value": 12.6, "step": null, "ts": 1724635103.5416284}]}, "version": 1882, "at": 1724635103.549013}
{"obj": {"type": "LogFloats", "path": ["monitoring", "ca52453c", "memory"], "values": [{"value": 13.017269134521484, "step": null, "ts": 1724635103.5416284}]}, "version": 1883, "at": 1724635103.549013}
{"obj": {"type": "LogFloats", "path": ["monitoring", "ca52453c", "gpu_memory"], "values": [{"value": 1.3741188049316406, "step": null, "ts": 1724635103.5416284}]}, "version": 1884, "at": 1724635103.549013}
{"obj": {"type": "LogFloats", "path": ["monitoring", "ca52453c", "gpu_power"], "values": [{"value": 5.953, "step": null, "ts": 1724635103.5416284}]}, "version": 1885, "at": 1724635103.549013}
{"obj": {"type": "LogStrings", "path": ["monitoring", "ca52453c", "stdout"], "values": [{"value": "Drone2 moved with speed vector [0, 0, 0] with duration 2", "step": null, "ts": 1724635103.9769518}]}, "version": 1886, "at": 1724635103.9769518}
{"obj": {"type": "LogStrings", "path": ["monitoring", "ca52453c", "stdout"], "values": [{"value": "\n", "step": null, "ts": 1724635103.9769518}]}, "version": 1887, "at": 1724635103.9769518}
{"obj": {"type": "LogStrings", "path": ["monitoring", "ca52453c", "traceback"], "values": [{"value": "An uncaught exception occurred while run was active on worker LAPTOP-IESB2RHE.", "step": null, "ts": 1724635103.9780626}, {"value": "Marking run as failed", "step": null, "ts": 1724635103.9780626}, {"value": "Traceback:", "step": null, "ts": 1724635103.9780626}, {"value": "  File \"C:\\Users\\tkamy\\OneDrive\\Bureau\\DQN\\PFE-Efficient-tracking-and-collision-avoidance-system-in-UAV\\RL\\apps\\train_dqn.py\", line 168, in <module>\n    main()\n", "step": null, "ts": 1724635103.9780626}, {"value": "  File \"C:\\Users\\tkamy\\OneDrive\\Bureau\\DQN\\PFE-Efficient-tracking-and-collision-avoidance-system-in-UAV\\RL\\apps\\train_dqn.py\", line 129, in main\n    drone_thread.join()\n", "step": null, "ts": 1724635103.9780626}, {"value": "  File \"C:\\Users\\tkamy\\AppData\\Local\\Programs\\Python\\Python312\\Lib\\threading.py\", line 1147, in join\n    self._wait_for_tstate_lock()\n", "step": null, "ts": 1724635103.9780626}, {"value": "  File \"C:\\Users\\tkamy\\AppData\\Local\\Programs\\Python\\Python312\\Lib\\threading.py\", line 1167, in _wait_for_tstate_lock\n    if lock.acquire(block, timeout):\n       ^^^^^^^^^^^^^^^^^^^^^^^^^^^^\n", "step": null, "ts": 1724635103.9780626}, {"value": "", "step": null, "ts": 1724635103.9780626}]}, "version": 1888, "at": 1724635103.9780626}
{"obj": {"type": "AssignBool", "path": ["sys", "failed"], "value": true}, "version": 1889, "at": 1724635103.978694}
{"obj": {"type": "LogStrings", "path": ["monitoring", "ca52453c", "stderr"], "values": [{"value": "", "step": null, "ts": 1724635103.9788892}]}, "version": 1890, "at": 1724635103.9788892}
{"obj": {"type": "LogStrings", "path": ["monitoring", "ca52453c", "stderr"], "values": [{"value": "Traceback (most recent call last):\n", "step": null, "ts": 1724635103.9788892}]}, "version": 1891, "at": 1724635103.9788892}
{"obj": {"type": "LogStrings", "path": ["monitoring", "ca52453c", "stderr"], "values": [{"value": "", "step": null, "ts": 1724635103.9788892}]}, "version": 1892, "at": 1724635103.9788892}
{"obj": {"type": "LogStrings", "path": ["monitoring", "ca52453c", "stderr"], "values": [{"value": "  File \"C:\\Users\\tkamy\\OneDrive\\Bureau\\DQN\\PFE-Efficient-tracking-and-collision-avoidance-system-in-UAV\\RL\\apps\\train_dqn.py\", line 168, in <module>\n", "step": null, "ts": 1724635103.9788892}]}, "version": 1893, "at": 1724635103.9788892}
{"obj": {"type": "LogStrings", "path": ["monitoring", "ca52453c", "stderr"], "values": [{"value": "", "step": null, "ts": 1724635103.979729}]}, "version": 1894, "at": 1724635103.979729}
{"obj": {"type": "LogStrings", "path": ["monitoring", "ca52453c", "stderr"], "values": [{"value": "    ", "step": null, "ts": 1724635103.979729}]}, "version": 1895, "at": 1724635103.979729}
{"obj": {"type": "LogStrings", "path": ["monitoring", "ca52453c", "stderr"], "values": [{"value": "main()", "step": null, "ts": 1724635103.979729}]}, "version": 1896, "at": 1724635103.979729}
{"obj": {"type": "LogStrings", "path": ["monitoring", "ca52453c", "stderr"], "values": [{"value": "\n", "step": null, "ts": 1724635103.979729}]}, "version": 1897, "at": 1724635103.979729}
{"obj": {"type": "LogStrings", "path": ["monitoring", "ca52453c", "stderr"], "values": [{"value": "", "step": null, "ts": 1724635103.979729}]}, "version": 1898, "at": 1724635103.979729}
{"obj": {"type": "LogStrings", "path": ["monitoring", "ca52453c", "stderr"], "values": [{"value": "  File \"C:\\Users\\tkamy\\OneDrive\\Bureau\\DQN\\PFE-Efficient-tracking-and-collision-avoidance-system-in-UAV\\RL\\apps\\train_dqn.py\", line 129, in main\n", "step": null, "ts": 1724635103.979729}]}, "version": 1899, "at": 1724635103.979729}
{"obj": {"type": "LogStrings", "path": ["monitoring", "ca52453c", "stderr"], "values": [{"value": "", "step": null, "ts": 1724635103.979729}]}, "version": 1900, "at": 1724635103.979729}
{"obj": {"type": "LogStrings", "path": ["monitoring", "ca52453c", "stderr"], "values": [{"value": "    ", "step": null, "ts": 1724635103.979729}]}, "version": 1901, "at": 1724635103.979729}
{"obj": {"type": "LogStrings", "path": ["monitoring", "ca52453c", "stderr"], "values": [{"value": "drone_thread.join()", "step": null, "ts": 1724635103.9807026}]}, "version": 1902, "at": 1724635103.9807026}
{"obj": {"type": "LogStrings", "path": ["monitoring", "ca52453c", "stderr"], "values": [{"value": "\n", "step": null, "ts": 1724635103.9807026}]}, "version": 1903, "at": 1724635103.9807026}
{"obj": {"type": "LogStrings", "path": ["monitoring", "ca52453c", "stderr"], "values": [{"value": "", "step": null, "ts": 1724635103.9807026}]}, "version": 1904, "at": 1724635103.9807026}
{"obj": {"type": "LogStrings", "path": ["monitoring", "ca52453c", "stderr"], "values": [{"value": "  File \"C:\\Users\\tkamy\\AppData\\Local\\Programs\\Python\\Python312\\Lib\\threading.py\", line 1147, in join\n", "step": null, "ts": 1724635103.9807026}]}, "version": 1905, "at": 1724635103.9807026}
{"obj": {"type": "LogStrings", "path": ["monitoring", "ca52453c", "stderr"], "values": [{"value": "", "step": null, "ts": 1724635103.9807026}]}, "version": 1906, "at": 1724635103.9807026}
{"obj": {"type": "LogStrings", "path": ["monitoring", "ca52453c", "stderr"], "values": [{"value": "    ", "step": null, "ts": 1724635103.9807026}]}, "version": 1907, "at": 1724635103.9807026}
{"obj": {"type": "LogStrings", "path": ["monitoring", "ca52453c", "stderr"], "values": [{"value": "self._wait_for_tstate_lock()", "step": null, "ts": 1724635103.9807026}]}, "version": 1908, "at": 1724635103.9807026}
{"obj": {"type": "LogStrings", "path": ["monitoring", "ca52453c", "stderr"], "values": [{"value": "\n", "step": null, "ts": 1724635103.9817035}]}, "version": 1909, "at": 1724635103.9817035}
{"obj": {"type": "LogStrings", "path": ["monitoring", "ca52453c", "stderr"], "values": [{"value": "", "step": null, "ts": 1724635103.9817035}]}, "version": 1910, "at": 1724635103.9817035}
{"obj": {"type": "LogStrings", "path": ["monitoring", "ca52453c", "stderr"], "values": [{"value": "  File \"C:\\Users\\tkamy\\AppData\\Local\\Programs\\Python\\Python312\\Lib\\threading.py\", line 1167, in _wait_for_tstate_lock\n", "step": null, "ts": 1724635103.9817035}]}, "version": 1911, "at": 1724635103.9817035}
{"obj": {"type": "LogStrings", "path": ["monitoring", "ca52453c", "stderr"], "values": [{"value": "", "step": null, "ts": 1724635103.9817035}]}, "version": 1912, "at": 1724635103.9817035}
{"obj": {"type": "LogStrings", "path": ["monitoring", "ca52453c", "stderr"], "values": [{"value": "    ", "step": null, "ts": 1724635103.9817035}]}, "version": 1913, "at": 1724635103.9817035}
{"obj": {"type": "LogStrings", "path": ["monitoring", "ca52453c", "stderr"], "values": [{"value": "if lock.acquire(block, timeout):", "step": null, "ts": 1724635103.9817035}]}, "version": 1914, "at": 1724635103.9817035}
{"obj": {"type": "LogStrings", "path": ["monitoring", "ca52453c", "stderr"], "values": [{"value": "\n", "step": null, "ts": 1724635103.9827013}]}, "version": 1915, "at": 1724635103.9827013}
{"obj": {"type": "LogStrings", "path": ["monitoring", "ca52453c", "stderr"], "values": [{"value": "", "step": null, "ts": 1724635103.9827013}]}, "version": 1916, "at": 1724635103.9827013}
{"obj": {"type": "LogStrings", "path": ["monitoring", "ca52453c", "stderr"], "values": [{"value": " ", "step": null, "ts": 1724635103.9827013}]}, "version": 1917, "at": 1724635103.9827013}
{"obj": {"type": "LogStrings", "path": ["monitoring", "ca52453c", "stderr"], "values": [{"value": " ", "step": null, "ts": 1724635103.9827013}]}, "version": 1918, "at": 1724635103.9827013}
{"obj": {"type": "LogStrings", "path": ["monitoring", "ca52453c", "stderr"], "values": [{"value": " ", "step": null, "ts": 1724635103.9827013}]}, "version": 1919, "at": 1724635103.9827013}
{"obj": {"type": "LogStrings", "path": ["monitoring", "ca52453c", "stderr"], "values": [{"value": " ", "step": null, "ts": 1724635103.9827013}]}, "version": 1920, "at": 1724635103.9827013}
{"obj": {"type": "LogStrings", "path": ["monitoring", "ca52453c", "stderr"], "values": [{"value": " ", "step": null, "ts": 1724635103.9827013}]}, "version": 1921, "at": 1724635103.9827013}
{"obj": {"type": "LogStrings", "path": ["monitoring", "ca52453c", "stderr"], "values": [{"value": " ", "step": null, "ts": 1724635103.9827013}]}, "version": 1922, "at": 1724635103.9827013}
{"obj": {"type": "LogStrings", "path": ["monitoring", "ca52453c", "stderr"], "values": [{"value": " ", "step": null, "ts": 1724635103.9827013}]}, "version": 1923, "at": 1724635103.9827013}
{"obj": {"type": "LogStrings", "path": ["monitoring", "ca52453c", "stderr"], "values": [{"value": "^", "step": null, "ts": 1724635103.9827013}]}, "version": 1924, "at": 1724635103.9827013}
{"obj": {"type": "LogStrings", "path": ["monitoring", "ca52453c", "stderr"], "values": [{"value": "^", "step": null, "ts": 1724635103.9827013}]}, "version": 1925, "at": 1724635103.9827013}
{"obj": {"type": "LogStrings", "path": ["monitoring", "ca52453c", "stderr"], "values": [{"value": "^", "step": null, "ts": 1724635103.9827013}]}, "version": 1926, "at": 1724635103.9827013}
{"obj": {"type": "LogStrings", "path": ["monitoring", "ca52453c", "stderr"], "values": [{"value": "^", "step": null, "ts": 1724635103.9827013}]}, "version": 1927, "at": 1724635103.9827013}
{"obj": {"type": "LogStrings", "path": ["monitoring", "ca52453c", "stderr"], "values": [{"value": "^", "step": null, "ts": 1724635103.9827013}]}, "version": 1928, "at": 1724635103.9827013}
{"obj": {"type": "LogStrings", "path": ["monitoring", "ca52453c", "stderr"], "values": [{"value": "^", "step": null, "ts": 1724635103.983706}]}, "version": 1929, "at": 1724635103.983706}
{"obj": {"type": "LogStrings", "path": ["monitoring", "ca52453c", "stderr"], "values": [{"value": "^", "step": null, "ts": 1724635103.983706}]}, "version": 1930, "at": 1724635103.983706}
{"obj": {"type": "LogStrings", "path": ["monitoring", "ca52453c", "stderr"], "values": [{"value": "^", "step": null, "ts": 1724635103.983706}]}, "version": 1931, "at": 1724635103.983706}
{"obj": {"type": "LogStrings", "path": ["monitoring", "ca52453c", "stderr"], "values": [{"value": "^", "step": null, "ts": 1724635103.983706}]}, "version": 1932, "at": 1724635103.983706}
{"obj": {"type": "LogStrings", "path": ["monitoring", "ca52453c", "stderr"], "values": [{"value": "^", "step": null, "ts": 1724635103.983706}]}, "version": 1933, "at": 1724635103.983706}
{"obj": {"type": "LogStrings", "path": ["monitoring", "ca52453c", "stderr"], "values": [{"value": "^", "step": null, "ts": 1724635103.983706}]}, "version": 1934, "at": 1724635103.983706}
{"obj": {"type": "LogStrings", "path": ["monitoring", "ca52453c", "stderr"], "values": [{"value": "^", "step": null, "ts": 1724635103.983706}]}, "version": 1935, "at": 1724635103.983706}
{"obj": {"type": "LogStrings", "path": ["monitoring", "ca52453c", "stderr"], "values": [{"value": "^", "step": null, "ts": 1724635103.983706}]}, "version": 1936, "at": 1724635103.983706}
{"obj": {"type": "LogStrings", "path": ["monitoring", "ca52453c", "stderr"], "values": [{"value": "^", "step": null, "ts": 1724635103.9847038}]}, "version": 1937, "at": 1724635103.9847038}
{"obj": {"type": "LogStrings", "path": ["monitoring", "ca52453c", "stderr"], "values": [{"value": "^", "step": null, "ts": 1724635103.9847038}]}, "version": 1938, "at": 1724635103.9847038}
{"obj": {"type": "LogStrings", "path": ["monitoring", "ca52453c", "stderr"], "values": [{"value": "^", "step": null, "ts": 1724635103.9847038}]}, "version": 1939, "at": 1724635103.9847038}
{"obj": {"type": "LogStrings", "path": ["monitoring", "ca52453c", "stderr"], "values": [{"value": "^", "step": null, "ts": 1724635103.9847038}]}, "version": 1940, "at": 1724635103.9847038}
{"obj": {"type": "LogStrings", "path": ["monitoring", "ca52453c", "stdout"], "values": [{"value": "[neptune] [info   ] Shutting down background jobs, please wait a moment...\n", "step": null, "ts": 1724635103.9857414}]}, "version": 1941, "at": 1724635103.9857414}
{"obj": {"type": "LogStrings", "path": ["monitoring", "ca52453c", "stderr"], "values": [{"value": "^", "step": null, "ts": 1724635103.9857414}]}, "version": 1942, "at": 1724635103.9857414}
{"obj": {"type": "LogStrings", "path": ["monitoring", "ca52453c", "stderr"], "values": [{"value": "^", "step": null, "ts": 1724635103.9857414}]}, "version": 1943, "at": 1724635103.9857414}
{"obj": {"type": "LogStrings", "path": ["monitoring", "ca52453c", "stderr"], "values": [{"value": "^", "step": null, "ts": 1724635103.9857414}]}, "version": 1944, "at": 1724635103.9857414}
{"obj": {"type": "LogStrings", "path": ["monitoring", "ca52453c", "stderr"], "values": [{"value": "^", "step": null, "ts": 1724635103.9857414}]}, "version": 1945, "at": 1724635103.9857414}
{"obj": {"type": "LogStrings", "path": ["monitoring", "ca52453c", "stderr"], "values": [{"value": "^", "step": null, "ts": 1724635103.9857414}]}, "version": 1946, "at": 1724635103.9857414}
{"obj": {"type": "LogStrings", "path": ["monitoring", "ca52453c", "stderr"], "values": [{"value": "^", "step": null, "ts": 1724635103.9857414}]}, "version": 1947, "at": 1724635103.9857414}
{"obj": {"type": "LogStrings", "path": ["monitoring", "ca52453c", "stderr"], "values": [{"value": "^", "step": null, "ts": 1724635103.9862533}]}, "version": 1948, "at": 1724635103.9862533}
{"obj": {"type": "LogStrings", "path": ["monitoring", "ca52453c", "stderr"], "values": [{"value": "^", "step": null, "ts": 1724635103.9862533}]}, "version": 1949, "at": 1724635103.9862533}
{"obj": {"type": "LogStrings", "path": ["monitoring", "ca52453c", "stderr"], "values": [{"value": "^", "step": null, "ts": 1724635103.9862533}]}, "version": 1950, "at": 1724635103.9862533}
{"obj": {"type": "LogStrings", "path": ["monitoring", "ca52453c", "stderr"], "values": [{"value": "^", "step": null, "ts": 1724635103.9862533}]}, "version": 1951, "at": 1724635103.9862533}
{"obj": {"type": "LogStrings", "path": ["monitoring", "ca52453c", "stderr"], "values": [{"value": "^", "step": null, "ts": 1724635103.9862533}]}, "version": 1952, "at": 1724635103.9862533}
{"obj": {"type": "LogStrings", "path": ["monitoring", "ca52453c", "stderr"], "values": [{"value": "\n", "step": null, "ts": 1724635103.9862533}]}, "version": 1953, "at": 1724635103.9862533}
{"obj": {"type": "LogStrings", "path": ["monitoring", "ca52453c", "stderr"], "values": [{"value": "", "step": null, "ts": 1724635103.9862533}]}, "version": 1954, "at": 1724635103.9862533}
{"obj": {"type": "LogStrings", "path": ["monitoring", "ca52453c", "stderr"], "values": [{"value": "KeyboardInterrupt", "step": null, "ts": 1724635103.9862533}]}, "version": 1955, "at": 1724635103.9862533}
{"obj": {"type": "LogStrings", "path": ["monitoring", "ca52453c", "stderr"], "values": [{"value": "", "step": null, "ts": 1724635103.9867597}]}, "version": 1956, "at": 1724635103.9867597}
{"obj": {"type": "LogStrings", "path": ["monitoring", "ca52453c", "stderr"], "values": [{"value": "\n", "step": null, "ts": 1724635103.9867597}]}, "version": 1957, "at": 1724635103.9867597}
